student_id,gender,age,parent_education,family_income_band,travel_time_mins,study_hours_per_week,attendance_rate,past_failures,tutoring,internet_access,sleep_hours,screen_time_hours,extracurricular_hours,discipline_incidents,late_submissions,participation_score,quiz_avg,assignment_avg,midterm_score,behavior_label,final_score,performance_label
1,F,16,none,middle,44,6.7,0.889,0,1,1,8.66,4.03,3.19,0,1,32.4,52.4,62.9,47.3,Engaged,60.3,Medium
2,M,15,bachelor,low,10,9.1,0.854,0,0,0,7.66,5.16,3.23,1,1,78.3,56.0,43.6,100.0,Neutral,53.0,Medium
3,F,20,bachelor,middle,15,10.0,0.896,2,0,1,5.57,0.98,4.35,0,1,77.5,52.9,53.9,29.5,At-Risk,43.8,Low
4,F,20,bachelor,middle,55,11.3,0.819,0,0,0,6.64,7.6,4.31,1,3,65.6,48.9,85.0,30.9,At-Risk,47.8,Low
5,M,21,bachelor,high,23,16.7,0.801,1,0,1,8.26,6.16,1.86,0,0,53.2,70.3,54.5,28.0,Engaged,47.4,Low
6,F,22,high_school,high,49,11.6,0.836,0,0,1,6.12,2.91,7.88,0,1,47.6,70.5,80.5,60.1,Engaged,73.0,Medium
7,F,18,high_school,middle,25,1.6,0.814,0,1,1,7.92,4.26,5.3,0,2,53.2,73.2,78.2,69.5,At-Risk,74.9,Medium
8,F,21,high_school,low,26,6.6,1.0,0,0,1,8.56,3.09,0.88,0,1,68.0,72.0,65.3,53.4,Engaged,68.0,Medium
9,M,20,master,middle,17,11.0,0.951,0,0,1,8.36,4.8,2.45,0,1,37.3,54.5,45.3,69.4,Neutral,59.8,Medium
10,M,17,high_school,low,36,16.7,0.763,0,0,1,7.12,4.32,0.0,0,0,71.4,54.5,69.0,69.1,At-Risk,80.3,High
11,M,21,phd,high,42,17.8,1.0,0,1,1,8.4,4.66,2.25,1,0,66.1,82.1,34.2,52.8,Engaged,61.7,Medium
12,F,15,high_school,low,6,20.6,0.817,1,1,0,6.27,2.14,5.55,0,2,84.3,52.6,59.5,68.5,Engaged,61.9,Medium
13,F,19,none,low,17,10.8,0.863,1,0,0,9.88,3.24,7.76,0,1,75.5,52.3,71.9,56.1,Engaged,62.7,Medium
14,F,22,high_school,middle,36,14.6,0.95,0,1,1,7.19,6.49,1.96,1,3,54.2,78.7,81.9,51.8,Engaged,72.0,Medium
15,M,20,none,middle,20,1.3,0.663,0,0,1,8.28,3.13,2.87,0,2,39.6,61.7,65.6,50.0,At-Risk,48.5,Low
16,M,22,bachelor,middle,15,12.6,0.836,0,0,1,6.47,0.0,3.41,1,1,52.7,52.9,58.3,64.7,At-Risk,63.4,Medium
17,F,15,bachelor,low,37,3.5,0.803,0,1,1,7.5,3.9,6.16,1,2,85.7,53.1,57.0,84.4,Neutral,74.1,Medium
18,M,19,high_school,middle,39,9.6,0.881,1,0,1,7.55,9.02,0.23,1,1,69.4,82.2,60.5,35.9,Neutral,65.9,Medium
19,F,21,bachelor,low,15,28.2,0.897,1,0,1,5.79,5.9,7.51,1,1,74.0,72.5,78.0,50.4,Engaged,69.0,Medium
20,F,20,bachelor,low,25,11.8,0.852,1,0,1,5.75,3.03,1.57,0,4,55.6,66.3,73.6,63.3,Neutral,61.7,Medium
21,F,22,master,middle,4,4.8,0.848,0,0,0,6.65,4.1,0.0,1,0,72.3,41.0,67.6,95.1,Engaged,71.3,Medium
22,M,18,master,low,9,12.4,0.967,0,0,0,8.23,5.56,1.57,0,0,42.2,66.3,78.1,68.6,Engaged,84.9,High
23,F,20,bachelor,middle,24,6.9,0.89,1,0,1,4.7,0.69,0.58,0,3,79.0,58.2,68.0,43.7,At-Risk,53.5,Medium
24,F,18,master,low,22,4.2,0.864,0,1,1,6.46,2.49,3.04,0,0,47.7,45.6,46.6,41.5,Neutral,44.6,Low
25,F,21,bachelor,low,7,22.6,0.875,0,0,1,8.47,5.0,0.0,0,0,35.4,51.2,50.2,79.7,Neutral,76.3,High
26,M,15,bachelor,middle,11,16.4,1.0,0,0,0,5.42,7.39,2.48,0,1,98.9,74.5,77.6,53.7,Engaged,64.8,Medium
27,M,17,bachelor,low,6,12.1,0.877,1,1,1,8.4,3.32,3.53,0,0,67.0,84.4,46.0,35.4,Neutral,47.7,Low
28,M,15,none,middle,29,7.6,0.809,0,1,1,5.55,7.33,5.17,0,0,66.6,43.0,61.9,80.3,Neutral,69.5,Medium
29,M,20,bachelor,middle,0,8.1,0.669,3,0,1,5.8,2.69,3.56,1,1,37.0,45.2,66.2,66.2,At-Risk,53.8,Medium
30,F,16,master,low,7,19.3,0.717,0,0,1,6.72,0.0,5.04,0,2,74.3,74.5,51.5,36.1,Engaged,55.4,Medium
31,F,17,none,middle,0,11.8,0.813,0,0,0,9.15,5.69,0.99,0,3,78.3,54.6,41.3,33.2,At-Risk,48.5,Low
32,F,21,master,low,28,0.0,0.849,0,0,1,6.13,5.28,2.99,0,0,62.0,71.9,49.2,16.6,Neutral,47.7,Low
33,M,17,master,middle,0,24.5,0.804,1,0,1,4.82,5.67,0.0,0,0,78.3,54.4,39.0,47.6,Engaged,46.2,Low
34,M,16,high_school,low,22,11.1,0.895,0,0,1,5.22,5.59,1.97,0,3,82.6,72.4,77.8,66.1,Engaged,67.7,Medium
35,M,15,bachelor,middle,47,12.1,0.803,2,0,1,8.02,4.58,2.97,0,2,72.9,37.3,74.4,79.2,Neutral,61.0,Medium
36,M,16,master,middle,47,16.5,0.769,0,0,1,5.27,3.68,3.15,1,0,32.5,71.9,55.8,68.5,At-Risk,67.8,Medium
37,M,22,master,middle,0,12.8,0.921,1,0,0,8.33,3.76,0.0,0,1,47.7,24.2,46.1,33.9,Neutral,43.5,Low
38,M,19,high_school,high,26,14.5,0.997,1,0,1,6.98,3.28,1.42,0,3,90.3,78.7,86.7,54.3,Neutral,65.4,Medium
39,M,22,high_school,low,7,7.5,0.749,0,1,0,6.86,3.4,1.7,0,3,66.2,61.4,75.0,88.6,At-Risk,68.2,Medium
40,F,16,bachelor,high,4,2.6,0.884,1,0,1,7.26,0.58,1.34,0,3,66.3,69.9,58.1,49.8,At-Risk,61.4,Medium
41,M,17,high_school,middle,20,11.7,0.669,0,0,0,5.94,1.77,3.65,0,0,52.5,66.3,87.0,75.4,At-Risk,73.2,Medium
42,F,16,high_school,high,40,18.6,0.713,1,0,1,7.07,3.87,1.77,1,1,55.4,31.3,70.2,72.9,Neutral,50.8,Medium
43,F,18,none,high,31,6.1,0.801,1,0,1,5.47,0.0,2.4,0,3,82.9,86.6,73.1,75.2,At-Risk,61.2,Medium
44,M,19,high_school,high,11,5.6,0.973,0,0,1,8.52,0.18,1.22,1,1,87.5,68.0,51.3,68.6,Engaged,71.5,Medium
45,F,21,bachelor,low,33,17.3,0.782,0,0,1,5.67,3.53,4.33,0,0,77.0,75.6,43.7,75.1,Engaged,66.2,Medium
46,F,17,bachelor,middle,0,7.3,0.778,3,1,1,7.43,3.94,4.48,0,1,73.3,47.6,42.9,30.4,At-Risk,41.6,Low
47,M,21,bachelor,middle,11,7.5,0.864,2,0,1,5.66,3.57,1.58,0,3,74.4,66.3,100.0,90.3,At-Risk,81.9,High
48,M,20,bachelor,middle,10,7.8,0.864,0,0,1,6.26,0.0,7.9,0,1,63.9,38.4,54.8,23.9,At-Risk,44.9,Low
49,F,17,high_school,low,23,9.6,0.781,3,0,1,6.45,7.3,0.67,0,0,46.9,64.7,69.0,66.2,At-Risk,60.4,Medium
50,M,22,high_school,high,19,0.6,1.0,0,0,1,10.0,1.33,4.21,0,1,43.7,45.1,75.4,59.0,Engaged,63.9,Medium
51,M,18,none,low,20,6.8,0.833,0,0,1,6.88,2.56,0.3,1,3,84.7,100.0,67.7,47.5,At-Risk,61.2,Medium
52,M,16,high_school,middle,19,11.4,0.871,0,0,1,5.91,1.68,3.75,1,4,64.5,72.9,65.5,40.5,Neutral,46.2,Low
53,F,22,high_school,middle,22,11.3,0.82,0,0,1,6.37,6.8,3.59,0,2,72.2,86.0,65.2,71.0,At-Risk,85.3,High
54,F,22,high_school,low,30,16.9,0.904,0,0,1,5.09,5.04,0.18,1,3,68.2,57.5,75.7,76.0,Engaged,68.7,Medium
55,F,15,none,middle,24,21.0,0.983,0,1,1,6.7,3.25,1.94,0,0,68.9,69.2,51.4,57.9,Engaged,62.9,Medium
56,F,22,high_school,low,18,19.1,1.0,0,0,1,9.12,3.11,5.94,0,0,70.2,78.3,61.0,54.2,Engaged,62.4,Medium
57,M,22,bachelor,middle,28,15.5,0.784,0,1,1,7.3,4.56,0.57,0,4,75.5,42.7,31.1,85.6,Neutral,60.4,Medium
58,F,21,bachelor,middle,34,9.1,0.97,1,0,1,7.98,1.71,3.0,1,2,53.5,49.9,38.2,51.6,At-Risk,46.2,Low
59,M,17,master,low,14,6.3,0.915,1,0,1,5.81,4.96,2.87,1,1,82.7,79.5,47.2,59.2,Engaged,53.4,Medium
60,M,20,bachelor,middle,21,10.1,0.957,3,0,1,6.66,3.1,2.12,1,2,53.9,58.1,81.7,55.9,At-Risk,56.9,Medium
61,F,19,bachelor,low,39,13.5,0.851,0,0,1,7.14,5.24,0.0,0,2,68.6,48.5,63.6,100.0,Engaged,72.8,Medium
62,M,19,high_school,middle,5,14.9,0.841,1,0,1,6.03,5.17,3.86,1,2,47.3,50.6,79.2,43.2,Engaged,53.7,Medium
63,F,19,bachelor,high,49,13.7,0.954,0,1,1,7.38,3.01,2.22,0,0,62.5,40.0,74.2,76.6,Engaged,76.4,High
64,F,20,none,low,2,9.3,0.955,0,1,1,7.64,0.09,4.41,1,0,55.1,26.7,72.2,26.0,Neutral,63.8,Medium
65,F,19,high_school,middle,17,14.7,1.0,1,0,1,7.55,3.71,2.66,0,0,65.4,31.5,52.9,40.8,Engaged,43.6,Low
66,F,20,high_school,middle,8,17.6,0.88,0,0,1,6.72,1.3,2.33,0,1,76.0,62.8,69.2,53.8,Neutral,62.2,Medium
67,F,19,high_school,middle,55,15.3,0.849,1,1,0,8.21,4.36,2.95,1,2,66.1,74.1,72.1,57.4,Neutral,61.8,Medium
68,M,15,high_school,middle,14,9.8,0.614,0,1,1,6.59,3.69,0.22,0,1,94.4,100.0,100.0,54.5,Engaged,83.6,High
69,M,15,bachelor,middle,14,5.0,0.699,0,0,1,6.48,3.02,5.32,0,1,76.9,61.3,62.5,58.0,At-Risk,48.8,Low
70,M,22,master,middle,16,4.9,0.821,0,0,1,8.63,1.61,1.45,0,0,61.6,39.0,79.7,46.2,At-Risk,66.3,Medium
71,M,22,bachelor,low,23,5.9,0.75,0,0,1,5.57,6.57,1.47,0,4,63.7,61.5,66.0,85.8,Neutral,59.7,Medium
72,M,19,bachelor,middle,17,11.5,0.941,0,0,1,4.86,3.29,4.78,1,1,70.7,74.7,56.8,40.0,Engaged,52.9,Medium
73,F,16,bachelor,high,20,13.1,0.729,0,0,1,5.86,8.91,2.69,1,3,75.6,80.5,81.9,74.9,At-Risk,74.9,Medium
74,M,21,none,low,0,1.5,0.81,0,0,1,7.36,4.27,1.73,0,2,46.5,78.8,98.3,73.6,At-Risk,90.5,High
75,M,16,bachelor,middle,23,7.0,0.814,1,0,1,8.44,4.9,3.03,0,1,74.5,72.3,72.2,41.0,At-Risk,55.2,Medium
76,M,18,bachelor,low,22,11.5,0.98,0,0,1,6.11,4.28,3.45,0,2,46.9,63.7,57.1,52.7,At-Risk,58.4,Medium
77,M,17,high_school,middle,38,4.6,0.799,0,0,1,9.08,4.88,1.96,0,1,73.1,75.3,75.5,60.0,At-Risk,72.0,Medium
78,F,15,high_school,middle,42,12.6,0.905,0,0,1,6.93,6.39,4.04,0,0,81.5,40.7,72.5,93.5,Engaged,68.6,Medium
79,F,21,master,middle,19,8.2,0.88,0,0,1,6.76,6.41,0.0,0,3,69.5,25.9,100.0,52.6,Neutral,62.3,Medium
80,F,19,bachelor,low,34,5.7,0.95,0,0,1,5.88,0.67,2.72,1,1,30.1,99.7,79.9,100.0,Engaged,80.6,High
81,F,17,bachelor,middle,5,10.3,0.945,0,0,1,9.24,5.91,3.8,0,1,38.3,61.2,53.1,75.4,At-Risk,61.8,Medium
82,M,19,bachelor,high,34,12.4,0.857,1,1,1,6.72,5.19,3.44,1,2,73.4,71.6,88.4,66.9,Neutral,82.2,High
83,F,15,high_school,middle,13,4.9,0.69,0,0,1,5.3,4.27,0.0,0,2,28.2,11.6,80.4,77.7,At-Risk,64.1,Medium
84,M,18,bachelor,middle,4,8.5,0.837,1,0,1,9.85,7.63,1.95,0,2,74.1,89.8,83.0,25.6,At-Risk,60.4,Medium
85,M,19,high_school,middle,19,12.8,0.858,0,0,1,7.37,7.71,0.0,0,2,79.8,82.8,75.1,83.4,Engaged,72.5,Medium
86,M,17,high_school,middle,43,5.4,0.889,0,1,1,7.86,6.01,4.77,0,1,82.0,33.8,84.1,33.5,Neutral,57.6,Medium
87,F,21,bachelor,middle,25,0.1,0.786,0,0,1,8.92,3.11,1.42,2,3,61.4,56.3,75.0,77.4,At-Risk,57.2,Medium
88,M,16,none,low,44,0.8,0.974,0,0,1,7.64,1.82,4.55,1,1,71.6,66.8,63.9,48.1,Neutral,59.9,Medium
89,M,16,bachelor,low,11,7.5,0.861,0,0,1,8.07,5.71,0.0,1,1,68.1,39.3,70.1,44.0,Neutral,51.5,Medium
90,F,19,high_school,middle,38,2.1,0.768,0,0,1,6.97,6.92,2.98,0,1,42.9,70.8,66.1,95.5,At-Risk,73.5,Medium
91,M,22,bachelor,high,12,7.9,0.814,0,1,1,7.78,0.14,2.22,1,0,76.2,80.8,73.5,58.0,Neutral,72.4,Medium
92,F,18,bachelor,high,25,20.0,1.0,0,0,1,6.86,6.37,7.73,0,1,85.9,67.8,69.3,29.4,Engaged,62.2,Medium
93,M,15,bachelor,high,25,1.7,0.926,0,1,1,6.88,3.69,4.56,1,3,75.3,33.8,63.0,79.5,At-Risk,56.2,Medium
94,M,22,bachelor,middle,32,8.3,0.965,1,0,1,7.04,0.58,4.43,0,1,57.5,43.3,65.1,35.6,Neutral,56.2,Medium
95,M,18,master,low,26,22.8,0.756,1,1,1,6.42,5.14,6.26,0,1,76.1,59.8,67.9,87.2,Engaged,78.7,High
96,F,16,bachelor,middle,11,12.4,0.791,0,1,1,7.51,6.02,2.77,0,0,84.5,57.5,39.5,59.7,Engaged,70.2,Medium
97,M,19,bachelor,high,35,7.8,0.792,0,0,1,7.5,3.5,2.0,0,2,82.5,57.9,84.4,34.5,Neutral,62.1,Medium
98,M,17,bachelor,middle,48,9.1,0.878,0,0,1,7.88,2.09,1.77,0,0,80.4,57.2,73.6,76.4,Neutral,80.6,High
99,M,22,high_school,middle,13,12.6,0.843,1,0,1,7.67,7.62,2.86,0,2,41.1,29.5,58.2,70.4,At-Risk,58.7,Medium
100,F,17,high_school,middle,0,20.2,0.811,0,0,0,9.3,2.86,0.0,0,1,71.0,76.5,77.5,17.5,Engaged,59.8,Medium
101,F,19,high_school,middle,29,6.8,0.824,0,1,0,8.16,6.52,2.2,0,2,74.7,73.3,59.9,58.7,Neutral,58.8,Medium
102,F,19,high_school,high,17,5.5,0.781,3,0,1,6.65,1.17,2.65,0,2,80.6,71.4,59.9,66.0,At-Risk,62.3,Medium
103,M,16,high_school,middle,20,1.7,0.842,0,0,1,7.44,5.03,1.89,0,2,72.7,69.7,74.0,64.8,At-Risk,70.6,Medium
104,F,18,high_school,middle,30,10.6,0.971,0,0,0,8.6,4.98,0.0,0,1,88.3,56.9,90.9,56.3,Engaged,82.4,High
105,F,15,bachelor,low,15,1.6,0.709,1,0,0,5.76,5.95,1.9,0,2,37.6,51.1,72.5,74.9,At-Risk,67.7,Medium
106,F,20,high_school,middle,18,7.2,0.895,2,0,1,9.32,7.19,0.0,0,2,73.4,43.7,55.6,71.4,Engaged,60.1,Medium
107,M,21,master,low,20,4.5,0.998,0,1,0,5.97,2.57,5.75,1,2,72.2,89.8,62.4,60.6,Neutral,68.8,Medium
108,M,22,high_school,high,44,16.4,0.842,0,0,1,7.98,5.24,1.69,0,2,78.5,61.6,81.6,55.3,Neutral,68.4,Medium
109,M,17,bachelor,middle,22,6.9,0.807,0,0,1,6.91,1.47,0.0,0,2,88.1,32.1,74.5,63.0,Engaged,47.5,Low
110,F,17,none,middle,3,12.4,0.952,0,0,1,6.84,1.44,1.79,0,3,51.7,61.5,83.4,47.9,Neutral,68.8,Medium
111,M,19,bachelor,low,4,0.4,0.762,0,0,1,5.34,3.04,3.99,0,0,87.6,24.5,74.3,39.5,At-Risk,58.9,Medium
112,M,20,none,middle,24,10.8,0.858,0,0,0,7.99,5.02,2.55,0,0,77.2,66.5,80.3,37.5,Engaged,72.9,Medium
113,M,22,bachelor,middle,5,2.8,0.756,0,0,1,5.35,7.55,0.37,0,1,62.2,64.6,100.0,58.0,At-Risk,73.0,Medium
114,F,15,high_school,low,0,7.4,0.673,1,0,1,5.17,7.92,0.84,0,4,51.4,52.2,46.4,42.8,At-Risk,31.5,Low
115,M,16,master,high,32,23.3,0.845,2,0,0,8.29,3.49,1.63,0,1,67.9,45.1,100.0,56.8,At-Risk,62.5,Medium
116,F,17,high_school,middle,32,15.6,0.734,1,0,1,9.05,4.81,1.32,1,0,69.3,72.1,83.0,86.6,Neutral,76.2,High
117,F,17,bachelor,middle,16,9.2,0.859,0,0,1,6.1,6.09,0.0,0,1,70.1,60.5,100.0,55.9,Neutral,76.9,High
118,F,18,high_school,low,26,29.2,0.972,0,0,1,8.1,5.73,2.06,0,1,55.6,27.0,52.3,62.8,Engaged,40.4,Low
119,M,21,bachelor,middle,25,4.5,1.0,0,0,0,7.86,3.86,0.0,0,3,74.1,83.7,74.1,55.4,Neutral,69.9,Medium
120,F,15,bachelor,middle,31,17.0,0.869,0,0,1,6.79,4.35,4.1,1,1,58.9,45.1,70.6,86.1,Neutral,62.1,Medium
121,F,21,high_school,high,31,0.8,0.962,0,0,1,8.5,3.98,4.34,0,2,83.2,38.3,82.1,93.2,Neutral,82.6,High
122,F,19,high_school,low,0,8.5,0.9,1,0,1,6.7,3.78,0.19,0,1,90.7,86.5,75.5,50.6,Neutral,54.7,Medium
123,M,19,high_school,high,18,1.9,0.822,0,1,1,7.52,3.52,0.77,1,1,52.8,81.1,73.7,74.6,At-Risk,83.5,High
124,M,20,high_school,middle,30,11.5,0.668,0,0,0,5.4,3.96,1.35,0,3,65.9,54.4,80.5,100.0,At-Risk,74.5,Medium
125,M,15,phd,low,16,10.3,1.0,0,1,1,5.45,3.39,2.14,0,3,79.6,39.5,66.3,36.8,Engaged,41.8,Low
126,F,20,high_school,low,23,8.2,0.755,3,0,1,8.3,1.93,2.71,0,0,69.1,45.6,59.7,79.6,Neutral,66.3,Medium
127,M,16,none,low,33,16.6,0.998,0,0,1,7.56,5.93,3.13,0,0,44.7,54.1,75.3,25.2,Engaged,65.5,Medium
128,M,19,master,high,23,6.6,0.914,0,0,1,6.73,5.23,3.08,0,0,78.0,83.9,59.7,60.6,Neutral,76.7,High
129,M,20,none,low,45,12.0,0.762,0,1,1,9.19,7.95,5.31,1,1,55.9,85.3,66.0,57.2,Neutral,70.6,Medium
130,F,19,high_school,middle,39,14.9,0.891,2,1,1,9.18,4.94,2.32,0,3,68.0,65.0,44.9,25.9,Neutral,39.6,Low
131,M,17,bachelor,middle,20,1.1,1.0,0,0,1,7.43,3.37,0.0,1,1,50.1,73.7,68.9,81.8,Neutral,75.3,High
132,F,18,master,high,19,5.5,1.0,0,0,1,5.15,2.95,0.0,0,2,76.9,58.2,53.1,63.0,Neutral,63.3,Medium
133,F,18,bachelor,middle,0,10.3,0.809,1,1,1,6.77,4.29,5.47,0,0,58.7,46.3,67.5,41.5,Neutral,53.0,Medium
134,M,15,bachelor,middle,17,13.8,0.789,0,1,1,5.9,5.31,3.22,1,3,78.5,35.0,50.6,66.6,Engaged,48.0,Low
135,F,20,phd,low,2,18.5,0.87,0,1,1,7.01,3.71,2.61,0,0,61.8,67.8,67.7,78.1,Engaged,78.7,High
136,M,15,none,high,25,8.7,0.843,2,0,1,5.78,1.26,3.1,0,1,57.8,78.2,82.4,24.6,At-Risk,59.4,Medium
137,F,18,phd,low,24,8.1,0.98,0,0,1,5.46,2.72,2.52,0,2,71.2,52.8,58.5,0.0,Engaged,47.0,Low
138,F,20,master,low,32,4.8,0.934,0,0,1,4.18,4.24,3.07,1,2,48.9,83.4,53.1,59.2,At-Risk,72.5,Medium
139,F,15,master,high,43,12.0,0.691,0,0,1,7.1,5.68,1.45,0,0,92.0,55.1,80.5,44.6,Neutral,67.4,Medium
140,M,22,high_school,low,22,8.2,0.906,0,0,1,4.14,1.23,4.31,0,0,67.8,63.5,82.6,86.8,Neutral,73.0,Medium
141,F,18,high_school,low,56,8.4,0.842,0,0,0,6.52,4.73,1.15,0,0,56.5,58.0,74.8,52.6,Engaged,64.8,Medium
142,F,15,bachelor,middle,25,9.4,0.864,1,0,1,7.73,4.64,0.39,1,3,59.0,84.3,60.6,66.2,Neutral,66.4,Medium
143,F,20,bachelor,low,2,13.3,0.885,1,0,1,6.03,3.3,0.0,0,2,65.3,70.9,57.9,56.3,Engaged,64.1,Medium
144,F,19,bachelor,low,14,6.6,0.98,0,0,1,5.6,3.03,1.72,0,0,79.9,60.9,62.7,29.1,Engaged,60.8,Medium
145,M,20,master,middle,16,5.4,0.958,1,0,1,6.82,2.73,4.74,1,1,51.6,63.4,67.1,60.6,Neutral,62.0,Medium
146,M,21,bachelor,middle,31,12.6,0.785,3,1,0,5.91,4.48,1.29,0,0,59.5,40.6,40.4,33.5,Neutral,34.7,Low
147,M,18,high_school,middle,8,0.0,0.854,0,0,1,7.12,6.45,0.0,0,1,64.3,21.8,52.3,32.5,At-Risk,47.1,Low
148,F,21,high_school,low,18,6.4,0.815,1,0,1,5.66,6.6,2.77,1,1,88.1,52.4,88.0,38.0,Neutral,61.0,Medium
149,M,17,high_school,middle,20,3.1,0.692,3,0,0,6.77,1.95,0.9,0,2,80.0,58.5,71.3,36.3,At-Risk,49.6,Low
150,M,19,high_school,middle,15,17.2,0.849,1,0,1,6.48,3.83,5.3,0,0,88.9,71.6,87.6,55.8,Engaged,67.1,Medium
151,F,16,high_school,low,34,7.4,1.0,0,0,1,6.89,0.0,4.35,0,2,65.5,59.1,84.3,52.2,Engaged,80.5,High
152,F,19,master,low,32,6.6,0.689,1,1,1,8.86,4.42,0.0,0,1,86.5,53.6,63.0,65.7,At-Risk,63.0,Medium
153,M,17,bachelor,low,39,9.7,0.858,0,0,1,7.14,5.4,1.85,0,2,84.0,8.9,63.2,28.5,Neutral,39.0,Low
154,F,20,bachelor,middle,17,6.4,0.854,0,0,0,7.51,7.34,0.69,0,3,75.5,71.5,83.5,55.0,Neutral,70.6,Medium
155,M,21,high_school,low,40,7.6,0.889,0,0,1,6.15,0.63,0.0,0,2,76.7,65.8,80.1,50.4,At-Risk,65.7,Medium
156,F,21,bachelor,middle,2,10.6,0.764,0,0,1,7.17,2.02,2.09,0,0,56.1,76.6,83.8,64.0,Neutral,67.6,Medium
157,M,22,master,high,1,7.5,0.717,0,0,1,6.57,4.49,3.84,0,2,92.4,62.5,67.8,65.0,Neutral,65.8,Medium
158,F,15,master,low,4,7.4,0.722,0,0,1,6.94,0.96,2.04,0,1,61.3,82.6,70.3,63.1,Neutral,61.7,Medium
159,F,16,bachelor,middle,22,3.9,0.993,0,0,1,7.68,4.54,1.17,1,0,73.4,52.1,63.9,40.2,Engaged,56.8,Medium
160,F,22,master,low,40,3.1,0.762,1,0,1,6.3,5.45,0.0,0,1,75.2,61.3,67.1,60.5,Neutral,51.5,Medium
161,M,18,bachelor,low,13,10.4,0.81,0,0,1,6.42,1.64,0.87,1,1,44.4,66.3,57.0,49.7,Neutral,44.4,Low
162,F,15,bachelor,middle,15,11.8,1.0,0,0,1,6.32,4.47,3.3,1,0,64.2,73.9,66.8,86.3,Engaged,80.2,High
163,M,17,master,middle,19,1.4,0.787,0,0,1,6.29,1.78,0.0,0,2,68.1,69.5,65.4,62.2,At-Risk,58.2,Medium
164,M,21,high_school,high,31,14.6,0.894,0,0,1,7.11,6.95,4.77,0,0,63.3,70.6,60.7,61.6,Engaged,68.9,Medium
165,F,17,high_school,middle,15,14.6,0.966,0,0,1,6.46,4.61,1.03,1,0,64.4,66.8,80.7,34.4,Engaged,64.7,Medium
166,M,15,high_school,low,14,15.8,0.962,0,0,1,8.7,2.92,2.59,0,1,87.4,58.5,45.4,48.2,Engaged,54.5,Medium
167,F,20,bachelor,middle,2,11.8,0.727,0,0,1,10.0,1.72,1.4,0,1,52.6,78.2,73.4,65.2,Neutral,67.3,Medium
168,F,16,bachelor,low,13,13.8,0.789,2,0,1,6.22,4.98,0.0,0,4,46.0,31.9,53.3,58.4,At-Risk,42.3,Low
169,M,17,bachelor,high,40,23.1,0.89,0,0,1,7.25,6.92,3.08,0,1,56.2,50.7,54.4,58.2,Engaged,53.1,Medium
170,F,15,high_school,middle,23,8.2,1.0,0,1,1,8.15,2.66,1.0,0,4,76.2,90.7,55.8,24.9,Neutral,64.3,Medium
171,M,19,high_school,low,11,3.7,0.784,1,0,1,6.58,3.32,0.53,0,1,77.6,49.9,75.5,43.7,Neutral,53.5,Medium
172,F,18,master,middle,41,0.8,0.811,0,0,0,5.71,2.7,0.0,0,1,74.1,60.6,31.9,54.5,Neutral,48.3,Low
173,M,21,high_school,middle,13,20.5,0.902,0,0,1,8.99,7.31,4.81,0,1,78.7,87.0,70.7,84.0,Engaged,84.2,High
174,F,17,master,middle,43,20.6,0.922,0,0,1,7.72,0.38,2.21,0,2,68.8,59.7,68.7,22.2,Engaged,49.1,Low
175,M,16,high_school,low,43,4.5,0.928,0,0,1,7.28,6.77,4.41,1,0,57.2,47.0,52.5,39.1,Engaged,39.2,Low
176,M,16,bachelor,low,23,5.6,0.775,0,0,1,8.64,3.45,3.44,0,1,50.8,83.6,70.9,22.0,At-Risk,52.7,Medium
177,M,16,bachelor,low,0,8.1,0.807,1,0,1,7.82,4.06,4.41,1,0,46.1,56.8,48.6,66.5,Neutral,61.9,Medium
178,Other,18,master,middle,56,17.3,0.882,0,0,0,6.84,3.52,1.07,0,3,61.6,58.0,67.3,83.7,Engaged,69.5,Medium
179,F,15,high_school,middle,28,2.3,0.986,1,0,1,5.73,4.68,0.0,0,3,76.8,26.4,48.0,67.2,Neutral,49.7,Low
180,F,18,master,low,17,0.0,0.836,0,0,1,6.31,2.74,3.73,1,0,68.6,59.7,100.0,71.5,At-Risk,80.3,High
181,F,21,bachelor,middle,36,23.0,0.858,1,0,1,8.35,6.32,2.46,0,1,65.3,74.3,81.8,39.4,Engaged,74.8,Medium
182,F,21,bachelor,middle,33,11.9,0.757,0,0,1,7.72,6.4,1.27,0,1,49.2,54.2,71.9,67.4,At-Risk,53.1,Medium
183,F,20,bachelor,low,42,12.7,1.0,0,0,0,6.68,2.23,3.69,2,1,100.0,38.9,52.7,44.6,Engaged,47.4,Low
184,M,22,none,high,12,8.8,0.875,0,1,0,9.02,5.53,2.82,1,1,52.6,53.4,63.6,61.2,Neutral,63.7,Medium
185,F,21,bachelor,middle,27,12.8,0.968,0,0,1,6.71,3.49,3.48,1,4,66.8,50.9,64.3,70.0,Neutral,60.6,Medium
186,F,20,high_school,middle,4,0.9,0.863,0,0,1,8.09,4.3,0.16,1,0,80.0,57.4,71.9,54.2,Neutral,68.0,Medium
187,M,21,high_school,middle,32,5.0,0.869,0,1,1,7.16,7.25,4.16,0,0,65.6,52.7,74.4,76.4,Neutral,78.8,High
188,M,15,bachelor,low,22,10.6,0.71,0,0,1,9.22,2.85,2.19,0,1,52.9,92.0,71.6,56.7,At-Risk,69.9,Medium
189,F,21,bachelor,high,26,0.0,0.645,0,0,1,7.8,6.05,4.37,0,3,77.1,67.4,73.5,65.5,At-Risk,55.5,Medium
190,M,17,none,middle,20,8.2,0.985,0,0,1,6.96,5.11,4.14,1,2,44.9,30.7,65.3,97.8,At-Risk,81.6,High
191,F,20,none,middle,18,7.8,0.868,0,0,0,6.69,3.81,3.57,0,1,91.1,63.3,73.5,69.9,Engaged,70.2,Medium
192,M,22,high_school,high,9,8.2,0.881,0,0,0,6.88,4.93,1.98,0,1,69.2,61.3,57.8,45.0,At-Risk,57.4,Medium
193,M,18,high_school,middle,34,6.7,0.735,0,1,0,6.03,4.7,3.62,0,2,61.2,83.5,51.0,50.4,At-Risk,69.8,Medium
194,F,15,bachelor,middle,44,4.0,0.77,0,0,1,5.26,1.88,4.42,0,0,43.8,59.2,97.6,77.5,At-Risk,77.6,High
195,M,17,high_school,low,14,0.0,0.966,0,0,1,7.27,2.99,3.41,0,1,47.7,58.7,74.7,80.9,Neutral,81.5,High
196,M,18,master,low,30,10.9,1.0,0,0,1,6.26,2.11,2.61,0,0,64.2,95.5,96.9,59.3,Engaged,83.7,High
197,F,22,high_school,middle,28,8.2,0.798,0,1,1,6.26,3.65,3.62,0,2,93.4,42.8,63.6,29.5,Engaged,61.8,Medium
198,F,22,none,middle,22,1.7,0.927,3,1,0,6.79,6.89,1.15,0,2,68.5,76.4,100.0,41.0,At-Risk,71.9,Medium
199,M,19,master,middle,0,10.4,0.879,1,1,1,6.96,5.36,5.23,1,2,70.2,63.2,69.3,63.6,Engaged,61.2,Medium
200,M,22,high_school,middle,2,8.2,0.848,0,0,1,6.91,1.33,0.0,0,1,70.8,53.0,86.3,71.6,Engaged,85.5,High
201,F,18,high_school,low,10,7.2,1.0,0,0,1,8.99,3.65,2.27,1,2,100.0,50.3,68.5,80.1,Engaged,71.0,Medium
202,F,18,master,low,0,0.0,0.815,0,0,1,7.69,4.67,1.39,0,0,58.4,86.5,70.6,19.4,At-Risk,56.7,Medium
203,F,21,master,middle,43,14.1,0.984,0,1,1,9.43,5.69,0.92,0,2,88.5,70.4,66.2,77.4,Neutral,66.4,Medium
204,M,20,bachelor,low,28,2.6,0.898,0,0,1,6.37,2.9,2.81,0,0,59.0,72.8,60.1,88.5,Neutral,79.0,High
205,M,19,none,middle,22,10.4,0.858,0,1,1,7.84,1.73,0.0,0,0,54.4,78.0,83.7,12.1,Engaged,72.3,Medium
206,M,18,bachelor,middle,0,5.2,0.997,0,0,0,6.44,4.09,6.5,1,1,63.8,68.2,67.9,59.9,Neutral,68.9,Medium
207,M,20,phd,middle,0,7.7,0.889,0,1,1,6.23,5.34,0.0,0,4,63.7,42.9,81.3,75.2,At-Risk,71.6,Medium
208,F,21,master,middle,22,16.9,0.85,0,0,1,9.47,4.67,0.3,1,1,73.4,33.7,82.5,31.8,Engaged,62.5,Medium
209,M,18,high_school,middle,52,13.2,0.998,0,1,0,5.98,2.43,0.11,0,1,30.1,89.7,90.6,50.0,Engaged,84.7,High
210,F,15,high_school,middle,12,16.8,0.985,1,0,1,4.22,7.71,2.6,0,0,67.2,65.7,74.7,71.2,Engaged,67.3,Medium
211,F,15,high_school,low,35,12.0,0.98,2,0,1,6.05,4.0,4.23,0,3,56.0,63.4,43.8,49.5,Engaged,44.1,Low
212,F,16,high_school,middle,15,12.4,0.471,0,0,1,4.49,4.59,3.25,0,2,54.1,94.5,62.9,52.7,Neutral,67.5,Medium
213,M,18,bachelor,middle,23,0.0,0.904,1,1,1,5.76,2.88,5.14,0,2,45.6,42.8,67.6,64.4,Neutral,64.2,Medium
214,F,19,high_school,low,40,8.1,0.881,1,0,1,5.87,6.41,0.55,1,3,59.5,16.6,68.2,36.6,Neutral,47.6,Low
215,F,21,high_school,middle,17,8.7,0.857,0,0,1,6.94,5.34,3.52,1,4,57.3,29.4,89.1,38.7,At-Risk,55.7,Medium
216,F,16,none,high,12,17.3,0.921,0,1,1,4.44,4.83,1.59,0,0,58.6,52.4,86.2,69.4,Engaged,80.4,High
217,M,21,bachelor,low,43,7.0,0.886,1,1,1,8.34,1.9,2.66,0,2,40.4,64.1,65.7,79.0,Neutral,72.2,Medium
218,M,20,high_school,middle,23,11.6,0.928,0,0,0,4.65,6.39,4.42,1,1,66.5,87.0,100.0,68.0,Neutral,90.0,High
219,F,15,high_school,high,38,11.4,0.833,0,1,1,6.75,5.71,0.0,0,3,53.1,77.2,62.4,87.2,Neutral,80.1,High
220,M,17,high_school,high,12,16.9,1.0,0,0,1,6.51,6.23,6.18,0,1,40.5,15.9,63.7,68.4,Engaged,54.2,Medium
221,M,17,master,middle,43,9.2,0.938,0,0,1,7.89,4.27,1.91,0,0,56.8,100.0,50.5,96.9,Engaged,80.0,High
222,F,22,high_school,middle,26,15.0,0.914,0,0,1,7.32,4.05,0.0,0,2,53.4,54.6,43.1,61.3,Engaged,56.2,Medium
223,F,22,bachelor,high,29,0.0,0.909,3,1,1,8.32,3.84,0.81,1,1,65.6,84.1,49.1,65.1,At-Risk,60.8,Medium
224,F,21,high_school,middle,24,0.3,0.976,0,0,1,6.47,8.76,2.4,0,2,56.6,71.8,84.2,68.1,Neutral,83.5,High
225,M,19,none,low,14,0.0,0.962,0,0,1,6.34,3.12,0.81,0,1,43.3,62.1,79.9,47.4,Neutral,67.6,Medium
226,F,18,high_school,low,22,14.7,0.849,0,0,1,7.4,1.83,0.0,0,2,51.7,57.7,53.9,44.5,Engaged,44.6,Low
227,M,17,none,middle,15,14.0,0.959,0,0,1,8.14,3.45,2.39,0,0,39.1,42.0,69.6,42.0,Neutral,50.0,Medium
228,F,21,high_school,middle,36,15.4,0.877,1,1,1,7.89,3.13,0.76,0,3,82.1,38.8,80.9,48.9,Neutral,57.5,Medium
229,F,15,bachelor,low,19,5.9,1.0,0,0,1,7.29,6.72,3.5,0,3,84.5,59.0,35.5,100.0,Neutral,68.5,Medium
230,M,17,bachelor,low,0,6.6,0.97,0,1,1,7.18,1.49,0.06,1,1,86.3,37.0,96.4,96.4,Engaged,78.1,High
231,M,16,none,middle,0,9.3,0.797,0,0,1,6.86,3.08,6.72,0,2,56.2,91.7,84.8,53.4,At-Risk,78.5,High
232,M,18,high_school,middle,0,18.7,1.0,2,1,1,7.39,4.58,3.23,0,3,84.5,63.7,81.0,51.6,Engaged,60.2,Medium
233,F,17,bachelor,high,31,20.2,0.65,2,0,1,9.34,6.74,2.59,0,2,71.1,99.7,87.2,17.1,At-Risk,61.0,Medium
234,F,16,high_school,middle,5,14.8,0.924,0,0,1,6.61,5.63,3.45,0,2,52.7,54.2,35.3,40.1,Engaged,47.7,Low
235,F,18,high_school,high,27,12.0,0.79,0,0,0,6.46,7.44,0.0,0,0,55.6,51.4,64.5,43.8,At-Risk,49.6,Low
236,F,21,none,high,24,18.0,1.0,0,1,1,6.37,4.89,1.21,0,0,62.4,72.6,88.1,51.2,Engaged,79.7,High
237,M,19,high_school,low,21,8.5,0.885,2,0,1,7.37,3.79,5.77,0,1,66.5,57.3,67.9,48.6,At-Risk,65.2,Medium
238,F,21,bachelor,middle,29,7.7,0.781,1,0,1,4.35,5.91,1.56,3,0,70.4,79.5,79.9,64.3,At-Risk,67.7,Medium
239,M,22,phd,low,24,9.2,0.833,0,0,0,6.74,1.47,2.07,0,1,65.0,87.9,91.2,75.5,At-Risk,84.3,High
240,M,22,phd,high,0,4.1,0.789,1,1,0,7.96,0.78,1.27,0,0,59.8,81.8,79.3,45.4,At-Risk,71.7,Medium
241,F,17,phd,low,17,8.9,0.829,0,0,1,6.27,6.15,5.13,0,1,85.3,86.6,63.9,88.7,Neutral,78.5,High
242,F,22,high_school,middle,28,3.3,0.827,0,0,1,7.12,4.62,1.71,0,1,63.3,76.7,77.2,66.9,Neutral,73.7,Medium
243,M,22,none,middle,47,16.2,0.785,0,0,1,9.43,6.13,0.0,2,1,62.4,52.1,41.3,77.8,At-Risk,55.0,Medium
244,F,22,high_school,low,47,13.3,0.887,0,0,1,7.3,2.5,7.36,0,1,61.7,82.5,75.8,51.2,Engaged,61.0,Medium
245,F,17,high_school,middle,2,18.6,0.899,0,0,1,4.21,6.77,0.0,2,1,63.3,74.6,80.0,70.9,Neutral,76.2,High
246,F,16,none,low,17,0.2,0.76,0,1,0,5.21,5.54,2.01,0,0,44.6,50.9,70.4,69.1,At-Risk,62.2,Medium
247,F,19,none,middle,0,21.4,0.694,1,0,1,6.6,4.14,0.52,0,3,50.0,53.2,86.6,89.4,Neutral,74.1,Medium
248,M,22,bachelor,middle,45,0.6,0.891,2,1,1,5.94,4.61,0.8,0,1,100.0,60.3,72.5,73.1,Neutral,72.5,Medium
249,M,22,high_school,middle,37,2.8,0.913,0,1,1,7.02,4.89,0.08,0,2,40.2,82.0,70.4,77.1,At-Risk,80.8,High
250,M,19,high_school,middle,27,6.3,0.933,0,0,1,6.55,2.49,1.12,0,2,69.1,64.1,97.3,49.4,Neutral,66.9,Medium
251,F,16,bachelor,high,24,17.8,0.915,1,0,1,8.3,3.43,4.17,0,2,70.1,61.9,52.7,83.9,Engaged,65.6,Medium
252,F,18,high_school,low,43,11.4,1.0,0,1,0,5.59,4.86,0.0,0,0,80.2,59.1,90.3,34.5,Engaged,68.4,Medium
253,M,20,master,middle,40,8.5,0.96,1,0,1,6.65,3.35,4.72,1,1,70.5,55.6,89.0,48.5,Engaged,61.0,Medium
254,M,19,high_school,high,39,5.2,1.0,0,0,1,7.16,1.26,4.38,0,2,93.4,41.0,81.5,65.6,Engaged,78.8,High
255,M,17,bachelor,middle,29,1.7,1.0,0,1,1,7.31,4.79,3.22,0,1,68.6,76.3,61.5,36.9,Engaged,58.3,Medium
256,F,17,high_school,low,17,16.8,0.684,1,1,1,7.08,5.87,2.45,1,2,85.2,43.7,73.5,41.5,At-Risk,56.2,Medium
257,F,15,bachelor,high,34,14.8,0.64,0,0,1,4.01,6.34,2.75,0,1,80.6,63.2,55.1,41.5,Neutral,62.1,Medium
258,M,17,high_school,low,34,18.1,0.859,0,0,1,7.0,5.26,5.05,0,3,88.1,54.6,59.0,67.6,Engaged,62.5,Medium
259,M,20,high_school,middle,19,12.4,0.91,0,0,1,6.72,5.84,0.0,0,0,65.4,75.8,70.1,56.8,Engaged,65.9,Medium
260,F,16,bachelor,middle,17,0.0,0.852,1,0,1,7.94,6.18,3.65,1,3,71.0,55.8,53.9,79.3,At-Risk,55.1,Medium
261,M,22,high_school,middle,39,2.5,0.93,2,0,1,7.77,4.36,0.71,0,0,59.5,43.9,64.3,97.6,Neutral,58.7,Medium
262,F,15,high_school,low,47,12.8,0.833,0,0,1,7.19,0.0,3.85,0,1,67.4,79.8,50.4,65.4,Engaged,65.1,Medium
263,M,19,master,low,11,7.8,0.791,0,0,1,7.28,6.52,0.97,0,0,68.2,47.1,78.4,49.8,Engaged,62.8,Medium
264,M,18,none,middle,18,6.6,0.806,0,0,1,8.52,2.41,3.61,1,2,33.8,64.8,94.2,67.4,At-Risk,72.7,Medium
265,F,21,bachelor,low,27,3.4,0.84,0,0,1,8.28,1.94,0.0,1,2,62.9,84.9,100.0,42.1,At-Risk,82.6,High
266,M,22,bachelor,middle,29,15.7,0.944,0,0,1,7.23,1.99,0.0,0,0,78.3,48.9,51.5,58.7,Engaged,57.1,Medium
267,M,19,high_school,middle,14,12.7,0.811,0,1,1,9.47,9.17,1.97,1,5,44.7,60.1,54.3,100.0,At-Risk,59.6,Medium
268,M,20,bachelor,middle,50,13.0,0.831,0,0,1,6.15,5.08,5.07,1,1,50.2,54.2,67.2,55.9,At-Risk,69.0,Medium
269,M,20,none,low,28,6.2,0.917,0,1,1,5.48,2.12,3.27,0,2,82.3,64.4,81.2,66.1,Engaged,67.6,Medium
270,M,19,bachelor,low,30,11.1,0.84,0,0,1,6.89,2.83,3.26,1,3,85.1,60.8,66.5,56.8,Engaged,63.0,Medium
271,M,16,high_school,high,48,2.0,0.972,0,1,1,6.45,4.2,3.92,0,2,55.7,78.6,85.2,51.8,Neutral,79.8,High
272,M,18,high_school,middle,15,9.2,0.768,0,1,1,3.94,5.28,1.41,0,3,67.6,50.8,78.3,69.6,At-Risk,68.4,Medium
273,M,16,high_school,low,21,0.0,0.746,0,0,1,6.12,4.76,3.42,0,3,63.8,84.9,41.5,34.6,At-Risk,56.4,Medium
274,F,18,master,low,3,0.6,0.89,0,1,1,7.31,2.34,1.04,0,2,82.7,90.9,70.7,56.7,Neutral,75.1,High
275,F,19,bachelor,low,19,8.1,0.9,0,0,1,6.83,4.83,1.57,0,3,57.0,66.6,50.0,32.9,At-Risk,48.1,Low
276,M,16,master,high,0,24.3,0.774,0,0,1,5.97,2.98,1.82,1,2,59.3,47.8,60.8,90.9,Neutral,52.8,Medium
277,M,16,bachelor,low,33,0.0,0.994,0,1,1,6.95,6.29,1.11,0,0,85.1,61.3,63.2,79.7,Neutral,64.2,Medium
278,F,21,bachelor,low,28,2.5,1.0,0,1,1,7.05,4.31,2.07,0,0,50.0,59.8,81.7,44.6,Neutral,86.7,High
279,F,18,bachelor,middle,18,11.3,0.797,0,0,1,7.76,2.68,1.69,0,5,57.5,93.9,69.3,22.9,Engaged,62.2,Medium
280,F,16,master,low,20,20.6,1.0,0,1,1,6.13,5.58,0.78,0,2,67.0,60.1,62.4,69.8,Engaged,76.6,High
281,M,20,bachelor,low,33,11.2,0.622,0,0,1,7.95,4.97,1.92,0,0,87.9,86.9,100.0,59.1,Engaged,96.0,High
282,M,20,high_school,high,5,14.2,0.968,0,0,1,5.59,3.25,2.51,0,0,47.1,64.0,55.5,100.0,Engaged,73.2,Medium
283,M,21,bachelor,middle,25,8.0,0.774,0,0,1,6.3,5.66,0.0,2,0,54.3,62.8,74.4,88.0,At-Risk,72.9,Medium
284,M,21,bachelor,low,32,6.9,0.958,0,0,1,8.94,5.46,3.03,0,0,73.9,55.6,80.5,72.7,Engaged,63.9,Medium
285,F,22,high_school,middle,0,10.5,0.764,0,0,1,5.67,6.6,1.21,1,3,76.2,57.3,72.5,49.4,At-Risk,56.5,Medium
286,M,19,high_school,low,32,6.1,0.853,1,0,1,6.11,5.62,2.6,0,1,68.2,78.0,55.4,54.8,Engaged,58.8,Medium
287,M,17,high_school,low,0,14.3,0.779,0,0,0,5.4,3.77,0.87,0,1,63.2,48.8,54.6,66.0,Engaged,55.8,Medium
288,M,21,master,middle,20,0.4,0.839,2,0,1,5.91,0.82,4.3,0,4,66.9,79.3,79.7,67.1,At-Risk,73.8,Medium
289,F,17,high_school,middle,5,15.3,1.0,0,0,1,7.07,4.57,4.11,0,1,42.4,87.9,86.5,45.8,Engaged,79.6,High
290,M,17,master,middle,43,10.2,0.849,1,0,1,7.75,4.88,0.1,0,1,66.5,51.3,68.9,32.7,Neutral,57.6,Medium
291,F,21,high_school,high,5,8.7,1.0,1,0,1,6.88,4.3,3.25,0,4,87.2,83.7,48.7,98.6,Engaged,64.0,Medium
292,M,22,bachelor,low,0,0.1,0.821,0,0,1,6.51,0.0,5.09,1,0,45.2,80.9,69.9,60.7,At-Risk,70.4,Medium
293,F,17,high_school,high,24,4.1,1.0,0,1,1,5.41,5.56,0.3,0,1,53.2,77.6,94.0,68.5,At-Risk,87.2,High
294,M,20,master,middle,16,17.2,0.697,0,0,1,6.03,2.38,0.46,0,2,59.0,50.6,53.7,42.9,At-Risk,60.8,Medium
295,F,22,bachelor,low,0,8.7,0.831,0,1,0,5.04,5.57,3.67,0,1,60.0,59.9,64.7,87.3,Neutral,75.1,High
296,F,21,high_school,middle,30,11.7,0.806,0,1,1,7.78,7.6,0.0,1,1,92.6,59.8,70.7,80.8,Neutral,72.1,Medium
297,F,15,high_school,low,0,4.7,1.0,2,0,1,7.87,3.69,0.64,0,1,51.0,99.6,87.2,61.2,Neutral,84.6,High
298,F,20,high_school,middle,6,9.8,0.879,0,0,0,6.85,5.08,0.17,0,2,48.0,61.8,61.3,64.2,At-Risk,61.7,Medium
299,F,16,high_school,middle,13,1.8,0.651,2,0,0,7.43,4.27,3.69,0,1,76.6,58.7,77.5,65.7,At-Risk,65.1,Medium
300,F,21,bachelor,low,34,10.6,0.729,1,0,0,7.95,5.25,0.82,0,0,55.3,41.3,92.0,62.0,At-Risk,68.8,Medium
301,F,15,master,high,41,12.2,0.759,1,0,1,7.02,4.41,1.63,1,1,76.8,44.5,46.1,71.2,At-Risk,48.7,Low
302,M,22,bachelor,low,39,11.9,0.953,1,0,1,8.57,3.17,0.7,0,3,62.0,49.7,48.8,67.5,Engaged,49.9,Low
303,F,16,bachelor,middle,20,4.6,0.941,0,1,1,5.67,2.39,4.5,0,2,71.9,68.5,68.3,56.5,Engaged,68.2,Medium
304,F,18,high_school,low,0,7.9,0.83,1,0,0,6.48,7.38,0.48,1,4,41.5,36.4,85.5,36.6,At-Risk,48.0,Low
305,F,16,master,low,28,13.2,0.805,0,1,1,6.34,5.08,0.0,1,3,71.8,50.0,75.1,59.5,At-Risk,54.5,Medium
306,M,21,master,middle,44,8.7,0.932,0,0,1,7.68,5.86,0.0,1,1,68.3,28.5,86.9,75.0,At-Risk,71.5,Medium
307,M,18,high_school,high,41,8.3,0.747,0,0,1,5.18,5.0,3.59,1,0,61.2,87.2,42.5,73.4,At-Risk,68.4,Medium
308,F,20,master,low,29,21.4,0.906,0,0,1,8.64,6.15,3.73,0,3,46.5,63.9,75.3,86.2,Engaged,69.8,Medium
309,M,15,high_school,high,4,4.3,0.897,2,0,1,7.57,2.41,4.7,0,2,68.3,67.6,24.2,88.4,Engaged,48.8,Low
310,M,18,master,low,14,16.5,0.833,0,0,1,9.0,4.37,0.0,0,4,75.9,42.4,91.0,74.0,Engaged,71.9,Medium
311,M,22,master,middle,51,3.1,0.9,0,0,1,6.85,5.21,1.74,1,1,57.0,82.9,88.8,63.7,Engaged,88.2,High
312,M,22,bachelor,middle,1,13.9,0.87,0,0,1,6.24,6.79,7.05,1,2,57.3,89.1,64.5,66.9,Neutral,76.5,High
313,M,16,high_school,low,5,14.2,0.91,0,0,1,7.69,9.55,1.6,0,0,76.9,63.2,32.8,48.5,Engaged,58.1,Medium
314,M,18,bachelor,high,36,6.9,0.727,0,0,1,8.14,5.02,1.07,1,2,90.7,53.4,66.4,76.0,At-Risk,61.6,Medium
315,M,18,high_school,middle,16,2.7,0.921,0,0,0,6.04,2.88,2.16,0,3,79.1,71.9,87.6,86.5,At-Risk,83.3,High
316,M,19,bachelor,middle,4,0.0,0.963,0,0,1,4.5,1.81,3.26,1,2,68.4,75.2,76.4,80.8,At-Risk,75.4,High
317,M,19,high_school,middle,45,6.3,0.892,0,0,1,4.71,2.39,3.23,0,1,61.4,77.7,99.4,71.1,Neutral,79.1,High
318,F,15,bachelor,middle,29,13.2,0.92,0,0,1,7.21,2.65,0.97,0,1,64.6,74.0,65.0,55.2,Engaged,67.2,Medium
319,M,21,master,middle,16,3.5,0.849,0,0,1,8.75,0.0,1.03,0,1,45.1,79.4,100.0,52.9,At-Risk,73.0,Medium
320,F,16,high_school,high,5,10.6,0.949,0,1,1,5.34,2.85,1.61,0,2,62.7,49.5,37.4,56.8,Neutral,48.5,Low
321,F,17,high_school,middle,53,1.1,0.867,1,0,1,6.57,5.63,0.74,0,2,81.8,78.4,57.6,45.4,Neutral,54.9,Medium
322,F,21,bachelor,middle,22,8.6,0.745,1,0,1,6.48,4.35,0.0,1,0,65.6,53.8,49.0,65.5,At-Risk,52.0,Medium
323,M,20,high_school,middle,43,3.1,0.942,1,0,1,9.2,3.68,5.82,0,0,55.6,16.8,81.5,4.1,Neutral,40.7,Low
324,F,18,high_school,middle,35,9.5,0.697,0,0,1,9.61,0.96,1.39,0,0,54.2,53.7,50.4,49.2,Neutral,40.4,Low
325,F,22,none,middle,14,7.0,0.888,0,0,0,7.41,6.3,1.5,0,0,64.5,52.0,85.9,61.4,Neutral,64.8,Medium
326,F,18,high_school,middle,14,2.9,0.822,2,0,1,7.98,5.22,1.56,0,2,46.5,66.3,80.7,100.0,Neutral,85.5,High
327,F,19,bachelor,middle,44,6.0,0.815,3,1,1,7.94,4.17,2.04,2,1,51.4,77.1,72.6,60.1,At-Risk,62.9,Medium
328,F,16,bachelor,middle,44,4.4,0.877,0,1,1,5.36,0.0,3.07,0,3,88.0,65.5,67.9,60.8,Neutral,70.5,Medium
329,F,16,high_school,high,0,2.1,0.789,0,0,1,7.74,3.22,1.27,0,1,49.5,98.2,52.9,43.3,Neutral,65.4,Medium
330,M,18,bachelor,high,30,16.5,0.911,0,0,1,5.68,5.07,4.48,0,1,53.0,52.5,79.3,94.4,Engaged,76.7,High
331,F,19,high_school,middle,20,7.8,0.866,0,0,1,6.69,4.14,3.4,0,2,69.4,26.2,61.6,43.7,Engaged,42.6,Low
332,M,21,high_school,middle,7,0.0,0.798,3,0,1,8.27,4.58,1.82,1,2,58.4,67.0,81.9,100.0,At-Risk,69.4,Medium
333,F,18,bachelor,middle,26,6.3,0.994,2,0,1,7.0,5.57,0.87,0,0,66.3,52.2,93.6,45.2,Neutral,76.1,High
334,F,22,high_school,low,2,15.5,0.88,3,0,1,8.22,4.51,4.37,1,1,77.9,42.5,64.7,78.8,At-Risk,52.8,Medium
335,M,19,bachelor,middle,15,5.4,0.923,0,0,1,8.46,5.5,1.88,0,1,41.8,56.6,90.8,58.9,Engaged,82.2,High
336,F,15,master,low,10,19.0,1.0,0,0,1,4.79,2.51,0.0,1,0,76.3,47.9,72.7,48.8,Engaged,58.4,Medium
337,M,20,bachelor,low,15,4.9,1.0,1,0,0,4.29,1.75,4.24,0,2,56.3,49.7,79.2,80.2,Engaged,67.8,Medium
338,F,19,bachelor,high,21,13.0,0.918,0,0,0,8.29,5.15,0.75,0,1,60.7,89.4,48.5,86.6,Neutral,73.9,Medium
339,M,18,none,high,7,16.2,0.83,0,0,1,8.34,5.56,3.94,0,0,93.8,64.2,58.6,56.3,Engaged,60.7,Medium
340,F,18,high_school,middle,46,12.7,0.717,0,0,1,7.21,5.24,0.0,0,0,44.0,57.2,58.5,59.5,At-Risk,54.2,Medium
341,M,17,high_school,low,29,1.8,0.881,0,0,1,7.37,4.46,1.46,1,2,73.9,90.8,91.2,51.7,Engaged,75.7,High
342,F,19,bachelor,middle,49,4.3,0.969,0,0,1,7.97,3.55,4.52,0,0,81.9,56.7,64.0,64.5,Engaged,56.8,Medium
343,F,19,master,middle,20,17.0,0.895,1,0,1,7.95,4.62,2.21,3,0,54.7,39.9,79.7,38.1,Engaged,54.3,Medium
344,F,18,high_school,middle,14,5.2,0.516,0,1,1,6.53,4.96,3.4,2,1,55.0,38.1,68.4,6.1,At-Risk,41.4,Low
345,F,17,high_school,high,48,15.9,0.947,0,0,1,8.05,5.08,0.4,0,1,59.5,60.6,63.9,22.6,Engaged,57.1,Medium
346,F,18,high_school,low,13,7.4,0.953,0,0,1,6.48,9.41,2.9,0,2,54.7,32.4,46.1,55.6,Engaged,45.5,Low
347,F,18,bachelor,low,19,10.8,0.83,0,1,1,7.19,2.36,2.21,0,2,66.0,40.9,39.1,38.6,Engaged,49.2,Low
348,M,18,bachelor,low,33,1.7,0.959,0,0,1,7.14,10.65,2.69,0,2,78.4,55.1,64.2,57.6,Neutral,63.7,Medium
349,F,17,bachelor,low,3,6.4,0.923,0,0,1,5.87,1.69,6.28,0,2,59.6,82.4,65.1,49.8,Neutral,66.3,Medium
350,M,19,master,middle,33,4.7,0.791,1,0,1,6.01,4.97,4.81,0,2,78.9,85.3,55.6,45.9,Neutral,69.8,Medium
351,F,16,high_school,low,31,11.4,0.987,0,0,1,9.58,1.81,3.78,0,2,86.0,73.9,71.9,47.0,Engaged,68.4,Medium
352,M,19,bachelor,low,41,10.6,0.733,0,0,1,5.83,4.81,3.81,0,1,71.5,61.9,100.0,79.3,Neutral,77.8,High
353,F,15,bachelor,low,35,12.8,0.854,0,1,1,7.34,6.16,0.38,0,1,72.9,51.7,93.5,64.7,Neutral,84.8,High
354,F,18,high_school,low,41,7.1,0.844,0,0,1,7.6,4.27,1.26,0,3,56.1,69.0,69.4,91.3,At-Risk,77.4,High
355,M,21,master,middle,20,4.4,0.777,0,0,1,6.83,6.15,0.0,0,3,25.7,94.1,69.9,62.1,At-Risk,82.1,High
356,F,21,none,low,9,11.1,0.89,0,0,1,7.71,3.35,0.0,0,2,73.8,64.5,79.2,21.8,Engaged,46.2,Low
357,F,20,bachelor,high,54,3.8,0.991,0,0,1,7.29,0.1,0.43,0,2,76.9,53.7,72.9,39.1,Engaged,56.8,Medium
358,F,20,bachelor,low,0,16.5,0.985,0,0,1,5.86,5.45,2.14,0,2,68.6,59.2,79.3,62.3,Engaged,67.3,Medium
359,F,15,master,low,1,9.3,0.932,0,0,1,7.54,4.26,0.0,1,1,78.6,57.2,73.4,64.8,Neutral,55.2,Medium
360,F,17,bachelor,low,30,8.0,0.69,0,0,0,6.25,3.24,2.12,1,1,56.8,71.9,70.5,48.3,At-Risk,62.8,Medium
361,F,20,high_school,middle,46,12.8,0.726,0,1,1,8.99,3.38,1.89,2,0,72.8,48.3,58.5,44.1,At-Risk,51.4,Medium
362,M,21,master,low,25,9.5,0.877,0,0,1,7.41,5.01,0.0,0,2,87.1,69.3,74.6,47.8,Engaged,52.6,Medium
363,M,19,bachelor,middle,37,0.1,0.857,0,1,1,6.06,2.57,5.25,0,0,75.0,72.2,32.6,57.1,Neutral,53.6,Medium
364,M,21,bachelor,low,0,3.6,0.81,0,1,1,7.31,4.95,0.0,0,1,85.1,68.2,73.0,59.0,Engaged,78.7,High
365,F,17,bachelor,high,15,16.3,1.0,1,1,1,5.79,6.58,4.43,0,4,85.2,42.4,35.7,38.0,Neutral,46.4,Low
366,M,16,high_school,low,0,10.5,0.871,0,1,1,7.21,8.32,0.0,1,3,46.7,59.3,73.0,64.9,At-Risk,63.1,Medium
367,F,15,bachelor,middle,34,0.0,0.914,2,0,1,6.63,7.01,1.92,0,5,75.8,52.5,53.1,64.7,At-Risk,45.8,Low
368,F,19,master,high,0,12.1,0.959,0,0,0,5.91,4.52,0.0,1,2,55.5,60.7,89.2,57.8,Engaged,75.3,High
369,M,20,high_school,low,3,6.6,0.865,0,0,1,5.89,4.72,0.89,0,1,48.4,50.0,70.2,46.2,At-Risk,46.8,Low
370,F,17,bachelor,low,30,4.8,1.0,0,0,1,9.82,3.4,5.82,0,0,60.7,84.4,68.8,73.4,Neutral,80.8,High
371,F,21,master,middle,38,3.1,0.766,0,0,1,7.01,3.27,1.51,0,2,91.3,65.4,75.2,86.5,Neutral,63.3,Medium
372,M,20,bachelor,low,20,16.0,0.799,2,0,1,6.38,5.94,0.0,0,1,56.8,32.9,54.9,51.0,Engaged,54.6,Medium
373,M,17,master,low,31,0.0,0.766,2,1,0,6.17,3.58,3.18,0,2,38.6,38.1,86.7,47.4,At-Risk,61.7,Medium
374,M,16,high_school,middle,30,5.0,1.0,1,1,1,7.47,4.93,1.49,0,0,43.3,83.7,79.9,69.3,Engaged,69.1,Medium
375,M,20,phd,low,19,10.7,0.94,0,0,1,6.13,2.27,2.5,0,1,72.2,58.8,59.9,36.6,Engaged,52.8,Medium
376,M,20,high_school,high,6,19.5,0.806,2,0,1,5.59,6.94,0.37,0,1,53.6,55.0,51.8,34.5,Neutral,46.2,Low
377,F,16,bachelor,middle,30,13.3,0.774,0,0,1,6.86,3.56,0.47,0,0,34.4,82.3,62.0,47.0,At-Risk,52.2,Medium
378,M,17,bachelor,middle,31,4.9,0.998,1,0,1,6.85,6.38,0.62,0,0,43.9,59.3,66.3,66.2,Neutral,65.1,Medium
379,M,18,bachelor,low,35,19.2,0.896,0,0,1,6.4,2.79,3.8,0,2,67.5,40.5,50.6,42.4,Engaged,50.4,Medium
380,F,19,master,middle,27,1.9,1.0,2,0,1,5.83,2.69,1.75,1,1,76.7,41.7,60.7,59.6,Neutral,39.9,Low
381,F,16,bachelor,middle,4,11.6,0.854,0,0,1,6.43,6.86,0.1,0,3,58.3,73.3,58.5,19.8,Neutral,54.8,Medium
382,F,22,bachelor,low,32,12.9,0.911,0,0,0,6.34,2.95,2.52,0,3,74.7,98.5,64.8,72.3,Neutral,74.4,Medium
383,F,18,high_school,high,22,4.7,0.89,3,0,1,6.17,1.06,2.36,0,1,78.7,77.1,64.9,88.8,At-Risk,74.5,Medium
384,M,18,bachelor,middle,15,14.2,0.798,0,0,1,7.23,2.12,3.35,2,3,53.2,55.1,75.8,41.8,Neutral,54.0,Medium
385,M,15,bachelor,middle,18,6.9,0.846,2,0,1,9.57,5.91,1.24,0,3,63.2,57.9,68.5,68.9,At-Risk,53.2,Medium
386,Other,22,none,low,12,14.2,0.742,0,1,0,8.5,5.72,2.04,0,3,56.0,62.9,74.4,55.8,At-Risk,59.0,Medium
387,F,16,bachelor,low,35,0.0,0.909,0,0,1,9.23,2.67,3.04,1,1,73.1,25.6,72.0,62.1,At-Risk,55.2,Medium
388,F,22,master,middle,1,12.0,0.936,0,1,0,6.22,2.94,0.18,0,3,55.8,62.4,64.9,55.1,Neutral,63.1,Medium
389,M,18,bachelor,middle,7,7.5,0.959,0,0,0,8.91,5.55,3.97,1,0,46.8,72.5,78.9,53.9,Neutral,76.7,High
390,F,21,bachelor,middle,17,16.9,0.927,1,0,1,7.17,6.83,2.23,1,2,65.8,93.9,24.1,43.3,At-Risk,46.8,Low
391,F,16,high_school,low,46,9.7,0.847,0,1,1,8.08,4.06,0.0,2,0,81.7,81.6,62.3,38.1,Neutral,53.3,Medium
392,M,16,bachelor,middle,38,17.5,1.0,0,0,0,7.45,5.31,0.0,0,5,72.7,96.7,58.9,82.0,Engaged,71.6,Medium
393,F,21,none,low,0,13.0,0.949,0,0,1,6.49,5.95,2.0,0,0,80.1,92.3,69.9,26.4,Neutral,55.8,Medium
394,F,21,high_school,low,42,9.2,0.999,0,0,1,7.76,8.51,1.1,0,2,78.8,87.1,57.9,59.6,Neutral,70.0,Medium
395,M,19,bachelor,middle,42,14.7,1.0,1,0,1,7.48,1.89,3.71,0,2,65.6,62.5,76.8,58.7,Engaged,69.1,Medium
396,M,15,high_school,low,4,14.8,0.847,1,1,1,4.78,2.86,1.63,2,2,56.0,68.2,79.6,59.1,At-Risk,71.7,Medium
397,F,22,none,low,0,12.8,0.899,0,0,1,6.75,3.19,2.81,0,1,52.0,31.9,45.9,73.3,Engaged,52.2,Medium
398,M,18,bachelor,low,21,0.0,0.937,0,1,1,7.95,5.86,0.5,0,2,41.2,64.3,71.6,52.6,At-Risk,63.1,Medium
399,M,22,high_school,high,39,4.1,0.745,0,1,1,7.23,3.7,2.15,0,2,82.8,72.2,47.5,73.1,Neutral,62.0,Medium
400,M,21,high_school,low,46,18.3,0.747,0,1,1,7.46,4.82,4.83,0,0,60.0,56.9,75.7,99.7,Neutral,80.6,High
401,M,21,high_school,middle,9,2.5,0.73,1,0,1,6.0,4.44,1.9,0,2,39.4,34.3,60.5,57.0,At-Risk,46.6,Low
402,F,20,bachelor,high,48,15.3,0.849,0,0,1,7.21,4.2,1.09,0,3,83.5,90.5,55.1,19.4,Neutral,62.9,Medium
403,F,20,high_school,middle,0,14.2,0.827,0,0,1,6.78,4.41,0.47,0,0,66.4,69.3,40.6,57.1,Engaged,54.7,Medium
404,M,19,bachelor,middle,16,5.6,0.716,0,0,1,6.66,6.26,2.16,0,2,79.5,93.0,66.5,55.2,Neutral,67.6,Medium
405,Other,15,bachelor,middle,16,0.0,0.875,0,1,1,6.08,2.26,5.02,0,1,61.1,75.4,49.5,68.0,Neutral,62.8,Medium
406,F,18,none,middle,39,6.6,0.85,1,0,1,8.0,3.9,0.0,0,0,53.1,86.6,44.3,20.1,At-Risk,44.8,Low
407,M,20,master,middle,41,22.5,0.978,0,0,1,7.31,1.77,2.1,0,1,71.7,82.9,71.0,66.5,Engaged,66.7,Medium
408,F,21,none,high,36,4.8,1.0,0,1,0,7.19,4.65,0.0,1,3,72.9,49.8,83.5,51.6,At-Risk,59.8,Medium
409,M,19,bachelor,middle,2,5.2,0.906,0,0,0,9.36,3.81,1.38,0,1,60.8,52.8,74.3,76.1,Neutral,81.3,High
410,Other,20,high_school,middle,35,4.0,0.79,0,1,1,7.47,6.34,2.73,0,0,84.7,54.3,45.1,49.6,At-Risk,58.4,Medium
411,F,15,bachelor,low,30,17.3,0.925,0,1,1,8.34,4.19,0.0,0,2,79.2,44.6,65.8,77.4,Engaged,65.6,Medium
412,F,18,high_school,high,0,8.5,0.861,1,0,1,7.23,3.31,1.31,0,0,73.5,93.8,78.9,29.8,Neutral,62.2,Medium
413,M,19,master,low,0,6.2,0.836,0,0,1,6.48,3.71,2.78,0,1,48.4,62.8,65.8,60.4,Neutral,71.6,Medium
414,F,22,high_school,middle,38,18.5,0.774,0,0,0,5.63,7.65,2.46,1,3,46.2,70.3,73.2,40.6,At-Risk,53.9,Medium
415,M,17,bachelor,low,19,13.5,0.814,0,0,1,7.19,1.06,2.88,0,3,83.0,38.0,61.0,50.2,Neutral,40.8,Low
416,M,16,high_school,middle,3,4.5,0.842,1,1,1,3.7,2.94,0.25,0,2,32.2,76.7,61.8,100.0,At-Risk,80.6,High
417,M,17,none,middle,19,2.7,0.94,0,0,1,7.23,4.27,2.78,1,0,63.6,54.6,57.4,41.0,Neutral,48.7,Low
418,F,16,high_school,middle,27,16.9,0.911,0,0,1,7.28,2.93,1.0,2,1,67.2,84.7,77.8,52.5,Engaged,62.2,Medium
419,M,19,bachelor,low,21,10.1,1.0,1,0,1,6.64,5.18,3.63,0,1,57.7,49.7,78.8,37.1,Neutral,51.1,Medium
420,F,20,bachelor,middle,0,0.7,0.927,0,1,1,6.79,4.09,0.0,0,2,64.5,86.0,59.1,53.9,Neutral,71.1,Medium
421,F,21,master,middle,50,0.0,0.902,1,0,1,5.4,4.71,1.62,3,2,71.3,78.9,80.1,57.0,At-Risk,65.2,Medium
422,M,22,bachelor,low,37,3.3,0.829,1,1,1,8.56,4.44,2.4,0,1,56.2,53.6,45.2,45.3,Neutral,44.7,Low
423,M,15,phd,middle,17,2.6,0.756,1,1,1,6.5,3.99,4.9,0,3,78.2,87.5,65.3,91.5,At-Risk,80.1,High
424,M,16,high_school,middle,18,0.0,0.803,0,0,1,5.73,1.62,2.37,0,2,73.7,82.7,46.3,83.1,Neutral,62.9,Medium
425,F,17,bachelor,middle,27,3.4,0.79,0,0,1,7.55,4.55,2.58,0,3,62.3,70.8,49.9,41.1,Neutral,42.6,Low
426,F,16,bachelor,low,5,4.5,0.604,1,0,1,7.03,0.67,2.95,0,0,52.6,44.1,46.1,76.3,At-Risk,45.7,Low
427,M,21,bachelor,middle,27,7.2,0.759,0,1,0,6.47,2.86,4.71,0,4,63.6,76.4,57.5,50.4,Engaged,61.1,Medium
428,F,16,phd,high,2,20.2,1.0,0,0,1,6.34,5.18,1.44,0,1,96.7,63.2,77.9,35.4,Engaged,58.0,Medium
429,M,15,bachelor,low,21,8.4,0.897,0,1,1,6.89,6.58,0.0,0,0,53.6,62.9,66.7,45.6,Engaged,65.4,Medium
430,F,21,master,middle,4,9.0,0.822,0,1,1,8.51,8.9,0.0,0,1,88.0,63.3,58.7,34.9,Engaged,63.7,Medium
431,F,22,bachelor,middle,5,13.1,0.9,0,0,1,7.46,3.34,3.53,0,1,38.7,61.5,65.2,78.8,At-Risk,66.1,Medium
432,F,16,high_school,high,47,8.6,0.665,2,0,1,6.86,2.47,2.65,0,3,52.1,46.4,35.1,42.5,At-Risk,51.3,Medium
433,F,17,bachelor,middle,23,12.4,0.888,0,1,1,7.92,5.24,1.69,0,3,56.9,34.7,77.1,85.8,Engaged,71.9,Medium
434,F,19,bachelor,middle,25,11.7,0.988,0,1,1,6.93,7.94,1.03,1,1,79.2,31.0,32.0,62.8,Engaged,47.4,Low
435,M,19,master,low,0,10.7,0.848,2,0,1,7.38,7.27,2.56,0,0,65.8,67.4,56.7,51.9,At-Risk,47.7,Low
436,M,22,master,middle,13,26.6,0.683,0,0,1,7.08,2.13,2.62,0,0,84.7,18.4,66.7,50.0,Engaged,47.7,Low
437,M,18,high_school,high,29,15.5,0.819,0,0,1,7.61,3.92,3.16,0,1,60.0,75.1,75.1,95.1,Neutral,79.3,High
438,F,15,high_school,high,25,3.5,0.988,0,0,1,6.37,5.9,0.0,0,2,64.2,71.1,71.8,60.2,Engaged,73.4,Medium
439,F,18,none,middle,0,12.2,0.886,0,1,1,5.53,6.04,0.0,1,4,60.1,56.6,67.2,49.9,Neutral,55.7,Medium
440,F,19,bachelor,middle,25,5.2,0.718,0,0,1,7.99,5.38,0.37,1,1,95.4,80.5,91.3,77.1,At-Risk,82.8,High
441,F,19,none,middle,27,12.7,1.0,0,1,1,8.71,3.3,0.0,0,2,48.2,57.3,100.0,71.7,Neutral,82.1,High
442,M,19,bachelor,low,41,1.7,0.735,0,0,1,5.59,5.37,0.0,1,0,57.4,69.5,68.1,40.2,At-Risk,65.3,Medium
443,F,22,bachelor,high,12,3.4,0.836,0,1,1,7.12,6.06,5.34,0,2,50.3,26.8,66.4,60.1,Neutral,63.7,Medium
444,M,21,master,middle,0,12.1,0.756,0,0,1,6.36,2.34,0.0,0,3,73.6,21.6,65.4,23.8,Neutral,42.0,Low
445,M,17,high_school,middle,7,16.0,0.756,0,0,1,7.96,6.86,3.14,0,1,47.9,57.8,58.2,59.3,Neutral,63.8,Medium
446,F,17,bachelor,low,6,13.0,0.815,0,0,1,7.2,6.18,4.01,0,1,92.3,69.6,74.0,66.3,Engaged,77.1,High
447,Other,20,high_school,low,33,15.1,0.924,0,1,1,10.0,2.72,4.17,0,0,66.2,79.1,88.3,69.0,Engaged,86.8,High
448,F,18,master,low,0,12.2,0.989,0,0,1,6.54,6.05,2.75,0,1,71.2,58.8,28.2,40.0,Engaged,47.1,Low
449,M,18,high_school,middle,15,11.0,0.821,1,0,1,8.74,5.83,4.84,0,1,71.9,66.4,65.3,45.2,Neutral,60.2,Medium
450,F,16,high_school,middle,43,7.0,0.759,0,0,1,8.86,5.9,5.77,1,1,64.7,76.2,91.8,64.9,At-Risk,85.7,High
451,M,17,high_school,low,22,14.9,0.908,1,0,1,7.54,7.35,1.6,1,0,66.8,59.7,74.3,85.0,Neutral,72.5,Medium
452,F,20,master,middle,35,16.1,0.911,0,0,0,6.94,4.18,3.09,0,3,66.3,72.6,74.6,61.8,Neutral,73.3,Medium
453,F,21,high_school,high,0,9.6,0.884,0,0,1,7.01,4.86,4.75,0,1,72.8,41.7,42.4,48.8,Neutral,43.7,Low
454,M,21,bachelor,low,0,9.3,0.888,0,0,1,6.91,0.0,0.48,0,3,52.7,32.2,79.2,79.4,Neutral,74.5,Medium
455,M,17,bachelor,middle,44,19.5,0.849,0,0,0,8.26,6.43,1.71,0,1,50.1,52.4,84.1,62.6,Engaged,71.5,Medium
456,M,16,bachelor,middle,24,9.9,0.87,0,0,1,5.85,6.24,0.95,0,2,77.3,75.9,71.2,63.6,Neutral,67.6,Medium
457,Other,16,high_school,low,24,10.5,0.842,1,0,1,6.71,6.91,3.12,0,1,65.0,49.2,57.5,76.0,Neutral,59.7,Medium
458,M,18,none,middle,5,12.9,0.967,1,0,1,6.56,2.33,0.0,0,1,34.9,73.7,75.1,58.1,Neutral,67.0,Medium
459,F,19,high_school,middle,24,9.4,1.0,3,0,1,4.83,6.12,5.07,0,2,57.9,43.5,51.4,41.3,Neutral,41.8,Low
460,F,22,high_school,low,5,5.1,0.878,2,1,1,7.93,6.24,3.27,0,1,87.9,51.5,49.3,56.9,Neutral,54.2,Medium
461,F,22,bachelor,low,40,12.3,0.859,0,0,1,8.18,2.9,3.38,0,1,62.6,66.4,80.8,82.2,Engaged,75.9,High
462,M,15,high_school,high,63,9.8,0.886,0,0,0,6.14,6.31,0.0,0,1,57.0,50.0,85.5,97.9,Neutral,70.1,Medium
463,F,20,high_school,low,29,21.1,0.794,0,1,1,8.14,5.13,0.12,0,1,42.6,53.0,56.1,35.6,Engaged,64.2,Medium
464,M,17,high_school,middle,12,14.7,0.936,0,1,1,5.0,0.8,5.18,0,1,56.5,15.0,49.4,92.7,Engaged,61.8,Medium
465,F,16,bachelor,middle,0,6.4,0.904,1,0,1,6.93,5.37,1.85,2,1,47.5,77.1,54.0,52.7,Neutral,58.8,Medium
466,F,19,high_school,middle,0,14.4,0.818,0,0,1,6.75,2.67,0.0,0,0,71.4,59.9,71.2,60.4,Neutral,65.9,Medium
467,F,15,bachelor,middle,45,11.8,0.95,0,1,1,7.01,0.85,2.64,1,3,65.7,45.0,49.4,94.0,Neutral,70.5,Medium
468,F,17,none,middle,7,17.9,0.862,0,1,1,7.0,4.93,3.56,0,2,59.5,95.0,88.5,51.8,Engaged,80.2,High
469,M,19,phd,middle,16,6.9,0.763,1,0,1,6.81,4.07,3.26,0,1,53.6,47.8,60.6,54.5,At-Risk,51.8,Medium
470,F,17,bachelor,middle,32,11.1,0.895,0,0,1,6.43,7.01,1.9,0,1,87.9,52.7,73.9,47.1,Engaged,59.6,Medium
471,M,19,high_school,middle,44,9.4,0.884,1,1,0,6.77,4.56,4.47,0,4,54.4,44.7,56.1,60.8,At-Risk,61.9,Medium
472,M,18,none,middle,19,10.4,0.956,0,1,1,8.54,5.76,0.8,1,1,54.5,81.9,77.3,66.2,At-Risk,79.0,High
473,M,21,high_school,middle,16,4.7,0.943,0,0,1,6.21,5.22,3.28,0,1,61.4,87.8,78.7,46.3,Neutral,71.6,Medium
474,M,16,high_school,low,23,13.5,0.849,0,0,1,9.61,6.24,2.47,0,2,63.5,86.0,41.2,89.0,Engaged,66.5,Medium
475,M,15,high_school,middle,13,12.5,0.813,1,0,1,6.14,2.43,1.93,0,1,72.2,85.8,57.1,45.1,Neutral,57.7,Medium
476,M,19,master,middle,13,17.7,0.86,1,0,0,7.19,4.6,1.44,2,1,79.0,51.2,65.5,70.0,Neutral,65.9,Medium
477,M,17,bachelor,low,28,9.9,0.896,0,0,0,7.59,3.92,1.51,0,3,77.8,92.1,59.6,60.5,Engaged,62.5,Medium
478,F,20,high_school,low,25,7.5,0.908,0,0,1,6.55,5.51,2.26,1,1,100.0,58.5,81.9,84.9,Neutral,79.7,High
479,F,15,bachelor,middle,54,14.7,0.89,0,0,1,8.56,4.71,1.61,0,1,39.6,34.2,58.4,43.9,At-Risk,54.3,Medium
480,M,19,high_school,middle,29,5.2,0.851,0,0,1,7.55,2.97,3.67,0,2,68.5,54.3,79.4,71.5,Engaged,70.6,Medium
481,M,22,phd,middle,39,16.5,0.96,0,1,1,6.65,3.52,1.13,0,3,57.2,67.9,75.8,100.0,Engaged,82.0,High
482,M,15,none,middle,6,16.5,0.793,0,1,1,8.55,7.5,5.34,0,3,95.1,50.4,66.3,31.2,Neutral,44.2,Low
483,F,17,bachelor,high,30,17.5,1.0,0,1,1,5.68,0.81,1.04,1,2,67.6,64.6,80.1,42.0,Engaged,70.6,Medium
484,M,21,bachelor,middle,11,12.3,0.936,1,1,1,6.22,5.62,4.04,0,2,34.6,71.7,43.4,100.0,Engaged,61.4,Medium
485,M,19,none,low,28,7.1,0.747,1,1,1,7.58,6.68,4.13,0,0,71.5,69.4,67.0,57.3,At-Risk,67.0,Medium
486,M,16,high_school,high,32,10.7,0.879,1,0,1,7.86,5.36,2.53,0,1,69.0,73.8,55.6,62.3,Neutral,62.2,Medium
487,M,16,high_school,low,23,12.3,0.937,3,0,0,7.29,8.14,2.35,0,0,76.4,58.8,66.3,53.4,Engaged,60.4,Medium
488,M,21,master,middle,58,6.6,0.825,2,1,1,6.75,6.08,0.74,0,1,54.1,48.9,60.5,93.1,At-Risk,61.2,Medium
489,F,21,bachelor,middle,43,18.0,0.71,0,0,1,6.6,4.97,1.17,0,0,69.9,35.5,69.0,27.7,Engaged,42.8,Low
490,F,17,bachelor,low,40,13.5,0.756,0,0,1,8.26,3.27,2.64,0,2,60.9,60.4,68.2,84.7,At-Risk,73.1,Medium
491,F,18,bachelor,middle,33,4.6,0.914,0,1,1,7.19,5.01,2.11,0,1,54.9,52.3,70.2,30.4,Engaged,56.9,Medium
492,F,21,master,middle,48,21.3,0.685,1,0,1,5.85,5.56,4.57,2,1,70.1,59.9,70.9,28.7,Neutral,37.2,Low
493,F,16,bachelor,low,0,10.6,0.715,0,1,1,5.78,4.21,1.29,0,2,67.3,24.7,77.2,38.3,At-Risk,52.8,Medium
494,M,16,bachelor,low,43,3.4,0.914,0,0,1,8.72,2.71,1.41,0,1,80.8,34.7,47.9,57.4,At-Risk,61.6,Medium
495,F,21,bachelor,low,7,5.0,0.838,0,0,1,6.04,1.79,0.0,0,1,65.4,71.2,76.1,45.7,Neutral,68.8,Medium
496,F,16,high_school,low,14,18.9,0.79,0,1,1,7.23,4.57,3.49,1,1,74.1,32.6,43.8,44.5,Engaged,38.4,Low
497,M,21,master,middle,30,20.9,0.811,0,1,1,8.52,1.24,3.31,0,2,46.9,58.6,23.3,41.4,Engaged,47.2,Low
498,F,18,none,middle,40,16.1,0.713,1,0,0,7.55,3.26,4.15,0,3,85.9,47.0,99.6,41.8,At-Risk,66.7,Medium
499,M,22,high_school,middle,5,17.9,0.908,0,0,1,5.99,0.0,4.27,1,2,53.3,45.9,53.0,41.3,Neutral,37.9,Low
500,F,15,master,middle,14,17.3,0.779,1,0,0,5.68,5.87,3.78,0,2,78.5,63.5,60.8,64.7,Neutral,58.1,Medium
501,F,22,high_school,low,23,13.3,0.806,0,0,1,9.14,6.51,3.86,1,2,68.9,62.5,38.2,47.3,At-Risk,55.8,Medium
502,F,16,high_school,low,19,12.0,0.895,1,0,1,5.65,4.36,3.42,0,2,67.0,71.8,60.7,6.7,Neutral,36.5,Low
503,F,15,high_school,middle,35,13.2,0.834,0,0,1,6.24,7.86,3.73,1,3,76.4,42.2,71.3,59.3,At-Risk,55.8,Medium
504,F,20,bachelor,high,74,14.4,0.79,0,0,1,7.35,6.89,0.0,0,3,32.9,46.1,71.9,75.0,At-Risk,62.8,Medium
505,F,19,master,middle,28,5.6,0.661,3,0,1,6.64,5.16,0.0,0,1,56.4,82.2,48.7,54.4,At-Risk,49.5,Low
506,F,21,none,low,11,14.4,0.897,2,0,1,7.59,3.97,0.0,0,0,76.2,58.0,60.9,34.8,Engaged,58.5,Medium
507,M,15,none,middle,3,18.8,0.868,1,0,1,5.14,3.5,4.74,0,1,93.8,68.6,73.9,74.9,Engaged,78.0,High
508,F,15,bachelor,high,17,8.8,0.808,2,0,1,6.65,5.32,0.63,0,2,64.6,53.1,71.8,32.5,At-Risk,47.4,Low
509,F,19,master,middle,8,8.1,0.756,0,0,1,7.71,3.92,0.95,0,1,28.4,70.2,70.1,53.6,At-Risk,58.6,Medium
510,M,22,high_school,low,29,12.9,0.861,0,1,1,7.72,5.3,2.21,0,3,60.2,17.2,80.2,59.6,Neutral,66.5,Medium
511,M,18,master,low,29,6.1,0.908,0,1,1,6.21,5.44,0.0,0,0,64.1,82.7,66.3,81.6,Engaged,85.1,High
512,F,21,master,middle,15,2.1,0.87,1,1,1,5.67,3.74,2.96,1,0,81.6,53.8,90.3,71.6,Neutral,74.4,Medium
513,M,22,high_school,high,52,16.9,1.0,1,0,1,7.16,6.39,0.0,0,2,65.7,39.5,63.3,64.8,Engaged,60.9,Medium
514,M,21,master,middle,11,7.3,0.93,3,0,1,5.33,3.74,0.0,0,1,45.8,42.9,79.1,78.6,At-Risk,66.7,Medium
515,M,19,bachelor,low,20,10.1,0.849,1,0,1,8.44,4.24,2.6,0,0,79.5,57.3,79.7,36.8,Engaged,54.0,Medium
516,M,20,bachelor,middle,32,6.3,0.934,0,0,0,7.09,2.24,0.0,0,2,73.5,60.0,41.8,91.6,At-Risk,60.9,Medium
517,M,19,high_school,middle,35,17.7,0.865,0,1,1,6.06,3.66,4.8,0,5,54.5,64.5,75.1,0.0,Engaged,49.1,Low
518,F,20,master,middle,41,15.1,0.865,0,0,1,5.63,8.52,2.29,0,2,75.8,40.5,57.8,88.6,Neutral,52.0,Medium
519,M,19,bachelor,middle,28,8.6,0.99,0,1,1,6.14,2.4,4.46,0,0,56.8,77.7,51.9,43.2,Engaged,61.4,Medium
520,F,19,bachelor,middle,38,2.9,0.77,1,0,1,5.03,5.08,2.92,1,0,60.5,52.6,61.2,67.6,Neutral,54.1,Medium
521,F,18,phd,low,12,7.9,0.862,0,0,1,7.49,3.29,2.18,0,2,57.1,51.7,70.6,89.0,Neutral,72.0,Medium
522,M,20,bachelor,middle,36,13.4,0.979,2,0,1,5.94,0.0,0.21,1,2,60.4,57.9,43.0,71.2,Neutral,45.7,Low
523,M,21,master,middle,36,11.1,0.891,0,1,1,7.38,5.32,4.06,0,1,78.6,73.9,68.4,67.4,At-Risk,76.1,High
524,F,22,master,high,45,10.7,0.823,0,0,1,7.55,3.09,3.08,0,1,38.2,61.4,64.5,77.3,At-Risk,69.7,Medium
525,M,19,high_school,middle,0,11.3,0.689,1,0,0,8.06,4.84,6.37,0,1,81.6,52.2,84.6,30.4,Neutral,54.6,Medium
526,M,15,none,middle,8,14.6,0.633,0,0,1,7.2,6.18,3.86,0,1,67.6,56.2,57.9,33.4,Neutral,52.5,Medium
527,F,19,high_school,middle,34,9.7,1.0,1,1,1,8.25,4.67,1.41,1,4,59.1,83.9,87.0,65.4,Engaged,79.9,High
528,Other,17,master,middle,0,12.7,0.891,0,0,1,8.56,4.86,2.78,0,0,65.3,81.0,74.2,56.0,Engaged,70.5,Medium
529,F,15,high_school,middle,29,4.1,0.802,0,1,1,7.21,2.46,3.04,0,1,51.4,68.6,67.5,53.7,At-Risk,67.1,Medium
530,M,15,bachelor,middle,38,25.3,0.895,0,0,1,7.28,5.61,4.53,0,1,40.5,64.7,88.4,84.8,Engaged,76.4,High
531,F,19,none,middle,13,8.3,0.765,0,0,1,6.23,3.82,4.84,1,2,51.8,100.0,98.8,83.0,At-Risk,84.8,High
532,F,22,high_school,middle,16,11.2,0.827,1,0,1,5.71,0.2,1.88,1,3,36.6,70.3,64.6,41.6,At-Risk,63.7,Medium
533,M,19,bachelor,middle,6,13.4,0.766,2,1,0,8.44,5.85,0.0,0,1,44.7,65.3,56.2,68.8,At-Risk,60.1,Medium
534,F,18,high_school,low,14,7.5,0.719,1,0,1,7.63,6.47,0.0,0,1,40.7,58.4,74.9,28.7,Engaged,53.0,Medium
535,M,15,master,middle,15,10.0,0.65,0,0,1,7.72,7.16,0.0,0,1,83.4,68.4,45.2,28.2,At-Risk,46.4,Low
536,M,20,high_school,middle,12,10.0,0.7,3,0,1,6.19,8.54,1.02,0,2,45.7,7.2,47.2,42.1,At-Risk,30.7,Low
537,F,15,master,middle,11,4.5,0.962,0,1,1,8.85,5.75,5.21,0,1,64.4,80.5,88.9,58.9,Engaged,77.3,High
538,M,21,high_school,middle,18,12.6,0.761,0,0,1,6.63,5.23,5.24,0,2,81.8,39.1,77.1,46.9,Neutral,53.8,Medium
539,M,21,phd,middle,18,0.1,0.913,1,0,0,5.94,6.38,4.12,0,2,77.8,49.1,54.3,69.0,At-Risk,62.2,Medium
540,F,22,bachelor,middle,50,20.5,0.956,2,0,0,6.21,2.43,4.66,1,2,60.6,36.8,100.0,59.7,Engaged,54.5,Medium
541,Other,17,none,middle,16,14.8,0.862,2,0,1,8.79,0.86,0.79,2,0,60.6,48.7,45.9,82.3,At-Risk,55.3,Medium
542,F,16,none,low,27,13.8,0.83,1,1,1,5.57,3.25,0.0,0,2,67.7,55.9,77.9,70.9,At-Risk,64.4,Medium
543,F,17,none,middle,13,0.0,0.873,0,0,1,6.0,6.75,0.19,0,0,96.7,78.0,55.3,39.2,Neutral,47.3,Low
544,Other,21,bachelor,middle,13,5.2,0.818,0,1,1,10.0,2.88,0.0,1,2,71.2,85.2,96.5,78.0,Neutral,86.0,High
545,M,16,master,middle,0,18.3,0.98,0,1,1,8.03,5.13,0.0,1,4,75.0,96.9,59.5,42.8,Neutral,58.6,Medium
546,M,22,high_school,middle,0,34.9,1.0,0,0,0,6.02,5.35,1.19,1,0,99.0,63.8,63.4,68.2,Engaged,59.4,Medium
547,M,16,high_school,middle,4,17.2,1.0,0,1,1,5.6,4.69,2.53,0,1,69.2,58.1,39.1,50.2,Engaged,70.8,Medium
548,M,15,bachelor,low,25,16.2,0.645,0,0,0,4.89,1.64,2.47,0,0,82.2,76.0,100.0,86.5,Neutral,89.7,High
549,F,16,bachelor,middle,38,13.1,0.816,0,0,0,7.02,4.89,0.82,0,2,72.2,46.6,58.1,74.6,Engaged,63.9,Medium
550,M,21,bachelor,low,0,4.9,0.86,0,0,1,7.77,3.36,3.34,0,0,71.9,44.6,75.7,46.1,Neutral,59.8,Medium
551,M,19,bachelor,middle,14,16.0,0.906,1,1,0,8.72,7.61,0.86,1,2,50.5,55.4,68.1,52.3,At-Risk,52.6,Medium
552,M,17,bachelor,middle,1,3.4,0.687,0,0,0,4.63,6.47,2.22,1,1,48.1,61.4,59.2,100.0,At-Risk,69.7,Medium
553,M,20,phd,middle,18,2.7,0.686,0,1,0,5.31,3.43,0.0,0,4,57.3,24.8,32.4,34.8,At-Risk,31.7,Low
554,F,20,high_school,middle,38,2.4,0.991,0,0,1,6.76,7.73,4.38,0,0,78.2,81.2,64.3,45.6,Engaged,54.8,Medium
555,M,19,none,high,15,15.9,0.804,0,0,0,10.0,4.89,2.24,0,1,77.5,66.3,63.7,46.6,Engaged,70.6,Medium
556,M,19,high_school,middle,21,9.7,0.711,0,1,1,7.96,0.86,3.56,0,2,85.0,76.4,73.1,36.8,At-Risk,63.3,Medium
557,M,15,bachelor,middle,44,10.6,0.75,0,0,1,7.35,4.04,0.0,0,0,64.8,33.7,100.0,38.9,At-Risk,57.6,Medium
558,F,17,high_school,high,29,9.9,0.899,2,0,1,5.43,7.47,2.55,0,1,73.1,50.0,78.3,57.8,At-Risk,61.0,Medium
559,F,19,master,middle,11,3.2,0.778,1,1,1,4.36,2.56,3.34,0,1,73.1,49.1,81.8,69.5,At-Risk,60.8,Medium
560,F,16,bachelor,middle,24,6.0,0.884,0,0,1,6.95,4.06,0.0,0,1,63.4,58.4,63.1,28.1,Neutral,47.3,Low
561,M,18,bachelor,low,10,6.3,0.762,0,1,1,6.78,1.48,4.54,0,2,60.2,61.4,47.0,50.0,Engaged,64.6,Medium
562,M,15,bachelor,low,28,1.6,0.686,0,1,1,6.58,1.8,0.0,0,4,42.7,77.7,63.5,43.9,At-Risk,57.6,Medium
563,F,21,high_school,low,30,7.0,1.0,0,0,1,6.44,2.53,2.62,0,3,62.7,63.8,56.2,36.6,Engaged,53.5,Medium
564,F,15,master,low,1,3.5,0.9,0,0,1,6.0,1.75,5.78,0,1,63.4,48.7,67.2,79.9,Neutral,68.3,Medium
565,F,15,none,middle,25,13.5,0.827,2,1,0,5.73,2.96,4.11,1,0,82.0,100.0,60.1,44.7,At-Risk,63.5,Medium
566,F,20,bachelor,low,20,14.0,0.808,0,1,1,8.57,7.68,0.0,0,1,83.5,57.2,41.2,32.6,Engaged,45.3,Low
567,F,16,master,middle,30,2.2,1.0,0,0,1,5.84,4.13,1.84,1,0,67.2,45.7,88.3,77.6,Neutral,88.0,High
568,M,17,bachelor,low,34,8.2,0.919,1,0,1,6.57,5.77,4.67,1,1,96.0,28.1,65.7,85.0,At-Risk,55.6,Medium
569,M,17,master,low,29,21.1,0.975,0,0,1,6.85,6.38,0.57,1,2,67.8,63.6,62.7,64.8,Engaged,58.5,Medium
570,F,16,high_school,high,17,4.1,0.802,0,0,1,7.75,1.98,1.48,0,1,80.5,74.4,50.3,41.2,Neutral,58.5,Medium
571,M,21,master,middle,36,12.6,0.865,0,0,1,5.88,2.54,1.42,0,2,63.5,41.5,60.4,54.4,Engaged,46.8,Low
572,F,20,bachelor,high,9,10.6,0.9,0,0,1,8.07,5.73,3.34,0,0,47.9,73.2,54.2,46.9,Engaged,66.5,Medium
573,F,16,bachelor,middle,2,16.6,0.805,0,0,1,6.2,2.93,0.0,0,2,58.6,63.5,48.9,59.0,Engaged,55.5,Medium
574,F,20,none,low,0,11.8,0.85,3,0,1,6.71,5.6,3.45,0,0,87.1,30.1,70.6,74.3,Neutral,56.3,Medium
575,F,20,high_school,middle,21,7.4,0.802,0,1,1,8.87,7.55,0.95,0,1,61.0,73.3,60.5,59.5,Neutral,69.1,Medium
576,F,19,bachelor,middle,10,10.4,0.9,1,0,1,5.74,1.29,2.18,1,3,58.0,57.2,80.0,59.9,Engaged,60.5,Medium
577,F,19,none,low,28,10.5,0.728,0,0,1,7.77,3.49,1.75,0,0,64.9,41.7,62.2,49.7,Engaged,59.9,Medium
578,F,22,bachelor,high,0,9.4,0.917,1,0,0,8.11,3.8,3.4,0,2,59.2,79.2,69.8,73.3,Neutral,74.8,Medium
579,F,18,master,middle,12,2.1,0.891,0,0,1,7.27,3.15,2.16,0,1,82.9,78.9,69.4,67.4,Engaged,75.2,High
580,M,18,master,middle,29,17.5,0.84,0,1,1,6.76,2.98,5.08,0,3,93.3,41.3,74.2,23.2,Engaged,42.6,Low
581,F,19,high_school,middle,7,16.4,0.905,0,0,1,9.45,3.22,4.18,0,2,65.1,67.3,54.5,24.4,Engaged,48.2,Low
582,F,21,master,middle,28,3.7,0.824,0,0,0,6.88,4.17,0.61,1,1,73.1,65.7,82.4,53.4,At-Risk,66.7,Medium
583,M,20,none,low,14,8.2,0.793,0,1,0,7.14,4.53,4.93,0,2,79.6,60.8,49.1,79.4,Neutral,75.6,High
584,M,15,bachelor,high,22,8.6,0.914,0,0,1,6.5,6.11,2.84,0,1,66.6,52.7,68.7,83.3,Engaged,61.9,Medium
585,F,18,master,middle,31,3.1,0.919,1,0,1,7.08,4.15,2.54,0,1,51.8,59.3,48.7,75.3,At-Risk,56.3,Medium
586,F,20,none,low,36,0.0,0.809,0,1,1,8.06,6.44,3.9,0,0,58.9,78.9,66.1,57.0,Neutral,77.5,High
587,M,16,none,low,23,6.0,0.801,0,1,1,6.57,3.02,0.12,0,1,71.2,69.4,82.3,89.3,Engaged,77.3,High
588,M,22,none,middle,10,7.9,0.842,2,0,1,4.37,1.8,0.0,0,3,70.9,27.3,76.9,45.6,At-Risk,43.9,Low
589,M,21,bachelor,high,15,1.4,0.805,0,0,1,7.52,3.59,2.25,0,1,38.1,23.4,84.9,53.2,At-Risk,68.6,Medium
590,M,21,master,high,32,11.1,1.0,0,0,1,5.61,5.12,0.99,1,0,58.5,28.6,63.1,31.6,Neutral,49.7,Low
591,F,15,high_school,middle,7,17.0,0.892,1,0,1,7.79,5.92,6.35,0,1,53.9,37.6,82.5,53.1,Engaged,64.8,Medium
592,M,19,high_school,high,19,15.1,0.861,1,0,1,6.9,7.12,0.67,0,1,78.2,48.4,56.9,42.8,Engaged,54.3,Medium
593,M,19,bachelor,middle,16,9.2,0.767,0,1,1,8.03,4.78,2.28,1,2,54.5,53.9,60.7,90.8,At-Risk,70.1,Medium
594,F,20,high_school,low,20,0.0,0.934,0,0,1,5.76,5.71,2.58,0,1,58.1,60.8,70.1,86.8,Engaged,74.7,Medium
595,M,21,bachelor,middle,7,14.3,0.799,0,0,1,6.26,6.94,4.66,0,0,57.6,61.4,81.6,61.3,At-Risk,75.6,High
596,M,17,master,low,0,10.9,0.795,0,1,1,6.49,2.64,0.21,0,4,76.9,61.1,59.2,69.3,At-Risk,58.7,Medium
597,F,19,bachelor,low,30,12.5,0.937,1,1,1,5.12,3.78,0.0,1,2,79.5,82.6,79.1,47.9,Engaged,79.8,High
598,F,20,master,middle,36,21.6,0.899,2,1,1,8.23,9.74,4.99,0,1,72.4,31.8,71.7,9.3,Engaged,38.6,Low
599,Other,21,bachelor,low,0,5.1,0.61,0,0,1,4.95,5.91,2.36,0,2,81.6,68.0,73.4,44.8,At-Risk,66.4,Medium
600,F,21,master,high,28,0.0,0.844,0,0,1,8.22,5.22,3.82,0,5,83.5,67.9,54.3,75.0,At-Risk,65.0,Medium
601,M,17,high_school,high,38,3.7,0.873,1,0,1,7.41,5.99,3.91,1,4,37.8,39.3,61.8,68.8,At-Risk,49.8,Low
602,F,22,none,middle,31,12.9,0.826,0,0,1,6.66,1.53,4.26,1,2,73.9,71.6,66.5,52.2,Neutral,64.8,Medium
603,F,15,bachelor,middle,16,10.2,0.876,1,0,1,7.31,2.91,1.44,2,2,59.5,68.7,73.4,74.8,At-Risk,67.9,Medium
604,F,18,none,middle,8,2.7,0.679,0,0,1,7.28,2.18,0.9,1,3,46.1,61.2,55.1,50.6,At-Risk,41.8,Low
605,F,19,master,low,23,1.5,0.577,0,0,0,6.42,5.04,0.0,0,0,60.2,18.5,47.3,37.2,At-Risk,37.6,Low
606,F,15,bachelor,low,26,7.9,0.762,0,0,1,7.26,3.46,0.21,0,1,76.0,79.3,33.9,74.8,Engaged,53.3,Medium
607,F,18,master,low,23,2.5,0.888,3,1,0,7.78,4.39,2.32,0,2,86.8,66.1,79.9,47.8,At-Risk,64.3,Medium
608,M,19,high_school,low,19,13.1,0.538,0,0,1,5.77,3.58,0.8,2,2,44.8,69.3,83.1,80.5,At-Risk,70.7,Medium
609,F,19,bachelor,low,6,7.5,0.776,1,0,1,7.32,0.95,0.0,1,0,74.3,1.0,35.8,20.0,At-Risk,28.1,Low
610,M,15,bachelor,low,28,6.2,0.668,0,0,1,3.75,5.97,2.3,0,2,94.5,52.4,69.2,48.6,Neutral,52.4,Medium
611,F,17,high_school,low,29,5.5,0.836,0,0,1,4.58,0.68,4.89,1,0,92.5,36.2,62.0,71.9,Engaged,51.7,Medium
612,F,16,bachelor,high,25,11.6,1.0,0,0,1,7.58,2.74,2.09,1,1,13.2,85.3,87.5,69.9,Engaged,74.3,Medium
613,F,20,bachelor,low,24,10.3,0.838,0,0,1,6.4,1.57,0.0,0,0,97.7,42.1,64.6,55.6,Engaged,70.3,Medium
614,Other,17,phd,low,47,11.2,0.849,0,0,1,5.88,2.44,4.74,0,1,79.4,88.6,76.7,65.7,At-Risk,94.4,High
615,M,19,bachelor,middle,13,11.1,0.944,0,0,1,6.84,4.6,0.65,0,2,30.4,79.2,61.2,62.8,At-Risk,79.5,High
616,F,20,high_school,middle,41,9.6,0.862,0,0,1,6.42,6.67,5.16,0,2,53.5,66.0,57.0,30.2,Neutral,42.9,Low
617,F,21,bachelor,middle,11,3.8,0.839,0,0,0,5.71,1.08,1.67,0,1,83.9,82.4,80.3,52.7,Engaged,63.6,Medium
618,M,16,bachelor,low,39,5.6,0.953,1,0,1,4.93,3.09,2.41,0,2,70.4,45.0,85.3,64.5,Engaged,59.1,Medium
619,M,22,high_school,middle,41,7.6,0.907,2,1,1,4.54,0.7,5.32,1,2,56.4,48.2,47.7,70.1,Neutral,58.3,Medium
620,M,16,high_school,middle,18,22.4,0.889,0,1,1,7.79,2.99,0.0,0,1,66.0,78.6,86.3,58.7,Engaged,91.0,High
621,F,15,high_school,middle,47,1.9,0.846,0,0,1,6.39,4.34,0.1,0,4,73.2,45.1,52.4,49.0,Neutral,54.2,Medium
622,F,15,high_school,middle,29,7.5,0.825,3,0,1,8.06,5.73,1.55,0,1,56.3,38.1,30.7,33.3,At-Risk,31.1,Low
623,Other,16,bachelor,middle,9,10.6,0.952,0,1,1,6.38,0.0,1.92,0,2,63.1,56.2,68.2,75.1,Engaged,65.4,Medium
624,M,21,high_school,middle,16,8.2,0.826,1,0,1,7.33,5.3,7.48,0,1,78.5,46.1,76.1,72.9,Engaged,63.1,Medium
625,F,16,bachelor,low,39,16.4,0.983,0,0,1,6.75,2.25,0.42,0,1,54.5,95.6,43.7,79.7,Engaged,72.5,Medium
626,M,20,high_school,middle,36,8.1,0.755,1,0,1,6.95,1.77,0.0,1,3,44.6,76.0,36.3,38.4,At-Risk,49.4,Low
627,F,18,bachelor,low,6,8.6,1.0,0,0,1,7.01,4.33,0.33,0,1,55.4,51.6,60.1,62.4,Neutral,58.7,Medium
628,M,15,high_school,low,20,14.9,0.907,0,1,1,6.37,5.45,2.66,1,1,51.7,44.0,57.9,46.2,At-Risk,57.4,Medium
629,F,18,master,middle,25,20.9,0.763,0,0,1,5.42,4.0,3.18,0,0,55.9,68.1,89.9,60.9,Neutral,76.0,High
630,F,15,none,low,14,18.4,0.911,0,1,1,7.82,2.01,0.79,0,0,39.1,83.4,68.2,100.0,Engaged,87.4,High
631,F,18,bachelor,low,57,9.2,0.795,0,1,1,8.81,4.0,2.24,0,1,68.5,67.2,79.8,78.1,Neutral,75.7,High
632,F,19,high_school,middle,26,9.7,0.863,3,1,1,8.89,2.75,6.09,1,2,78.0,44.9,71.4,44.9,At-Risk,51.3,Medium
633,M,19,high_school,middle,21,10.3,0.811,0,1,0,6.24,5.41,2.27,1,1,52.8,36.1,93.1,54.9,At-Risk,66.4,Medium
634,M,17,bachelor,middle,40,10.9,0.847,0,1,1,6.02,6.35,2.84,1,3,55.2,55.2,53.7,52.8,At-Risk,51.0,Medium
635,M,21,master,high,17,4.9,0.954,0,0,1,6.23,6.22,5.98,1,2,62.2,67.7,66.6,62.5,Neutral,70.6,Medium
636,M,19,master,high,37,15.6,0.912,0,1,1,6.69,4.16,0.8,0,2,51.3,53.5,42.9,29.5,Neutral,56.8,Medium
637,F,17,high_school,middle,0,11.2,0.747,0,0,1,6.84,6.45,0.67,0,1,79.8,80.1,81.0,66.5,At-Risk,75.8,High
638,F,18,high_school,low,15,9.7,0.753,0,0,1,5.7,2.16,1.26,1,2,51.7,71.5,85.8,17.6,Neutral,57.2,Medium
639,F,15,bachelor,middle,38,2.4,0.887,1,0,1,5.12,7.77,1.14,0,0,57.1,66.3,82.0,26.5,At-Risk,64.1,Medium
640,F,22,bachelor,middle,46,10.4,0.894,1,0,1,6.96,2.15,0.0,2,1,53.6,71.1,66.0,100.0,Neutral,75.0,High
641,F,21,high_school,middle,10,0.0,0.793,0,0,1,3.5,0.14,2.48,0,0,80.1,37.0,44.2,52.8,Neutral,55.3,Medium
642,F,17,bachelor,low,9,6.5,1.0,1,0,1,6.78,6.93,2.63,0,2,61.5,53.0,66.6,88.5,Engaged,69.2,Medium
643,M,20,bachelor,low,31,6.6,0.941,0,0,0,5.77,2.78,1.83,1,1,94.9,43.3,57.2,43.8,Engaged,54.7,Medium
644,M,20,bachelor,low,13,11.7,0.797,0,0,1,7.84,4.43,2.69,1,0,70.3,68.9,82.8,18.0,Neutral,68.8,Medium
645,F,19,high_school,low,18,21.3,0.788,2,0,1,8.16,2.14,2.72,1,0,82.4,43.5,61.2,39.0,Engaged,53.3,Medium
646,F,15,high_school,low,35,13.4,0.837,1,0,1,8.19,8.93,0.0,0,2,60.1,63.5,60.8,100.0,Engaged,70.1,Medium
647,M,22,high_school,high,14,18.7,0.827,0,0,1,6.48,7.84,2.78,2,1,50.9,59.0,100.0,31.8,Engaged,70.6,Medium
648,F,22,bachelor,low,0,13.9,0.986,0,0,1,5.54,7.29,3.32,0,0,64.5,72.8,80.8,95.5,Engaged,78.6,High
649,F,22,high_school,middle,2,16.8,0.958,0,0,0,5.92,4.38,0.0,0,0,54.8,40.5,85.2,66.9,Engaged,68.4,Medium
650,M,22,bachelor,high,22,21.1,0.864,0,0,1,7.25,6.16,5.13,1,2,35.0,70.1,59.8,62.4,At-Risk,67.6,Medium
651,M,22,bachelor,middle,0,5.6,0.928,0,0,1,4.92,4.09,0.0,0,0,80.2,42.7,50.4,45.0,Neutral,60.3,Medium
652,F,20,bachelor,middle,18,5.2,0.942,0,0,1,8.57,6.44,0.0,0,2,65.5,44.6,85.1,42.0,Neutral,56.4,Medium
653,F,15,none,middle,1,14.0,0.866,2,1,1,6.5,3.38,2.6,0,3,54.5,59.4,91.9,71.3,Neutral,71.9,Medium
654,M,18,high_school,low,47,10.0,0.9,0,0,1,7.5,7.37,3.27,0,0,70.6,83.5,47.4,86.4,Engaged,72.4,Medium
655,F,16,bachelor,middle,54,11.3,0.919,0,0,1,4.76,3.28,3.76,0,1,65.7,46.9,59.7,63.9,Engaged,59.4,Medium
656,M,16,bachelor,middle,6,8.5,0.909,1,0,1,5.79,3.51,3.32,1,1,86.1,30.0,53.4,74.8,Neutral,45.7,Low
657,F,21,master,middle,26,6.4,0.782,1,1,1,4.61,3.27,1.16,0,3,71.5,45.0,75.7,51.5,At-Risk,61.5,Medium
658,M,21,high_school,middle,8,19.7,0.792,0,0,1,8.13,4.58,2.42,0,2,62.6,55.1,85.4,100.0,Neutral,71.9,Medium
659,F,19,master,high,17,3.4,0.831,0,0,1,6.71,3.42,1.57,0,1,75.4,95.6,62.1,64.8,Neutral,79.2,High
660,M,20,high_school,middle,49,14.1,0.789,1,0,1,7.59,5.17,2.55,1,1,64.5,69.0,62.1,100.0,At-Risk,80.3,High
661,M,16,high_school,middle,15,13.1,0.713,2,0,0,6.98,3.24,2.34,0,1,67.8,48.4,36.7,40.7,At-Risk,34.5,Low
662,F,16,none,middle,18,0.5,0.928,0,0,1,7.46,5.78,1.19,1,2,83.4,59.5,52.7,59.1,Neutral,49.5,Low
663,M,21,bachelor,middle,8,5.0,0.895,0,1,0,6.5,7.24,1.51,1,1,47.5,90.3,92.1,81.4,At-Risk,88.8,High
664,M,18,high_school,middle,39,6.0,0.726,1,1,1,6.66,4.36,0.0,1,2,52.1,57.7,75.9,62.8,At-Risk,61.3,Medium
665,M,19,high_school,middle,0,13.4,0.836,3,0,1,6.79,8.64,3.86,0,1,58.7,57.9,82.8,70.4,At-Risk,63.2,Medium
666,F,18,bachelor,high,15,7.8,0.842,0,0,1,7.39,6.46,2.8,0,4,60.9,54.7,62.2,40.4,At-Risk,52.5,Medium
667,F,16,bachelor,low,21,9.5,0.878,0,0,1,7.42,8.48,0.0,0,1,82.3,74.5,63.6,51.9,At-Risk,58.7,Medium
668,Other,21,none,middle,12,1.3,0.752,1,1,1,10.0,4.08,3.79,0,1,43.8,52.5,68.3,42.5,At-Risk,66.8,Medium
669,M,21,none,low,35,24.0,0.725,0,1,0,8.92,0.88,2.09,0,0,64.6,77.7,73.2,58.3,Neutral,68.9,Medium
670,M,20,bachelor,middle,40,10.4,0.912,0,0,1,4.77,2.79,0.33,0,0,56.7,81.1,90.0,56.2,At-Risk,83.4,High
671,M,17,high_school,middle,1,13.0,0.707,0,0,1,6.73,2.99,0.15,0,2,90.5,73.0,57.2,49.4,Engaged,52.8,Medium
672,F,20,high_school,middle,53,6.8,0.837,0,0,1,6.41,2.29,0.82,0,0,78.3,58.0,65.8,72.6,Neutral,68.0,Medium
673,Other,22,bachelor,middle,1,6.1,0.827,1,1,1,8.44,0.0,0.34,1,1,68.6,36.8,55.3,38.7,At-Risk,49.4,Low
674,F,20,high_school,middle,41,21.5,0.848,0,0,0,6.52,6.25,0.61,0,1,79.5,58.0,36.5,17.0,Engaged,40.7,Low
675,F,18,bachelor,low,24,0.0,0.885,1,0,1,7.46,0.48,5.6,1,1,45.2,50.0,82.7,48.6,Neutral,58.7,Medium
676,M,17,high_school,low,14,11.7,1.0,0,0,1,4.1,6.06,2.94,0,3,95.4,48.0,96.0,100.0,Engaged,79.6,High
677,F,19,high_school,low,16,2.7,0.7,1,0,1,5.08,8.57,6.27,1,1,52.4,57.7,80.2,70.2,At-Risk,63.4,Medium
678,F,17,high_school,high,21,7.6,0.948,0,1,1,9.41,2.64,2.65,0,2,83.9,70.6,71.7,43.1,Engaged,62.1,Medium
679,M,19,high_school,low,25,6.2,0.609,0,0,1,6.96,4.98,3.36,1,2,73.3,50.8,97.7,68.9,Neutral,72.5,Medium
680,M,15,none,high,8,4.1,0.999,2,0,1,5.7,3.4,0.44,0,0,69.0,37.3,75.3,57.3,Engaged,68.8,Medium
681,M,16,high_school,low,18,10.2,0.656,1,0,1,7.19,5.85,1.86,0,2,83.2,44.7,80.8,67.8,At-Risk,64.0,Medium
682,M,21,master,middle,10,0.0,1.0,0,0,1,5.64,1.81,2.04,1,0,79.9,92.4,70.3,77.6,Neutral,83.4,High
683,M,18,master,middle,4,8.1,0.821,0,0,1,6.56,3.94,3.44,0,1,66.6,71.9,72.7,63.9,Neutral,76.3,High
684,M,18,high_school,middle,10,9.5,0.989,0,1,1,5.16,6.44,2.1,0,2,58.7,44.8,65.9,62.4,Engaged,61.2,Medium
685,F,19,bachelor,middle,5,1.8,0.968,3,0,0,5.95,4.1,2.9,0,1,66.8,85.2,81.3,89.7,At-Risk,67.0,Medium
686,M,18,bachelor,middle,16,19.1,0.816,0,0,1,6.4,0.94,2.83,0,0,63.5,57.7,50.5,70.8,Engaged,61.5,Medium
687,M,21,master,high,28,6.4,0.824,2,0,1,8.24,6.68,1.59,1,1,70.3,100.0,74.7,63.9,Neutral,76.5,High
688,F,16,high_school,middle,24,8.6,0.776,0,0,0,7.46,1.61,1.39,2,1,80.3,66.7,54.4,60.8,At-Risk,70.4,Medium
689,F,21,high_school,low,52,6.4,0.939,0,1,1,7.67,4.36,0.86,1,2,72.0,72.2,76.2,48.7,At-Risk,62.6,Medium
690,F,16,high_school,low,0,9.5,0.818,0,0,1,6.87,5.37,4.36,0,1,67.8,77.1,100.0,35.1,Neutral,78.6,High
691,M,17,none,middle,29,17.8,0.778,0,1,1,7.89,4.44,1.6,0,1,55.2,88.7,79.2,73.4,Engaged,83.3,High
692,F,19,high_school,middle,22,24.8,0.914,2,0,1,5.85,9.27,2.86,0,1,69.9,54.1,86.8,85.5,Engaged,70.4,Medium
693,M,22,master,middle,34,14.5,0.77,0,1,1,6.02,5.67,1.89,0,0,39.6,87.2,82.4,68.6,Neutral,75.6,High
694,M,16,master,middle,33,16.5,0.827,2,0,1,7.39,3.8,4.33,1,1,53.0,50.8,30.8,71.3,Neutral,42.4,Low
695,F,19,high_school,middle,20,20.3,0.871,0,0,1,6.57,5.41,0.0,0,1,74.1,55.5,65.9,42.3,Neutral,60.8,Medium
696,F,15,bachelor,middle,25,11.5,0.796,0,1,1,6.88,4.62,2.81,0,0,78.3,62.2,75.2,48.1,Neutral,74.6,Medium
697,F,15,high_school,middle,11,19.4,0.811,2,1,0,6.7,4.29,0.0,0,1,64.7,78.6,34.6,34.4,Neutral,30.8,Low
698,F,21,bachelor,middle,31,14.8,1.0,0,0,1,8.4,4.69,2.98,2,0,68.0,56.1,63.5,55.0,Engaged,63.4,Medium
699,F,20,bachelor,middle,0,10.9,0.84,0,1,0,8.47,3.33,1.91,0,0,70.6,91.7,66.7,79.7,Neutral,78.1,High
700,M,18,none,high,34,12.1,0.824,0,0,1,6.15,4.63,0.0,1,3,75.2,85.9,48.3,46.1,At-Risk,53.4,Medium
701,M,19,master,middle,22,0.0,0.842,0,0,1,4.79,3.19,2.88,1,2,62.0,62.7,52.5,58.5,At-Risk,59.3,Medium
702,M,18,phd,high,15,11.8,0.905,1,0,1,6.05,0.41,2.65,0,1,50.3,44.6,89.4,74.0,Engaged,81.7,High
703,M,17,bachelor,low,19,0.7,0.757,0,0,1,5.82,6.48,1.74,0,3,70.8,80.0,10.7,84.2,At-Risk,49.3,Low
704,F,18,bachelor,middle,20,0.2,0.903,0,0,1,7.9,3.07,1.99,1,2,94.4,24.3,72.3,27.1,At-Risk,44.8,Low
705,M,17,bachelor,middle,41,11.2,0.886,0,0,1,8.0,4.48,2.52,1,1,51.2,75.3,86.6,50.5,Engaged,61.5,Medium
706,F,21,high_school,middle,71,3.3,0.681,0,0,1,5.66,2.68,4.56,2,0,63.1,47.2,67.6,45.2,At-Risk,56.1,Medium
707,F,18,high_school,low,40,10.0,1.0,2,0,1,5.99,2.74,1.57,1,3,59.2,84.6,90.5,42.5,At-Risk,62.2,Medium
708,F,17,bachelor,middle,14,10.8,1.0,1,1,1,5.13,2.12,4.23,2,1,100.0,37.1,61.2,52.3,Neutral,62.9,Medium
709,M,19,none,middle,31,11.1,0.78,0,0,0,7.06,6.1,2.13,0,3,50.6,50.1,53.5,21.1,At-Risk,44.5,Low
710,M,21,master,high,32,4.6,0.748,0,0,1,6.85,6.58,4.79,0,1,62.6,69.9,67.8,52.6,At-Risk,61.8,Medium
711,Other,17,high_school,middle,8,15.4,0.883,0,0,1,7.85,4.25,1.73,2,3,59.5,72.8,61.9,60.7,Engaged,59.8,Medium
712,F,22,high_school,low,3,9.5,0.717,1,0,1,7.5,3.13,0.87,1,2,46.2,50.7,58.9,39.1,At-Risk,48.7,Low
713,F,18,high_school,middle,21,12.6,0.996,0,0,1,7.63,0.81,0.0,0,0,45.4,56.0,65.1,50.4,Neutral,66.0,Medium
714,F,20,master,middle,34,2.8,0.813,0,0,1,5.05,5.79,2.13,2,5,73.5,79.1,55.3,60.4,At-Risk,51.0,Medium
715,F,22,high_school,low,0,8.9,1.0,0,1,1,6.15,2.85,0.61,2,0,75.6,80.1,54.6,62.4,Engaged,67.6,Medium
716,M,18,high_school,middle,11,16.6,0.778,3,0,1,8.04,1.97,5.01,1,0,56.6,55.7,50.0,27.3,At-Risk,38.7,Low
717,F,16,high_school,middle,31,15.8,0.849,0,0,1,6.25,4.26,0.46,0,0,86.1,51.1,74.7,74.0,Engaged,70.9,Medium
718,M,20,bachelor,low,23,5.2,0.987,0,0,0,4.95,3.53,0.82,0,5,31.2,37.4,52.0,74.5,Neutral,62.6,Medium
719,F,15,phd,middle,43,6.7,0.828,2,0,1,7.87,1.16,3.36,0,2,46.1,66.6,48.1,45.2,At-Risk,39.8,Low
720,F,18,high_school,middle,1,4.1,0.887,2,0,0,6.21,1.44,4.57,0,1,52.6,76.6,50.8,93.6,At-Risk,73.6,Medium
721,F,22,master,middle,57,6.1,0.969,0,0,1,8.18,4.87,3.66,0,1,64.9,64.7,71.3,69.1,Engaged,72.7,Medium
722,M,18,high_school,middle,0,1.6,0.804,1,0,0,6.88,2.89,4.32,0,1,58.2,45.4,78.7,66.2,At-Risk,60.3,Medium
723,M,20,bachelor,low,0,9.2,0.734,0,1,1,6.57,5.22,2.04,0,2,62.0,94.2,80.0,73.7,Neutral,86.8,High
724,F,19,none,high,21,13.8,0.714,0,0,0,8.54,4.49,2.07,0,2,72.3,24.1,71.4,39.3,At-Risk,45.6,Low
725,M,16,bachelor,middle,5,5.3,0.918,0,0,1,5.34,6.3,6.22,0,2,86.9,77.8,76.6,52.9,Neutral,58.4,Medium
726,M,17,bachelor,low,21,9.5,0.899,0,0,1,8.62,2.54,5.58,0,0,77.0,65.9,67.1,72.4,Engaged,50.1,Medium
727,M,19,bachelor,middle,21,8.7,0.966,0,0,1,6.13,4.67,3.63,0,3,65.8,70.4,75.3,44.0,At-Risk,56.5,Medium
728,M,15,high_school,low,19,16.3,0.833,0,1,1,7.09,5.48,4.41,0,0,63.8,47.8,75.0,53.0,Engaged,62.2,Medium
729,M,18,master,middle,9,6.3,0.717,0,0,1,7.11,2.95,3.92,1,1,81.5,59.3,56.3,72.0,Neutral,62.1,Medium
730,F,18,phd,middle,28,6.5,0.625,1,0,1,6.39,6.45,0.0,0,3,93.3,67.3,50.8,66.2,At-Risk,58.8,Medium
731,M,21,bachelor,high,17,4.9,1.0,0,0,1,5.99,0.87,2.12,2,1,74.6,60.5,89.6,60.4,Neutral,69.7,Medium
732,M,15,bachelor,high,39,3.2,0.913,0,0,1,6.46,2.53,5.19,0,2,57.6,29.7,70.0,61.3,At-Risk,49.0,Low
733,M,21,bachelor,low,19,13.2,0.874,0,0,1,5.68,0.79,3.64,0,0,68.9,92.8,84.8,56.5,Engaged,76.3,High
734,M,18,high_school,middle,8,9.2,0.888,0,1,1,9.25,2.73,2.07,0,2,73.7,73.7,50.4,77.1,Neutral,67.8,Medium
735,M,20,master,low,0,10.3,0.717,0,0,0,6.32,3.89,5.22,1,2,56.7,62.6,61.5,100.0,At-Risk,81.6,High
736,F,19,high_school,middle,19,17.6,0.781,0,0,0,8.29,5.86,2.94,1,2,78.0,63.8,46.0,65.9,Neutral,59.8,Medium
737,M,17,bachelor,middle,3,18.0,1.0,0,0,0,8.13,3.89,3.71,1,2,69.0,92.3,78.3,85.6,Engaged,73.0,Medium
738,M,22,high_school,low,2,0.1,0.926,0,0,1,7.34,3.01,2.95,0,2,82.5,48.6,58.2,51.3,Engaged,53.3,Medium
739,M,16,high_school,low,30,13.9,0.784,1,0,0,6.74,1.1,3.28,0,2,50.3,44.6,59.1,46.4,At-Risk,53.3,Medium
740,M,15,bachelor,low,0,11.4,0.737,1,0,1,7.13,1.77,3.43,0,1,38.9,77.3,99.3,44.2,Neutral,71.3,Medium
741,M,21,bachelor,low,43,7.2,0.808,0,0,1,7.59,4.82,4.8,0,3,59.1,70.3,78.7,41.6,Neutral,52.9,Medium
742,M,19,master,low,24,12.0,0.828,1,0,1,7.02,5.96,5.06,1,2,65.4,43.8,78.5,54.1,At-Risk,62.1,Medium
743,F,22,phd,high,21,0.0,1.0,0,1,1,5.02,3.36,1.3,0,1,38.0,81.6,48.8,77.7,Neutral,75.0,High
744,M,18,high_school,middle,6,18.8,0.841,1,0,1,4.72,6.62,2.91,0,0,55.9,67.3,38.3,80.1,Engaged,59.2,Medium
745,F,15,high_school,middle,33,13.1,0.741,0,0,1,8.71,2.3,4.74,0,2,84.3,45.8,83.5,49.8,Neutral,56.2,Medium
746,F,15,high_school,middle,22,4.8,0.854,0,0,1,3.74,3.42,1.94,0,0,73.0,70.8,32.2,53.5,At-Risk,59.6,Medium
747,M,18,bachelor,middle,12,6.5,0.886,0,0,0,7.13,3.59,0.0,0,1,67.1,68.1,60.0,60.0,Neutral,53.0,Medium
748,M,16,bachelor,middle,25,0.0,0.732,0,0,1,6.62,7.26,0.38,1,2,49.2,60.4,55.0,64.7,At-Risk,48.6,Low
749,F,22,master,high,0,8.1,0.9,3,0,1,7.09,4.47,0.52,1,2,83.8,68.9,53.2,71.7,Neutral,51.2,Medium
750,F,15,bachelor,middle,0,7.1,0.981,0,0,1,5.53,0.6,1.28,0,5,58.7,73.3,60.9,52.0,Neutral,61.9,Medium
751,M,22,none,middle,5,2.0,0.874,0,0,1,7.32,6.1,0.71,0,2,66.4,78.5,51.1,56.0,Neutral,52.9,Medium
752,M,16,bachelor,high,27,14.7,0.78,0,0,1,7.15,7.89,4.26,0,1,71.1,63.9,48.5,87.1,Neutral,62.6,Medium
753,M,15,bachelor,middle,22,17.7,0.807,0,1,1,10.0,3.7,1.65,0,1,67.6,57.1,72.1,54.4,Engaged,63.9,Medium
754,M,17,bachelor,middle,38,9.8,0.694,0,0,0,7.06,2.41,4.72,0,2,87.4,66.3,85.1,48.5,At-Risk,67.9,Medium
755,F,16,high_school,high,8,8.2,0.847,0,0,0,8.52,5.93,0.0,0,0,73.6,83.4,40.2,58.3,Engaged,59.2,Medium
756,M,18,high_school,middle,31,12.6,0.891,0,1,0,5.1,8.13,1.49,2,0,70.1,73.3,71.1,61.6,Neutral,69.6,Medium
757,M,17,high_school,middle,20,9.9,0.77,1,0,1,8.12,5.9,2.41,0,3,63.7,56.1,76.7,29.2,At-Risk,47.6,Low
758,F,19,high_school,low,8,3.5,1.0,0,0,1,7.17,0.95,3.82,0,2,71.5,63.0,75.1,51.1,Engaged,71.9,Medium
759,M,19,bachelor,low,28,6.1,0.939,0,0,0,7.22,5.71,4.49,0,0,61.9,92.0,64.5,68.4,Neutral,79.4,High
760,M,15,high_school,middle,21,8.2,0.681,0,0,0,7.24,5.01,1.12,0,0,67.8,75.5,58.4,100.0,Neutral,79.9,High
761,F,15,bachelor,low,13,11.5,0.683,2,0,1,8.95,2.29,4.19,0,0,59.9,64.7,80.1,49.4,Neutral,56.2,Medium
762,M,16,bachelor,high,23,10.1,0.762,1,0,1,7.21,6.78,0.0,1,1,57.5,82.5,73.4,75.3,At-Risk,68.7,Medium
763,M,16,master,low,20,11.3,1.0,0,0,1,5.96,5.08,3.94,2,2,51.3,52.2,37.7,63.6,Neutral,53.8,Medium
764,M,15,high_school,middle,20,0.9,0.949,0,0,1,6.16,6.83,0.0,0,2,60.9,67.9,64.5,83.2,At-Risk,68.5,Medium
765,F,17,high_school,low,16,14.0,1.0,0,0,1,7.88,2.08,3.09,0,0,59.9,95.8,68.9,47.6,Engaged,66.8,Medium
766,M,19,high_school,high,2,10.0,0.861,0,0,0,7.44,5.0,4.46,0,1,92.4,73.8,50.5,82.1,Engaged,70.1,Medium
767,M,17,high_school,middle,23,25.3,0.839,1,0,1,5.06,2.41,3.97,0,1,79.9,91.2,64.1,88.0,Engaged,68.7,Medium
768,M,17,high_school,low,10,7.7,0.735,1,0,1,7.52,4.7,0.0,0,0,63.0,60.5,75.9,88.9,At-Risk,72.0,Medium
769,M,18,bachelor,low,7,11.9,0.895,0,1,1,5.6,7.15,1.31,0,0,58.7,53.4,54.8,88.5,Engaged,76.4,High
770,F,19,high_school,middle,18,27.0,0.84,1,0,0,7.43,1.35,3.63,0,2,74.2,82.9,71.7,63.8,Engaged,69.7,Medium
771,M,17,none,high,33,11.2,0.837,1,1,1,5.93,1.46,3.58,0,0,94.1,29.1,52.2,71.7,Engaged,49.6,Low
772,F,16,high_school,high,25,9.6,1.0,1,0,1,6.56,6.11,2.75,2,2,76.9,65.2,48.2,51.6,Engaged,54.6,Medium
773,F,18,bachelor,low,14,4.1,0.847,1,0,1,6.25,4.17,0.0,0,1,39.2,80.6,77.8,15.5,At-Risk,53.4,Medium
774,F,15,master,middle,13,19.2,0.993,0,0,1,8.72,6.54,4.6,0,1,77.9,72.1,86.8,65.1,Engaged,81.9,High
775,M,18,bachelor,low,32,3.0,0.701,2,0,1,7.38,2.59,4.95,0,0,80.6,24.2,49.1,56.8,Neutral,45.3,Low
776,F,22,bachelor,middle,0,12.6,1.0,0,0,0,8.41,4.3,2.53,1,0,98.0,37.8,83.2,79.3,Engaged,69.1,Medium
777,F,18,bachelor,middle,34,7.2,0.823,0,0,1,10.0,5.58,2.66,0,4,61.3,59.9,67.8,77.2,Engaged,61.6,Medium
778,M,15,bachelor,low,0,8.9,0.931,0,1,1,6.96,4.62,3.21,1,1,67.1,70.5,32.6,38.8,At-Risk,45.7,Low
779,F,20,high_school,middle,1,1.5,0.947,1,1,1,8.7,0.62,5.12,1,1,71.8,71.3,45.0,100.0,Neutral,86.9,High
780,F,16,bachelor,high,14,18.1,0.81,0,1,1,6.06,9.85,2.7,0,1,53.5,61.9,77.7,67.8,Neutral,59.4,Medium
781,M,16,bachelor,low,55,8.3,0.942,0,0,1,8.41,4.62,1.82,1,3,52.2,75.1,42.0,34.3,At-Risk,38.4,Low
782,F,16,high_school,low,47,2.7,0.947,1,0,1,5.93,1.52,2.96,0,5,71.0,69.9,58.1,37.1,At-Risk,57.5,Medium
783,M,22,bachelor,low,33,17.5,0.789,0,1,1,6.88,4.83,2.18,0,2,41.9,59.7,66.7,16.4,Engaged,57.4,Medium
784,F,22,bachelor,low,27,7.0,0.79,0,0,0,7.54,5.06,2.2,0,1,45.2,71.7,75.2,75.3,Neutral,75.9,High
785,Other,19,bachelor,low,0,12.0,0.865,0,0,0,7.73,6.19,0.0,0,2,77.2,50.3,71.0,49.5,Neutral,47.0,Low
786,M,19,none,middle,24,15.0,0.848,0,0,1,5.37,6.05,3.25,0,0,72.5,73.5,93.1,43.2,Engaged,75.6,High
787,F,20,bachelor,low,14,12.8,0.999,0,0,1,5.86,3.77,4.54,0,2,83.7,46.8,54.9,47.1,Engaged,47.2,Low
788,M,19,master,middle,10,0.0,0.93,0,0,1,7.63,0.76,4.24,0,2,71.9,70.8,69.6,54.0,Engaged,65.0,Medium
789,F,19,high_school,high,24,14.2,0.853,0,0,1,6.46,5.12,4.1,0,1,65.2,70.3,75.2,71.5,Neutral,75.3,High
790,F,22,high_school,high,15,9.4,0.921,2,0,0,5.22,0.92,2.09,0,1,84.3,56.6,79.4,27.1,At-Risk,56.3,Medium
791,M,20,none,middle,35,8.0,0.655,1,0,1,6.81,6.63,2.49,1,3,58.7,73.4,84.8,38.6,At-Risk,55.6,Medium
792,M,15,none,low,0,9.3,0.798,0,0,1,6.76,2.73,4.58,0,2,60.0,89.8,61.1,69.3,Neutral,78.3,High
793,M,18,phd,low,23,0.3,0.889,1,0,1,7.11,5.47,3.93,0,1,64.0,43.6,78.4,48.1,Engaged,63.0,Medium
794,M,22,bachelor,low,9,11.2,0.972,1,0,1,7.54,2.89,5.17,0,2,71.8,79.2,53.2,71.6,Neutral,59.4,Medium
795,M,18,high_school,high,16,1.8,0.88,1,1,1,7.46,3.22,0.85,0,3,64.0,81.6,66.8,50.1,Neutral,62.2,Medium
796,M,16,high_school,high,27,8.3,1.0,0,0,1,5.98,2.6,0.84,1,1,42.7,58.3,76.0,91.5,Neutral,71.9,Medium
797,M,21,phd,middle,5,10.9,0.947,0,0,1,6.41,5.63,1.53,1,2,61.0,76.4,83.6,64.2,Engaged,73.5,Medium
798,M,19,high_school,low,24,16.4,0.811,0,0,1,8.01,2.96,0.31,2,0,64.5,57.4,77.1,84.5,Engaged,76.2,High
799,F,19,bachelor,middle,19,5.1,0.846,0,1,0,6.25,5.74,0.0,0,1,66.7,84.6,69.4,70.4,Neutral,65.9,Medium
800,F,18,high_school,low,12,18.7,0.901,0,0,1,6.43,3.01,3.14,0,0,58.3,12.7,66.7,71.6,Engaged,45.1,Low
801,F,15,none,high,15,15.7,0.815,0,0,0,5.09,3.74,3.0,0,1,72.6,88.0,76.8,45.0,Neutral,64.5,Medium
802,M,18,bachelor,low,20,7.4,1.0,0,0,1,6.87,4.27,2.69,0,2,40.8,42.0,100.0,83.3,At-Risk,86.6,High
803,F,18,none,middle,10,3.3,0.749,0,1,1,7.31,4.51,2.91,0,1,71.2,63.6,81.7,64.3,Neutral,74.7,Medium
804,F,22,bachelor,middle,22,1.3,0.892,0,0,1,4.53,2.35,0.0,1,1,91.9,47.3,74.1,40.9,At-Risk,66.2,Medium
805,M,17,high_school,low,18,11.6,0.934,0,0,1,5.62,5.61,1.24,0,3,55.9,88.9,46.1,17.8,Neutral,49.1,Low
806,M,16,bachelor,middle,13,5.6,0.829,1,0,1,5.19,3.66,1.61,1,0,65.9,57.9,54.5,62.8,Neutral,51.9,Medium
807,F,18,bachelor,high,46,17.2,0.806,0,0,1,7.85,5.29,2.3,1,3,61.3,52.2,62.8,90.2,Engaged,55.9,Medium
808,M,22,bachelor,low,28,5.9,0.852,0,0,0,4.61,4.17,0.0,0,1,61.5,82.2,82.6,41.9,At-Risk,64.6,Medium
809,F,18,none,middle,16,4.6,0.941,0,0,1,6.81,5.37,0.34,0,2,49.6,75.2,53.0,41.2,Neutral,53.4,Medium
810,Other,18,bachelor,middle,24,11.4,0.81,0,0,1,7.76,3.38,1.33,1,2,94.9,56.0,78.3,53.7,At-Risk,47.9,Low
811,M,20,phd,low,7,5.9,0.753,1,1,1,7.13,2.62,4.32,1,0,70.8,44.2,69.9,82.0,At-Risk,61.9,Medium
812,M,20,high_school,low,15,10.1,0.975,0,0,1,6.37,5.05,2.72,0,2,54.9,41.7,73.7,23.3,Engaged,45.9,Low
813,Other,17,high_school,low,17,15.9,0.9,1,0,1,7.32,3.21,4.24,0,1,53.2,85.0,64.5,47.0,Neutral,63.6,Medium
814,F,22,master,low,3,10.7,0.961,3,0,1,8.14,7.12,1.96,0,1,65.9,69.5,58.5,39.9,Engaged,50.7,Medium
815,M,19,high_school,middle,28,10.7,0.936,0,1,1,6.77,4.34,2.2,0,1,32.5,65.1,52.4,71.2,Neutral,69.3,Medium
816,F,15,bachelor,middle,14,11.2,1.0,0,0,1,4.21,1.45,3.2,0,0,80.8,70.9,77.8,57.1,Engaged,62.3,Medium
817,F,18,bachelor,middle,17,0.0,0.971,0,0,1,8.28,3.03,1.85,0,1,57.3,26.9,66.8,53.1,Engaged,47.9,Low
818,F,22,none,high,13,12.4,0.788,0,0,1,7.38,2.2,0.95,0,0,70.8,56.2,50.8,56.4,Engaged,62.2,Medium
819,F,18,bachelor,middle,66,11.0,0.907,0,0,1,6.86,6.35,0.0,1,1,71.5,56.6,71.6,75.7,Engaged,67.2,Medium
820,M,19,bachelor,middle,12,15.4,0.804,0,0,0,4.52,5.75,1.0,0,0,79.5,79.7,100.0,82.4,Neutral,92.8,High
821,M,19,high_school,middle,0,13.6,0.815,0,0,0,6.54,4.08,3.87,0,3,72.4,35.6,64.8,80.5,At-Risk,60.0,Medium
822,F,20,master,low,0,8.8,0.719,0,1,1,5.85,4.78,4.72,0,3,76.1,81.0,94.5,71.5,At-Risk,83.1,High
823,M,21,high_school,low,33,16.2,0.831,0,0,1,5.44,4.02,0.65,0,1,80.3,94.3,26.6,87.7,Engaged,69.7,Medium
824,F,16,high_school,middle,42,8.2,0.915,0,0,1,6.74,5.92,0.0,1,1,60.0,31.1,63.7,41.4,At-Risk,46.1,Low
825,F,19,master,middle,12,11.5,0.853,0,1,1,6.26,5.24,4.05,2,4,97.3,62.3,83.3,67.8,Neutral,66.2,Medium
826,M,19,high_school,middle,41,8.1,0.75,1,0,1,6.34,5.6,2.34,0,0,70.3,71.0,68.2,100.0,Neutral,72.5,Medium
827,F,16,master,low,33,12.8,0.708,0,1,1,7.79,3.82,0.0,0,1,64.6,77.7,57.7,23.3,Neutral,55.2,Medium
828,M,20,none,high,19,7.7,1.0,0,0,1,7.21,2.94,0.0,0,0,52.4,23.0,67.6,49.3,Engaged,57.6,Medium
829,F,15,bachelor,low,18,19.9,0.893,0,0,1,6.31,5.53,0.27,0,2,61.9,68.1,83.8,39.3,Engaged,62.6,Medium
830,M,18,none,high,25,22.1,0.778,1,1,1,6.15,7.3,1.27,0,1,71.0,58.1,100.0,65.8,Engaged,83.5,High
831,F,17,bachelor,middle,35,15.2,0.906,1,0,1,6.35,6.41,0.0,0,2,66.4,56.9,85.0,88.8,Engaged,85.7,High
832,F,16,bachelor,middle,28,19.2,1.0,0,0,1,6.6,7.36,3.58,0,2,92.4,99.2,59.9,70.8,Engaged,69.7,Medium
833,M,21,master,middle,12,0.8,0.922,0,0,1,7.6,4.52,0.57,0,2,59.2,58.1,64.3,55.7,Neutral,68.1,Medium
834,F,16,phd,low,19,1.5,0.581,0,0,1,5.65,2.26,2.22,0,1,75.2,70.1,64.4,70.9,At-Risk,66.0,Medium
835,F,17,bachelor,middle,52,8.1,1.0,0,0,1,8.65,2.44,6.95,0,3,48.1,59.8,54.1,54.2,At-Risk,59.4,Medium
836,F,21,bachelor,middle,26,10.2,0.675,0,0,1,7.6,6.96,2.43,0,1,97.7,66.3,65.5,63.9,At-Risk,63.6,Medium
837,F,22,bachelor,middle,35,8.8,0.839,0,0,1,3.61,0.48,1.97,0,1,47.1,71.9,63.6,72.4,At-Risk,76.7,High
838,Other,15,master,low,30,0.1,0.747,2,0,1,7.0,7.21,2.01,0,6,96.1,78.1,48.8,95.1,At-Risk,63.7,Medium
839,M,17,bachelor,low,26,16.9,0.786,0,0,1,8.15,2.62,3.54,0,0,63.0,48.0,81.4,69.0,Neutral,67.0,Medium
840,F,20,master,low,24,22.9,0.888,0,0,0,7.37,8.05,3.29,1,3,31.5,64.7,74.7,64.4,Neutral,63.8,Medium
841,M,21,high_school,middle,35,17.7,0.653,0,0,1,6.41,4.06,0.19,1,0,85.3,65.4,57.7,100.0,At-Risk,64.7,Medium
842,F,22,bachelor,middle,33,16.5,0.851,0,1,1,6.83,5.65,1.38,0,0,66.2,32.3,70.4,20.9,Engaged,47.1,Low
843,F,19,bachelor,middle,26,11.4,0.975,2,0,1,7.11,8.97,0.87,0,1,58.2,44.8,52.6,58.2,Engaged,58.1,Medium
844,M,15,high_school,middle,12,4.9,0.776,3,0,1,7.82,3.54,1.63,1,2,74.6,78.0,59.2,45.2,At-Risk,57.3,Medium
845,M,21,high_school,middle,28,10.4,0.721,0,0,1,5.2,3.51,5.85,0,0,75.0,53.7,79.0,55.2,Neutral,61.0,Medium
846,F,16,phd,low,21,22.6,0.846,2,0,1,6.17,2.81,3.43,0,1,71.2,100.0,75.5,72.1,Neutral,68.9,Medium
847,M,15,high_school,middle,17,7.9,0.826,0,0,1,8.87,2.2,2.04,1,2,82.0,79.3,59.8,79.6,At-Risk,75.4,High
848,F,20,high_school,low,62,7.3,0.8,0,0,1,6.94,3.54,4.69,0,2,68.8,70.1,73.0,49.6,Neutral,66.5,Medium
849,M,19,high_school,low,0,16.6,0.741,0,1,0,8.73,3.09,2.58,1,1,74.7,89.2,66.8,73.4,Engaged,64.1,Medium
850,F,15,high_school,low,36,17.0,0.912,0,0,0,10.0,1.7,0.0,1,1,57.2,75.9,52.0,42.0,Engaged,74.0,Medium
851,M,16,bachelor,low,9,4.9,0.92,0,0,1,6.31,3.78,5.53,1,3,76.5,65.3,65.3,34.4,Engaged,54.6,Medium
852,M,19,master,low,24,8.4,0.753,0,0,0,5.46,5.1,1.89,0,0,57.2,36.5,74.9,61.4,At-Risk,71.5,Medium
853,F,17,phd,middle,61,7.0,0.767,0,0,1,6.58,2.41,0.0,0,2,48.1,74.0,72.9,55.6,At-Risk,67.4,Medium
854,F,20,bachelor,low,8,10.4,0.874,3,1,1,8.22,3.88,0.0,0,1,61.9,87.1,40.9,89.8,At-Risk,60.0,Medium
855,M,18,bachelor,low,11,16.6,0.764,0,0,1,8.39,7.01,4.46,0,3,60.9,51.3,70.7,100.0,Neutral,73.4,Medium
856,M,19,high_school,low,22,5.2,0.878,0,1,1,9.63,1.36,0.0,0,1,78.9,29.1,68.4,47.8,Neutral,47.5,Low
857,F,18,master,middle,9,16.5,1.0,2,0,1,6.86,8.06,4.9,1,0,43.2,42.8,37.6,23.8,Engaged,34.0,Low
858,F,17,high_school,middle,35,10.6,0.854,0,0,1,7.49,2.85,2.36,0,0,81.4,93.7,55.1,32.7,Neutral,54.5,Medium
859,M,17,high_school,low,14,24.0,0.739,0,0,1,6.05,4.6,3.63,1,1,55.7,63.4,75.9,43.3,At-Risk,59.4,Medium
860,F,20,phd,low,32,11.9,0.899,0,0,1,3.89,6.76,1.69,0,1,28.0,88.3,90.2,64.1,At-Risk,82.4,High
861,F,19,master,high,2,9.4,0.842,0,0,1,6.85,7.37,3.25,1,0,46.9,62.3,41.8,54.8,Neutral,55.6,Medium
862,F,19,high_school,middle,0,13.4,0.845,0,0,1,5.52,5.14,2.83,0,2,60.4,53.1,83.7,34.8,Neutral,50.7,Medium
863,F,19,bachelor,middle,19,8.0,0.908,0,0,0,7.67,2.81,2.12,1,5,71.7,100.0,37.9,95.7,At-Risk,66.0,Medium
864,F,16,bachelor,middle,0,0.0,0.929,0,0,0,4.64,2.63,0.07,2,1,63.0,55.3,90.4,73.3,Neutral,61.5,Medium
865,M,22,high_school,middle,45,8.6,0.864,0,0,1,6.01,3.05,2.92,1,0,46.9,57.5,64.2,95.2,Engaged,76.6,High
866,F,19,high_school,high,0,8.5,0.854,1,0,1,7.22,7.98,0.0,0,2,53.3,70.3,56.6,24.0,At-Risk,49.8,Low
867,F,20,high_school,middle,6,0.4,1.0,2,0,1,7.35,3.43,4.06,0,0,47.1,56.8,73.7,85.5,At-Risk,63.6,Medium
868,F,22,bachelor,middle,28,9.6,0.98,0,0,0,6.84,4.85,2.59,0,3,68.9,76.0,52.6,57.0,Engaged,69.7,Medium
869,M,22,high_school,low,13,0.0,0.943,2,0,1,9.14,2.11,3.13,0,0,63.6,70.0,76.3,52.2,Neutral,67.1,Medium
870,M,20,bachelor,middle,0,7.9,0.873,1,0,1,8.78,1.89,0.0,0,0,74.2,70.7,66.0,60.5,Neutral,64.5,Medium
871,F,21,high_school,middle,53,11.5,0.759,2,0,1,6.08,4.25,0.0,0,3,38.4,50.9,7.0,46.0,At-Risk,25.7,Low
872,M,18,master,low,7,10.6,0.973,0,0,1,8.83,3.55,1.19,0,0,57.0,32.1,55.0,57.1,Engaged,50.3,Medium
873,F,20,bachelor,high,19,7.5,0.874,0,1,1,9.01,3.7,3.55,0,1,95.4,47.0,71.1,78.9,Engaged,66.3,Medium
874,M,17,master,high,19,9.5,0.802,0,0,1,6.75,1.24,0.31,2,3,74.6,48.6,85.1,20.7,At-Risk,57.8,Medium
875,F,20,high_school,low,33,5.3,0.836,2,0,1,6.95,4.05,7.3,0,1,60.6,67.3,73.3,89.9,Engaged,73.5,Medium
876,F,15,bachelor,high,29,10.1,0.763,0,0,1,6.84,7.3,1.67,0,1,50.2,47.3,84.8,67.8,At-Risk,62.2,Medium
877,M,22,master,low,10,10.3,0.966,1,0,1,6.13,2.49,0.17,0,1,81.6,35.6,53.7,57.8,Engaged,59.0,Medium
878,M,16,high_school,middle,17,4.6,0.928,1,0,1,6.25,5.99,1.83,0,0,88.0,41.4,79.6,78.7,Neutral,68.1,Medium
879,F,20,high_school,high,19,11.6,0.878,0,0,1,8.48,0.0,0.3,1,4,47.8,69.0,79.9,67.3,Neutral,63.5,Medium
880,F,15,high_school,low,33,11.6,0.856,0,1,1,7.42,2.6,0.0,2,1,49.2,74.4,41.9,50.4,At-Risk,68.4,Medium
881,M,16,high_school,middle,4,9.0,0.792,2,1,1,6.23,0.38,4.22,1,2,69.2,52.9,85.6,44.5,Neutral,52.7,Medium
882,F,22,high_school,middle,52,24.5,0.647,0,1,1,5.79,6.67,3.23,1,1,70.6,54.8,73.2,90.0,Neutral,68.6,Medium
883,F,21,high_school,low,11,9.2,0.719,0,0,1,5.99,5.96,3.23,0,0,72.2,73.1,63.5,30.4,Neutral,56.8,Medium
884,M,16,high_school,middle,22,8.3,0.786,3,0,1,6.7,2.13,4.75,0,3,92.7,65.0,63.2,56.1,At-Risk,54.5,Medium
885,M,16,bachelor,low,5,7.5,0.771,0,1,0,8.0,4.78,3.17,0,1,50.4,83.3,51.4,31.8,At-Risk,53.5,Medium
886,M,21,none,middle,3,4.2,0.889,0,0,1,5.87,6.6,0.07,2,1,65.6,59.2,78.1,69.8,At-Risk,55.3,Medium
887,M,22,high_school,low,9,14.1,0.941,0,0,1,7.98,6.91,3.62,1,2,75.8,47.0,72.8,58.1,Engaged,61.1,Medium
888,M,16,bachelor,low,7,5.9,0.847,1,1,1,7.14,3.39,0.0,0,0,75.7,81.6,77.3,35.0,Neutral,60.6,Medium
889,M,20,high_school,middle,16,6.6,1.0,0,0,1,7.07,0.0,1.24,0,0,55.3,56.4,69.3,42.6,Engaged,59.0,Medium
890,F,17,high_school,low,7,6.8,0.782,0,0,1,8.13,2.4,2.11,1,1,55.9,47.8,71.3,60.9,At-Risk,55.9,Medium
891,M,20,high_school,middle,32,4.1,0.846,0,1,1,7.91,5.73,1.91,0,2,58.1,78.1,63.3,65.7,Neutral,64.3,Medium
892,F,18,none,middle,10,0.0,0.855,0,0,1,5.21,8.4,0.0,0,0,90.6,88.1,85.2,21.3,Engaged,65.2,Medium
893,M,16,bachelor,middle,9,7.2,0.969,0,1,1,5.6,4.09,0.26,1,0,50.3,65.3,77.7,45.9,Neutral,65.0,Medium
894,M,17,none,low,16,15.2,0.871,0,0,1,6.62,2.99,2.15,0,6,60.1,43.9,70.8,63.2,At-Risk,52.4,Medium
895,F,19,high_school,high,37,11.2,0.873,1,0,1,7.33,9.0,0.98,0,4,76.6,89.6,65.8,84.2,Neutral,78.7,High
896,F,21,phd,middle,25,19.4,0.695,0,1,1,8.54,5.01,4.45,0,3,48.7,68.8,39.7,76.8,Engaged,55.1,Medium
897,M,15,master,low,21,14.5,0.77,1,1,1,6.98,1.74,4.79,0,1,68.9,66.0,36.2,50.9,Engaged,50.1,Medium
898,M,22,high_school,middle,1,13.1,0.97,2,1,1,8.94,3.96,0.0,1,2,36.5,54.7,62.1,80.0,At-Risk,63.7,Medium
899,M,20,high_school,middle,5,21.3,0.652,0,0,1,6.05,6.2,2.32,2,1,67.9,82.3,88.3,53.7,At-Risk,60.6,Medium
900,F,22,bachelor,middle,3,9.4,0.994,0,0,1,6.25,4.06,5.37,0,4,65.8,42.0,56.7,0.0,Neutral,29.6,Low
901,M,22,master,middle,42,10.4,0.91,0,0,1,6.53,5.79,1.93,0,2,67.5,40.3,57.4,88.8,Neutral,63.7,Medium
902,M,16,master,middle,30,9.9,0.785,0,0,0,5.92,0.99,1.39,0,0,52.0,96.1,52.4,69.2,Engaged,70.5,Medium
903,M,15,high_school,high,9,19.3,0.777,0,1,1,8.29,1.33,3.92,0,1,68.4,46.5,47.4,63.8,Neutral,52.4,Medium
904,F,21,high_school,middle,14,10.0,1.0,0,1,0,3.58,2.73,1.65,0,2,64.4,79.3,53.4,60.2,At-Risk,67.4,Medium
905,F,16,high_school,middle,10,6.1,1.0,0,0,1,6.3,3.64,4.74,1,0,84.5,86.8,72.5,66.1,Engaged,77.3,High
906,F,16,master,middle,9,13.5,0.848,0,1,1,8.28,4.87,1.01,0,0,74.6,65.8,60.1,60.1,Engaged,70.5,Medium
907,F,18,master,high,29,5.1,0.873,0,0,1,6.53,5.47,1.25,2,0,43.3,46.1,59.4,54.2,At-Risk,58.9,Medium
908,M,22,high_school,high,18,13.2,0.795,0,1,1,8.19,9.13,3.78,0,2,52.5,73.3,58.0,46.9,At-Risk,68.9,Medium
909,M,21,bachelor,low,53,12.5,0.873,0,0,1,9.54,2.72,2.4,1,4,55.8,87.1,71.8,61.5,Neutral,69.5,Medium
910,M,19,high_school,low,41,8.9,0.793,0,0,1,7.0,3.57,2.42,0,0,67.7,68.2,74.2,42.4,At-Risk,55.3,Medium
911,F,16,bachelor,middle,42,13.4,0.852,0,0,1,8.3,2.78,0.0,0,1,62.5,48.6,38.1,37.2,Engaged,42.4,Low
912,F,17,master,middle,32,1.1,1.0,0,0,1,9.8,6.36,1.49,0,3,62.4,67.5,55.8,65.4,Neutral,55.4,Medium
913,F,20,bachelor,middle,16,11.0,0.85,0,1,1,7.38,6.47,3.93,0,1,100.0,37.1,66.6,79.6,Engaged,72.0,Medium
914,Other,16,none,middle,31,7.2,0.755,0,0,1,6.84,3.3,0.63,1,2,57.3,44.5,75.0,44.1,At-Risk,63.2,Medium
915,Other,19,bachelor,high,17,27.2,0.723,0,1,1,7.98,8.33,3.6,0,1,85.9,57.3,70.0,47.6,Engaged,62.3,Medium
916,F,15,high_school,middle,46,10.9,0.873,0,0,1,8.32,2.78,2.74,0,3,62.8,63.1,81.2,26.1,Neutral,64.7,Medium
917,M,17,master,middle,28,6.4,0.784,3,0,1,6.85,6.26,1.8,0,3,32.3,40.4,45.4,33.7,At-Risk,40.0,Low
918,M,16,high_school,low,26,1.7,0.885,0,0,1,6.32,7.11,4.92,0,2,67.9,66.5,74.6,34.4,Neutral,61.7,Medium
919,M,20,master,middle,24,17.8,0.698,0,1,1,8.96,1.48,1.52,1,1,81.8,71.4,100.0,79.5,Neutral,87.6,High
920,F,22,high_school,low,48,7.9,0.929,0,1,1,6.58,5.36,1.66,1,0,74.5,58.1,68.8,25.3,Engaged,63.0,Medium
921,M,16,high_school,middle,0,5.3,0.754,1,0,1,8.33,0.0,1.78,0,1,68.8,23.2,69.4,69.2,At-Risk,46.5,Low
922,F,21,high_school,middle,50,12.0,0.865,2,0,1,7.22,5.85,2.36,0,0,65.4,63.9,76.3,54.7,Engaged,64.2,Medium
923,F,20,none,middle,19,13.9,0.826,0,0,1,9.09,2.0,3.73,1,2,57.6,94.7,59.3,72.1,Neutral,74.4,Medium
924,F,22,high_school,middle,1,13.8,1.0,0,1,1,5.88,5.33,0.0,0,0,78.4,70.2,52.9,83.3,Engaged,65.4,Medium
925,M,22,bachelor,middle,11,10.1,0.877,0,1,1,5.88,5.71,3.94,0,0,58.5,62.3,68.9,59.4,At-Risk,80.8,High
926,M,15,high_school,low,0,11.0,1.0,1,1,1,7.93,6.44,2.34,0,0,55.4,55.3,41.5,82.7,Engaged,70.2,Medium
927,M,20,high_school,low,32,11.4,0.916,0,0,1,5.54,5.98,3.31,0,3,71.2,72.4,74.3,91.0,Neutral,84.2,High
928,F,19,high_school,high,6,12.0,1.0,2,1,1,7.04,4.31,6.98,1,5,60.5,65.8,77.0,86.9,At-Risk,73.7,Medium
929,F,15,none,high,25,12.5,0.839,0,0,0,8.76,3.44,1.18,0,2,84.2,74.7,42.3,46.6,Neutral,48.2,Low
930,F,17,master,low,39,16.6,0.895,0,1,1,4.76,4.05,0.0,1,2,72.0,42.3,70.6,20.6,Engaged,42.6,Low
931,M,22,master,low,12,10.3,0.982,0,0,1,7.38,1.97,2.59,0,0,53.3,64.2,64.5,57.5,Engaged,65.1,Medium
932,M,19,none,middle,18,5.1,0.95,0,0,0,8.35,3.78,2.9,0,2,47.8,53.7,91.6,63.6,At-Risk,76.2,High
933,M,17,bachelor,middle,2,9.1,0.913,0,0,0,6.87,3.62,3.94,0,2,56.4,68.7,89.0,20.9,Neutral,65.0,Medium
934,F,17,bachelor,middle,16,14.5,0.827,1,1,1,5.79,2.62,1.12,0,1,100.0,27.0,81.5,61.2,Engaged,71.7,Medium
935,F,21,phd,low,61,0.0,0.844,0,0,1,6.58,0.72,0.54,0,2,61.4,54.9,87.4,8.5,Neutral,51.4,Medium
936,M,17,high_school,middle,34,0.0,0.974,0,0,1,5.89,1.65,0.0,0,1,76.4,71.8,62.2,90.9,Engaged,73.6,Medium
937,F,16,high_school,low,18,15.5,0.995,1,0,1,6.98,0.0,0.0,0,3,45.4,74.7,72.2,69.5,Neutral,69.3,Medium
938,M,19,bachelor,low,13,19.1,0.801,2,1,1,6.57,3.58,1.37,0,0,48.8,61.5,64.0,43.6,At-Risk,49.9,Low
939,F,22,master,low,21,2.4,0.786,1,0,1,6.28,4.92,1.97,0,1,62.2,23.1,52.0,62.5,At-Risk,56.1,Medium
940,M,16,bachelor,middle,24,10.6,0.77,1,0,1,7.46,0.0,6.33,0,1,90.5,73.5,69.3,65.0,Engaged,64.8,Medium
941,M,17,bachelor,middle,16,7.6,0.943,0,0,1,8.79,4.67,0.0,0,1,45.6,90.5,66.7,69.7,At-Risk,76.8,High
942,F,18,high_school,low,30,8.4,0.767,2,0,1,7.29,3.96,2.87,0,1,55.6,46.9,64.8,61.4,At-Risk,59.4,Medium
943,M,16,bachelor,middle,8,11.8,0.942,0,0,1,8.51,1.85,0.75,0,1,78.5,54.3,67.1,78.9,Neutral,64.6,Medium
944,M,20,master,middle,8,2.2,0.915,2,0,1,8.79,3.34,2.65,0,5,88.9,76.5,69.0,34.6,At-Risk,54.5,Medium
945,M,17,high_school,middle,28,3.4,0.805,1,0,1,6.2,6.3,1.09,1,2,71.6,77.0,82.2,57.4,Neutral,67.5,Medium
946,M,16,bachelor,high,4,8.2,1.0,0,0,1,7.23,2.25,4.27,0,0,75.1,81.7,58.6,95.7,Engaged,85.5,High
947,F,17,high_school,low,33,9.1,0.714,0,0,0,6.39,4.36,4.26,0,3,51.5,80.3,47.5,53.0,At-Risk,56.8,Medium
948,F,22,bachelor,high,22,3.2,1.0,1,0,1,5.12,4.89,1.97,0,1,45.2,34.4,78.8,64.8,At-Risk,45.0,Low
949,F,22,bachelor,middle,0,14.7,0.892,0,0,1,7.33,2.56,5.08,0,1,47.8,53.4,81.7,40.1,Neutral,56.3,Medium
950,M,19,bachelor,middle,24,7.5,0.653,0,0,0,5.64,6.22,3.72,1,0,51.9,73.3,73.7,100.0,Neutral,70.5,Medium
951,F,18,phd,middle,0,7.5,1.0,3,0,1,7.48,5.01,4.99,0,3,68.4,60.4,49.8,65.7,At-Risk,63.3,Medium
952,M,21,high_school,low,32,11.7,0.957,0,0,1,5.03,3.7,2.11,0,3,46.7,68.6,65.9,34.8,Neutral,65.7,Medium
953,M,16,high_school,low,18,9.2,0.817,0,1,1,7.11,8.93,4.1,1,0,68.8,59.7,72.6,81.8,At-Risk,61.9,Medium
954,M,20,high_school,high,50,15.0,0.764,0,1,1,5.02,6.23,0.66,0,3,60.3,54.2,50.9,38.5,At-Risk,44.5,Low
955,F,20,high_school,middle,38,4.4,0.703,0,0,1,7.71,0.83,0.46,0,1,56.6,57.6,55.8,73.7,Neutral,53.8,Medium
956,F,20,high_school,middle,6,1.6,1.0,0,0,1,6.43,3.42,6.56,1,1,78.3,41.8,65.7,80.6,At-Risk,66.7,Medium
957,F,16,none,middle,0,8.1,0.768,2,1,1,6.31,9.13,0.03,1,2,50.6,49.0,86.9,100.0,At-Risk,69.4,Medium
958,F,20,high_school,low,11,10.4,0.734,0,0,1,8.25,2.24,1.33,0,1,86.5,60.8,71.6,64.5,Engaged,64.4,Medium
959,F,19,high_school,low,4,2.6,0.887,1,0,1,6.51,4.33,0.0,0,4,77.5,61.1,58.8,61.0,At-Risk,48.3,Low
960,F,22,high_school,middle,49,1.7,0.696,1,0,1,7.03,6.66,0.51,1,2,50.1,72.2,64.8,19.5,At-Risk,50.4,Medium
961,F,16,bachelor,middle,22,11.1,0.762,0,0,1,6.66,5.5,0.21,0,0,83.0,56.9,57.3,50.9,Neutral,47.1,Low
962,M,19,high_school,middle,36,5.5,0.959,1,0,1,7.51,5.79,0.86,0,0,48.4,92.2,61.4,45.7,Neutral,80.4,High
963,M,21,bachelor,middle,18,1.3,0.906,1,0,1,8.15,5.68,2.8,0,2,84.4,84.1,79.6,56.4,At-Risk,79.4,High
964,M,17,master,middle,19,15.8,0.821,0,1,1,7.9,4.25,3.28,0,0,70.0,53.0,37.3,49.6,Neutral,67.3,Medium
965,F,20,bachelor,middle,22,6.2,0.862,0,0,1,6.34,2.62,0.19,0,2,41.3,65.6,89.0,75.7,At-Risk,80.5,High
966,F,15,high_school,low,39,16.9,0.816,0,0,1,8.35,5.07,0.62,0,1,45.6,83.8,100.0,48.8,Neutral,87.1,High
967,F,20,high_school,middle,27,10.2,0.854,0,1,1,5.8,3.39,4.37,0,0,58.9,50.5,70.6,69.5,Neutral,75.1,High
968,M,19,bachelor,middle,6,11.8,0.784,0,0,1,6.01,3.24,5.61,0,1,78.0,48.5,54.7,57.7,Neutral,49.4,Low
969,F,16,bachelor,low,46,8.7,0.802,0,0,1,6.75,7.16,4.71,1,0,62.4,85.4,86.6,47.5,Neutral,70.5,Medium
970,M,15,high_school,low,18,0.0,0.799,2,1,1,8.16,3.44,0.0,1,0,62.1,74.4,72.4,45.7,At-Risk,65.0,Medium
971,M,20,high_school,low,15,3.2,0.787,1,0,1,5.5,7.61,4.58,2,0,65.6,81.3,59.6,64.7,At-Risk,70.5,Medium
972,M,16,bachelor,low,0,9.2,0.964,1,0,1,7.97,4.71,5.91,0,2,35.1,67.7,52.4,87.4,Engaged,66.6,Medium
973,M,18,high_school,middle,32,12.2,0.937,2,0,1,6.83,3.88,0.0,0,1,77.4,57.4,61.5,45.4,Engaged,56.2,Medium
974,F,15,bachelor,low,24,0.0,0.767,0,0,1,6.38,0.56,4.37,0,1,85.1,37.8,71.1,61.0,At-Risk,57.3,Medium
975,M,22,none,middle,23,9.7,0.741,0,1,1,8.22,8.44,2.65,1,0,76.8,64.5,82.3,69.7,At-Risk,72.6,Medium
976,F,19,high_school,low,16,3.3,0.844,0,0,1,5.94,4.19,1.55,0,1,58.6,84.2,72.5,59.6,At-Risk,62.9,Medium
977,M,22,master,low,13,11.4,1.0,0,1,1,9.64,0.0,2.41,0,0,51.7,84.4,75.3,24.8,Engaged,70.6,Medium
978,M,16,high_school,low,16,9.9,0.757,0,0,1,6.69,6.18,3.09,1,1,48.8,81.3,62.7,69.6,At-Risk,65.6,Medium
979,F,16,bachelor,low,29,14.5,0.844,1,1,1,7.08,4.1,4.52,0,0,48.0,76.2,81.7,29.9,Neutral,57.8,Medium
980,M,19,high_school,high,32,16.4,0.869,0,0,0,8.75,2.34,4.41,1,1,99.0,100.0,64.7,30.1,Engaged,59.6,Medium
981,Other,19,high_school,low,19,12.8,0.849,0,1,0,7.11,6.06,0.0,0,1,63.8,34.1,97.4,33.9,Neutral,65.0,Medium
982,F,21,master,low,36,15.2,0.814,0,0,1,8.33,0.0,0.9,0,1,78.6,66.2,57.6,56.8,Neutral,64.9,Medium
983,F,22,high_school,low,21,7.9,0.976,0,1,1,4.56,2.77,2.39,1,1,77.7,45.1,74.3,40.7,Engaged,58.9,Medium
984,M,21,high_school,middle,14,26.9,0.905,0,1,1,6.37,3.6,5.34,1,0,67.1,89.9,100.0,31.3,Engaged,84.1,High
985,M,16,master,middle,25,2.7,0.945,0,0,1,7.38,5.9,0.0,0,3,51.0,52.1,84.7,67.6,Engaged,78.3,High
986,F,17,bachelor,middle,2,6.8,0.919,1,0,1,8.2,8.68,0.98,0,2,72.8,80.2,79.9,59.5,Neutral,68.8,Medium
987,M,22,bachelor,middle,25,15.4,0.949,2,0,1,7.82,3.71,0.0,0,3,48.8,53.9,72.7,75.2,At-Risk,68.8,Medium
988,M,19,none,middle,0,14.5,1.0,0,0,1,7.71,5.12,0.0,0,6,74.0,69.6,68.8,45.4,Engaged,55.1,Medium
989,M,21,high_school,middle,7,12.9,0.993,0,0,1,8.17,9.7,4.17,0,3,49.4,60.0,65.2,58.7,Engaged,54.6,Medium
990,F,19,bachelor,middle,0,14.1,1.0,0,0,1,7.47,4.21,1.14,0,1,58.5,61.8,59.0,76.0,Engaged,62.2,Medium
991,F,15,high_school,middle,19,0.0,0.982,0,1,1,4.33,5.14,0.0,0,3,58.4,68.0,43.4,33.7,At-Risk,46.9,Low
992,F,18,high_school,low,46,19.5,0.793,0,1,1,8.63,1.73,1.88,0,1,86.0,78.6,78.2,46.8,Engaged,68.4,Medium
993,F,21,bachelor,middle,20,8.8,0.945,0,0,1,5.89,8.12,6.27,0,3,28.5,60.0,43.4,79.9,At-Risk,72.5,Medium
994,M,20,high_school,middle,32,17.5,0.931,0,0,1,7.28,2.77,0.0,1,1,100.0,78.0,78.4,60.4,Engaged,69.0,Medium
995,F,16,none,middle,57,0.0,1.0,0,0,1,7.12,4.74,3.27,1,2,52.9,80.7,63.1,57.0,At-Risk,63.9,Medium
996,M,16,none,high,28,11.5,0.763,0,0,1,6.96,4.68,5.34,1,2,63.1,54.5,52.7,59.2,Neutral,55.2,Medium
997,F,21,high_school,high,11,6.6,0.916,1,1,1,5.57,4.37,2.1,0,3,71.2,95.9,90.5,84.5,Engaged,79.7,High
998,M,22,bachelor,low,13,13.4,0.792,0,0,1,4.57,3.33,6.06,0,3,69.9,75.4,44.8,59.5,Engaged,58.2,Medium
999,Other,21,master,middle,22,11.9,0.911,0,0,0,5.7,4.68,0.88,0,0,77.7,54.2,57.3,60.9,Engaged,64.9,Medium
1000,M,15,high_school,middle,13,12.2,0.839,0,0,0,7.89,7.71,5.09,1,2,74.2,73.1,58.8,59.7,At-Risk,70.9,Medium
1001,M,19,high_school,middle,14,3.6,0.908,1,0,1,5.16,8.76,4.62,0,2,95.6,80.7,70.4,27.7,Neutral,65.6,Medium
1002,M,21,bachelor,middle,37,9.7,0.719,0,1,0,5.84,3.85,2.13,0,0,76.0,72.6,58.2,70.1,At-Risk,71.9,Medium
1003,M,20,high_school,high,37,8.9,0.939,0,0,1,7.4,3.3,0.0,0,0,63.2,65.6,91.4,43.6,Engaged,69.5,Medium
1004,M,19,bachelor,middle,0,13.0,0.881,0,0,1,5.67,2.58,0.2,0,0,56.7,0.0,46.1,34.8,Engaged,34.4,Low
1005,F,18,master,middle,10,15.9,0.875,0,0,1,6.25,9.57,0.0,0,1,56.3,44.6,100.0,25.1,Neutral,63.9,Medium
1006,M,16,bachelor,low,15,10.9,1.0,1,0,1,7.0,4.46,3.39,0,1,84.4,74.2,51.1,29.2,Engaged,51.4,Medium
1007,F,17,high_school,middle,31,2.3,0.822,0,0,1,7.24,6.43,3.15,0,3,91.3,44.2,100.0,14.6,Engaged,55.1,Medium
1008,M,20,phd,high,39,10.6,0.894,0,0,1,5.64,5.59,2.36,0,2,80.1,71.2,85.5,39.5,Engaged,60.9,Medium
1009,F,15,none,middle,63,25.7,0.87,0,0,1,7.07,8.62,1.95,0,2,17.5,77.9,66.2,51.3,Neutral,68.8,Medium
1010,M,15,master,low,15,19.9,0.88,0,0,0,7.38,3.7,4.92,1,2,31.3,60.0,71.6,81.2,Neutral,71.8,Medium
1011,F,18,bachelor,high,16,0.0,1.0,0,1,1,5.37,1.99,2.8,0,2,64.9,30.2,61.9,61.2,Neutral,54.0,Medium
1012,F,21,bachelor,middle,31,10.4,0.866,0,1,1,7.16,7.92,1.09,2,1,62.5,48.7,73.6,65.1,At-Risk,74.7,Medium
1013,M,20,master,middle,12,15.6,0.803,0,0,1,6.04,6.01,2.49,0,0,65.3,74.3,56.2,85.6,Engaged,73.2,Medium
1014,F,19,bachelor,low,20,8.9,1.0,2,0,0,7.05,5.11,6.3,1,1,83.8,84.6,79.3,3.0,Engaged,44.1,Low
1015,M,19,high_school,middle,16,7.2,0.829,0,1,1,7.77,7.27,3.44,1,2,83.0,24.5,70.9,67.8,Neutral,65.0,Medium
1016,M,15,high_school,low,0,8.4,0.699,0,0,0,6.69,5.23,1.42,0,3,67.6,63.5,52.2,66.3,At-Risk,54.0,Medium
1017,F,17,bachelor,low,24,13.3,0.786,2,1,1,8.0,7.34,2.11,1,2,42.1,35.6,74.8,76.5,At-Risk,58.2,Medium
1018,F,15,bachelor,middle,19,3.1,0.735,1,0,0,7.85,4.69,3.13,1,1,46.6,63.6,73.8,24.1,At-Risk,50.5,Medium
1019,M,21,high_school,high,41,17.1,0.68,0,0,1,7.99,6.0,1.36,0,3,66.0,59.2,56.5,48.5,Engaged,58.1,Medium
1020,M,21,bachelor,middle,22,9.7,0.824,0,0,0,7.38,5.25,1.18,0,0,71.3,100.0,61.2,41.4,Engaged,66.7,Medium
1021,F,17,bachelor,high,3,4.4,0.853,0,1,1,8.22,3.55,2.18,0,1,46.7,52.3,76.2,34.2,Neutral,64.2,Medium
1022,F,17,high_school,high,18,16.7,0.978,1,0,1,7.36,3.79,5.24,0,2,74.9,80.9,85.5,100.0,Neutral,76.0,High
1023,Other,17,none,low,0,0.7,0.923,0,0,1,4.9,3.41,3.78,0,2,38.7,80.2,65.7,48.7,At-Risk,58.3,Medium
1024,F,22,high_school,low,4,6.7,0.918,2,1,1,5.95,4.73,1.38,0,2,25.1,58.5,82.9,78.5,At-Risk,72.6,Medium
1025,F,18,none,middle,32,6.6,0.771,0,1,1,6.65,3.29,3.94,1,3,51.9,64.1,86.7,74.1,At-Risk,70.8,Medium
1026,M,21,none,middle,18,22.9,0.948,0,0,0,6.8,5.07,2.22,1,1,85.6,62.0,88.9,31.2,Engaged,62.0,Medium
1027,F,18,high_school,middle,36,5.9,0.999,0,0,1,7.33,5.0,2.89,1,1,87.8,48.6,74.7,49.5,Engaged,65.4,Medium
1028,M,20,none,middle,0,0.0,0.899,0,0,1,5.93,4.61,2.71,0,2,41.1,47.1,53.6,61.2,At-Risk,51.1,Medium
1029,F,19,high_school,middle,18,6.5,0.902,0,0,0,9.31,4.65,0.0,0,0,42.2,54.6,82.3,67.9,Engaged,67.4,Medium
1030,M,17,bachelor,middle,15,12.7,0.734,1,0,0,6.78,3.07,0.0,1,1,76.4,41.5,64.9,66.6,At-Risk,56.4,Medium
1031,F,22,high_school,middle,36,14.7,0.965,0,0,1,6.89,3.64,2.65,1,1,58.4,53.0,76.1,95.1,Engaged,63.1,Medium
1032,F,20,phd,low,32,23.7,1.0,2,1,0,6.1,0.86,0.49,0,1,85.5,58.5,57.9,78.2,Engaged,71.4,Medium
1033,F,21,master,low,32,18.4,0.892,0,1,1,5.7,3.96,0.0,1,1,76.2,64.9,58.4,73.1,Engaged,69.1,Medium
1034,F,22,bachelor,low,45,11.1,0.801,0,1,1,6.75,2.23,0.56,2,2,78.7,70.0,56.8,79.4,At-Risk,68.4,Medium
1035,M,16,master,high,16,4.7,0.844,0,1,1,6.93,4.4,4.05,1,4,52.7,58.5,46.8,87.1,At-Risk,60.1,Medium
1036,F,15,master,high,42,19.7,0.818,0,0,1,6.8,2.77,2.92,0,3,71.7,48.2,58.6,47.5,Neutral,56.1,Medium
1037,M,19,high_school,middle,6,7.8,0.824,0,0,1,8.89,0.1,3.74,0,1,95.2,69.7,51.5,28.4,Neutral,50.2,Medium
1038,M,17,bachelor,low,6,6.1,0.925,1,0,1,6.75,8.7,3.11,1,2,67.1,76.2,77.1,47.9,Neutral,71.3,Medium
1039,M,18,high_school,middle,33,7.5,0.888,0,0,1,6.8,3.74,0.36,0,0,64.3,53.3,51.0,32.5,Neutral,39.5,Low
1040,M,16,bachelor,low,0,2.5,0.96,0,0,1,7.88,7.09,3.75,0,4,58.5,44.3,57.3,40.3,Engaged,49.2,Low
1041,M,18,bachelor,middle,31,7.2,0.897,0,0,1,6.69,3.15,3.37,0,0,41.0,54.0,68.1,62.0,At-Risk,65.2,Medium
1042,F,18,none,low,24,8.6,0.774,0,0,1,7.55,7.6,1.97,0,0,48.5,58.7,97.0,48.9,Engaged,72.9,Medium
1043,F,17,high_school,middle,38,14.4,0.81,0,0,1,5.37,1.9,2.32,1,1,51.6,82.6,56.9,73.0,At-Risk,76.8,High
1044,F,20,master,low,21,7.7,0.804,0,0,1,5.37,4.55,3.78,0,0,40.3,74.5,45.9,66.1,At-Risk,54.4,Medium
1045,M,19,high_school,middle,23,2.4,0.841,0,0,1,7.05,2.02,0.7,0,0,41.8,61.9,47.0,67.3,Neutral,52.2,Medium
1046,M,18,high_school,high,30,0.4,1.0,2,0,1,6.62,9.4,4.38,1,1,28.3,96.2,54.2,34.7,At-Risk,54.1,Medium
1047,M,15,high_school,middle,12,11.3,1.0,0,0,1,5.93,3.7,3.33,0,2,53.3,61.4,57.5,42.4,Engaged,44.8,Low
1048,F,19,bachelor,low,11,10.4,0.944,0,1,0,7.05,5.86,2.2,0,0,75.1,87.4,100.0,21.8,Engaged,89.7,High
1049,F,16,master,high,29,6.7,0.872,0,0,1,7.15,5.1,5.26,0,2,60.3,84.0,83.5,71.4,Neutral,84.0,High
1050,M,17,bachelor,middle,22,7.2,0.724,0,0,1,6.05,4.15,0.0,0,3,60.3,82.7,63.0,98.4,Neutral,79.6,High
1051,F,18,high_school,middle,16,12.3,0.882,1,0,1,6.28,5.24,1.28,1,2,76.5,67.8,97.6,63.6,Neutral,78.0,High
1052,M,16,high_school,middle,21,18.3,0.781,1,0,1,7.16,6.92,0.84,0,3,90.3,64.1,58.2,65.4,At-Risk,66.0,Medium
1053,M,18,none,high,46,5.3,1.0,1,0,0,5.67,5.54,2.92,0,1,99.1,62.1,61.4,49.4,Engaged,54.6,Medium
1054,M,17,bachelor,middle,15,10.5,0.699,1,0,1,6.18,4.52,4.56,0,1,67.2,77.3,60.5,55.7,At-Risk,58.5,Medium
1055,M,21,master,middle,15,15.7,0.898,0,0,1,7.54,5.24,0.23,0,2,60.8,47.8,84.4,85.5,Neutral,76.2,High
1056,F,21,bachelor,middle,0,5.3,0.773,0,1,1,6.87,8.03,8.81,0,0,58.8,57.3,66.9,61.8,Neutral,64.0,Medium
1057,F,15,high_school,low,21,9.9,0.859,0,1,1,6.33,3.37,0.87,1,2,73.9,92.0,92.1,72.8,Neutral,79.9,High
1058,M,19,bachelor,middle,32,9.8,0.927,2,0,1,5.82,0.49,2.92,0,1,62.7,73.2,74.9,86.0,At-Risk,70.4,Medium
1059,F,20,high_school,low,35,2.1,0.962,1,1,1,5.68,2.01,2.21,0,1,62.7,79.2,82.5,82.0,Engaged,84.7,High
1060,F,18,bachelor,middle,24,11.0,0.854,0,0,1,6.74,2.16,2.29,0,1,63.7,40.0,38.9,60.6,At-Risk,54.8,Medium
1061,F,18,bachelor,middle,36,10.2,0.936,0,0,1,9.33,2.44,0.62,0,2,50.9,54.2,40.8,62.1,At-Risk,46.2,Low
1062,F,21,bachelor,low,33,13.3,0.794,0,0,1,7.58,2.51,4.34,0,2,30.0,68.0,41.3,52.3,At-Risk,51.9,Medium
1063,M,18,bachelor,middle,39,2.9,0.885,2,1,1,5.3,4.15,0.49,1,0,55.0,61.3,61.2,70.0,At-Risk,63.1,Medium
1064,F,15,master,middle,37,10.1,0.96,0,0,0,7.75,4.69,0.0,0,1,86.9,39.9,43.4,51.7,Engaged,40.9,Low
1065,M,17,high_school,low,46,18.3,0.893,0,0,1,5.99,4.67,0.0,1,1,86.2,75.7,87.8,67.0,Neutral,79.2,High
1066,F,17,none,low,19,22.5,0.807,0,0,1,6.89,2.74,5.09,1,4,79.1,81.4,64.8,80.8,Neutral,69.5,Medium
1067,M,18,high_school,high,2,17.7,0.832,0,0,1,6.19,6.19,4.7,0,1,57.6,56.9,77.8,26.3,Engaged,51.0,Medium
1068,F,16,bachelor,high,32,2.9,0.962,0,0,1,9.33,5.27,0.0,0,1,53.1,76.3,60.1,22.9,At-Risk,52.7,Medium
1069,M,16,bachelor,middle,34,12.7,0.751,0,0,1,5.54,7.36,3.83,1,2,89.4,98.5,81.2,59.1,Neutral,78.3,High
1070,M,22,bachelor,low,46,7.1,0.766,1,1,1,7.28,5.89,0.0,0,1,48.8,89.5,36.6,73.4,Neutral,70.2,Medium
1071,F,16,bachelor,low,41,11.7,0.92,0,0,1,6.08,3.5,2.15,0,1,65.6,57.7,67.2,65.7,Engaged,67.9,Medium
1072,F,20,high_school,low,51,5.4,0.816,1,0,1,7.79,6.81,0.0,0,1,90.3,42.1,76.0,35.8,Neutral,64.0,Medium
1073,M,20,bachelor,middle,31,0.0,0.715,0,1,1,7.25,4.75,3.98,0,2,66.9,66.1,77.4,78.0,At-Risk,81.9,High
1074,F,19,bachelor,high,25,7.9,0.995,0,0,1,8.41,5.8,3.31,0,1,60.6,100.0,62.9,98.2,Engaged,88.7,High
1075,F,22,high_school,middle,1,14.3,0.75,0,0,1,7.76,5.64,4.16,1,2,82.4,86.1,40.6,42.6,Engaged,48.6,Low
1076,M,15,high_school,low,27,11.7,0.84,0,0,1,6.07,3.95,1.61,0,1,66.1,61.9,84.2,45.5,Neutral,72.8,Medium
1077,F,17,high_school,high,14,12.4,0.798,0,0,1,10.0,4.41,1.82,0,4,67.9,90.1,61.7,60.5,Neutral,61.6,Medium
1078,F,16,high_school,middle,25,11.3,0.83,0,0,1,7.57,3.94,0.0,0,0,87.7,83.0,63.1,57.5,Engaged,72.9,Medium
1079,F,19,bachelor,low,23,12.4,0.772,0,0,1,6.24,2.49,0.14,1,2,26.8,27.8,100.0,84.1,At-Risk,57.0,Medium
1080,M,20,master,middle,29,13.2,0.931,0,0,1,7.15,0.0,4.1,1,1,70.4,81.1,69.5,65.7,Neutral,68.5,Medium
1081,M,22,bachelor,low,21,8.4,0.871,1,0,1,7.66,2.81,2.93,0,1,53.5,64.1,59.7,54.2,At-Risk,50.0,Medium
1082,F,18,high_school,high,36,10.5,0.958,0,1,1,7.61,4.6,2.41,0,0,61.9,46.4,58.7,48.2,Engaged,57.5,Medium
1083,F,16,bachelor,middle,0,20.5,0.799,0,1,1,7.5,6.37,4.72,1,2,66.7,63.6,78.3,29.4,Engaged,50.7,Medium
1084,F,22,bachelor,middle,25,10.9,1.0,0,0,1,8.06,5.79,0.0,0,1,54.9,69.5,54.9,87.4,Engaged,72.0,Medium
1085,F,20,high_school,middle,40,10.3,0.67,0,0,1,7.94,3.64,3.64,0,3,68.4,47.7,76.2,72.6,At-Risk,66.9,Medium
1086,F,21,master,high,50,10.6,0.701,1,1,1,5.88,2.84,0.0,0,0,70.8,59.8,85.6,58.2,At-Risk,66.0,Medium
1087,F,18,none,middle,33,8.7,1.0,0,0,1,9.43,3.84,5.16,2,0,68.1,56.0,66.6,62.2,Engaged,61.6,Medium
1088,F,18,none,middle,47,7.4,0.907,2,0,1,9.26,2.25,3.29,0,1,66.7,76.3,83.8,57.8,At-Risk,70.1,Medium
1089,F,18,high_school,low,25,11.3,0.894,1,0,1,7.86,0.0,4.13,0,1,63.2,56.6,66.9,24.7,Neutral,50.1,Medium
1090,M,20,high_school,high,22,7.0,0.903,0,0,0,6.95,1.11,0.8,0,4,63.5,31.4,57.0,31.6,At-Risk,50.4,Medium
1091,M,16,master,middle,30,9.1,0.917,0,0,1,6.97,6.95,6.56,0,1,66.2,53.9,41.4,55.9,Engaged,48.8,Low
1092,F,22,high_school,low,22,5.3,0.89,0,0,1,6.51,7.91,6.2,0,0,50.9,45.0,72.4,55.6,At-Risk,65.4,Medium
1093,M,16,high_school,high,10,10.6,0.763,1,0,1,6.67,5.71,3.06,0,0,84.1,38.7,72.7,59.8,At-Risk,59.8,Medium
1094,M,18,high_school,low,14,13.5,0.942,0,1,1,4.28,4.08,4.55,1,3,63.6,83.2,83.7,94.0,Neutral,77.0,High
1095,F,17,high_school,low,5,8.7,0.926,0,0,0,8.74,1.41,1.6,1,0,58.9,76.5,82.2,54.3,Engaged,72.8,Medium
1096,M,20,high_school,middle,30,0.0,1.0,0,0,1,8.31,3.88,0.0,2,1,70.9,44.6,100.0,44.7,Engaged,65.6,Medium
1097,M,20,high_school,low,22,13.5,1.0,1,0,1,4.89,5.42,3.79,0,0,63.3,39.2,58.7,61.1,Engaged,53.2,Medium
1098,F,22,bachelor,middle,17,10.7,0.893,0,0,1,7.97,5.86,0.36,1,0,83.6,60.2,73.7,32.1,Neutral,68.9,Medium
1099,F,21,high_school,low,13,4.0,0.737,0,0,1,6.89,5.58,4.82,0,3,78.4,38.2,57.0,63.1,At-Risk,60.5,Medium
1100,M,16,bachelor,low,30,14.6,1.0,0,0,1,6.66,6.62,4.3,0,3,66.4,57.6,82.9,45.5,Engaged,59.5,Medium
1101,M,16,high_school,low,34,1.6,0.758,1,0,1,7.49,8.09,2.67,1,0,79.1,63.3,53.2,64.5,At-Risk,61.5,Medium
1102,M,22,bachelor,low,5,16.3,0.894,2,1,1,4.81,3.39,2.56,0,0,68.5,67.5,82.6,56.4,Engaged,74.1,Medium
1103,F,18,master,high,3,9.7,0.834,0,0,1,6.89,9.81,4.18,0,1,47.7,68.1,56.2,57.2,Neutral,62.1,Medium
1104,F,15,high_school,middle,36,0.0,0.817,0,1,1,7.0,0.16,2.75,0,1,78.3,47.9,80.3,72.5,Engaged,65.4,Medium
1105,M,21,none,middle,1,11.1,0.936,0,0,1,7.0,2.64,1.39,0,4,36.5,63.3,87.3,74.7,Neutral,68.4,Medium
1106,F,20,master,middle,30,7.6,0.884,0,0,1,5.26,4.6,0.0,0,0,12.2,85.0,43.1,100.0,Neutral,78.3,High
1107,M,15,bachelor,middle,46,6.7,0.911,0,0,1,7.44,5.3,4.12,1,2,75.5,24.3,46.4,73.9,At-Risk,53.4,Medium
1108,M,21,bachelor,low,46,5.6,0.778,0,1,1,8.17,3.84,2.93,1,2,71.7,67.9,71.8,55.1,At-Risk,64.5,Medium
1109,Other,19,none,low,33,9.2,0.843,1,0,0,7.39,3.21,7.71,1,2,70.7,40.8,70.1,47.3,Neutral,59.5,Medium
1110,M,19,high_school,middle,33,7.1,0.783,0,0,1,6.62,8.61,2.01,0,1,85.8,87.3,63.3,66.9,Neutral,79.8,High
1111,M,21,bachelor,middle,56,0.0,0.84,0,0,1,10.0,3.11,2.8,0,2,64.6,76.7,60.4,89.2,Engaged,82.4,High
1112,M,18,master,middle,0,17.6,0.848,0,0,1,5.79,2.16,2.85,0,3,59.3,76.1,54.3,77.1,Engaged,75.6,High
1113,F,18,high_school,high,15,8.5,1.0,0,0,1,7.83,7.58,3.5,0,1,76.9,46.6,73.3,45.8,Neutral,59.9,Medium
1114,F,19,bachelor,middle,35,5.6,0.834,0,1,1,7.19,5.9,0.27,0,0,54.3,66.7,52.6,69.1,Neutral,59.1,Medium
1115,Other,16,bachelor,low,17,3.2,0.647,0,0,1,9.31,6.39,2.05,1,0,61.4,68.8,73.9,64.4,At-Risk,65.7,Medium
1116,M,16,high_school,low,41,14.6,1.0,0,1,0,7.36,4.59,3.86,1,0,68.8,19.3,58.8,81.0,Engaged,60.8,Medium
1117,M,21,high_school,low,21,2.2,0.905,0,0,1,7.62,1.45,1.53,0,1,70.0,64.6,61.2,66.0,Neutral,61.6,Medium
1118,F,16,high_school,middle,24,10.8,0.847,1,1,1,7.51,4.37,3.78,1,1,60.0,73.0,87.5,65.3,Neutral,73.0,Medium
1119,M,19,high_school,high,18,6.5,0.816,1,1,1,5.63,1.17,2.39,1,0,57.6,36.5,83.3,36.4,At-Risk,49.7,Low
1120,F,17,bachelor,high,14,6.8,0.765,0,0,1,5.86,4.68,3.0,0,1,48.2,72.8,52.0,75.8,Neutral,70.1,Medium
1121,F,16,high_school,low,14,3.4,1.0,0,1,1,6.57,5.51,4.5,1,0,53.2,63.8,54.0,32.2,Neutral,66.1,Medium
1122,M,19,high_school,middle,26,6.3,0.865,0,1,1,8.05,6.35,1.75,0,0,92.3,86.9,80.4,61.8,At-Risk,94.3,High
1123,F,21,bachelor,middle,10,10.1,0.686,1,0,1,7.18,4.02,0.0,0,0,61.0,54.6,45.1,49.0,At-Risk,50.0,Medium
1124,M,18,bachelor,middle,36,11.4,0.893,1,0,1,6.65,5.7,1.67,1,1,67.8,65.2,91.3,47.8,Neutral,65.8,Medium
1125,M,16,bachelor,middle,32,5.3,0.981,0,0,0,8.55,2.39,0.55,0,1,42.6,68.1,70.2,71.7,Engaged,71.7,Medium
1126,F,16,bachelor,low,38,9.5,0.876,0,0,1,4.52,6.13,0.0,0,2,100.0,11.5,58.7,59.9,Engaged,56.3,Medium
1127,F,16,high_school,low,5,15.3,0.77,0,0,0,5.35,5.55,1.99,0,2,52.1,55.6,68.2,12.1,At-Risk,55.2,Medium
1128,F,22,bachelor,high,0,0.0,0.761,0,0,1,3.9,2.6,2.6,3,0,47.4,63.6,89.8,56.0,At-Risk,66.7,Medium
1129,F,17,high_school,middle,22,10.0,0.768,0,0,1,8.35,5.26,4.24,1,1,64.1,19.6,33.9,52.2,Neutral,45.1,Low
1130,Other,17,high_school,middle,65,4.3,1.0,0,0,1,6.78,6.38,0.0,0,2,51.6,74.1,84.4,85.1,Neutral,82.6,High
1131,Other,15,high_school,middle,41,3.7,0.853,0,0,1,8.06,4.36,2.38,0,4,70.5,63.5,87.1,35.2,Neutral,57.0,Medium
1132,F,18,bachelor,middle,14,11.6,0.692,0,0,1,6.77,2.55,4.46,0,2,42.3,63.4,62.9,98.3,At-Risk,71.3,Medium
1133,M,22,bachelor,high,28,6.7,0.898,0,1,1,8.13,4.56,1.05,1,3,82.1,75.0,66.9,77.1,Neutral,83.3,High
1134,F,18,high_school,low,33,2.7,0.874,0,0,0,6.75,5.3,3.27,0,1,79.1,54.6,70.2,54.4,At-Risk,66.6,Medium
1135,F,20,master,low,1,17.9,0.815,1,0,1,7.39,2.54,5.4,1,3,63.2,62.8,79.7,51.6,Engaged,57.5,Medium
1136,M,16,master,middle,43,15.5,0.758,0,0,1,7.22,2.18,0.0,2,2,40.2,77.6,56.3,47.2,At-Risk,62.1,Medium
1137,M,16,high_school,middle,19,0.0,0.754,0,1,1,7.31,5.24,2.75,1,3,52.8,63.0,67.8,66.4,At-Risk,70.0,Medium
1138,M,20,bachelor,low,21,1.2,0.969,1,0,1,8.92,5.85,4.53,0,1,65.9,28.8,66.4,44.2,Neutral,48.0,Low
1139,M,15,high_school,low,22,13.6,0.885,0,0,1,4.95,8.5,1.5,1,0,46.8,62.9,78.9,57.7,Neutral,63.8,Medium
1140,F,18,phd,low,39,8.3,0.908,0,0,0,6.82,5.53,4.97,0,2,49.3,63.2,100.0,38.3,Engaged,62.7,Medium
1141,M,17,high_school,low,11,19.0,0.884,0,0,1,7.14,1.78,3.47,0,1,80.7,78.2,56.3,74.3,Engaged,59.5,Medium
1142,F,15,high_school,low,0,13.7,0.893,0,0,0,6.96,8.28,5.74,0,1,67.3,55.8,69.3,63.4,Engaged,61.2,Medium
1143,F,19,high_school,low,27,11.8,0.813,3,0,1,6.42,6.31,3.36,1,0,66.8,44.4,55.8,50.6,At-Risk,44.2,Low
1144,F,22,high_school,middle,0,3.9,0.839,0,0,1,6.26,0.19,5.91,0,0,72.9,44.5,60.2,55.2,At-Risk,64.7,Medium
1145,M,15,bachelor,high,17,12.9,0.976,0,0,1,8.74,2.14,2.8,1,2,62.5,88.0,50.8,46.1,Neutral,65.1,Medium
1146,M,21,bachelor,high,40,2.3,1.0,0,1,0,6.82,3.22,0.0,0,0,64.1,67.2,43.5,66.3,Engaged,66.1,Medium
1147,F,19,high_school,middle,31,17.8,0.738,3,0,1,9.83,5.88,0.94,0,2,71.8,87.0,86.9,34.9,Neutral,49.3,Low
1148,F,20,bachelor,low,38,12.5,0.839,1,1,1,7.53,0.0,4.24,1,1,77.1,89.7,73.7,78.0,Engaged,80.1,High
1149,F,15,master,high,31,5.1,0.944,0,0,1,6.55,3.96,4.2,0,2,72.5,48.6,69.5,63.5,At-Risk,53.1,Medium
1150,F,21,bachelor,middle,58,14.8,1.0,0,0,1,7.56,5.76,1.58,0,0,86.9,47.2,54.0,51.0,Engaged,61.2,Medium
1151,M,15,bachelor,middle,13,23.4,1.0,0,0,1,7.03,0.0,5.81,0,0,65.4,59.7,66.8,71.8,Engaged,75.3,High
1152,F,22,high_school,low,28,8.7,0.78,0,1,0,8.51,5.69,1.49,2,3,44.8,73.1,49.5,67.8,At-Risk,61.6,Medium
1153,M,20,high_school,low,15,13.3,0.988,0,0,1,5.5,5.93,3.12,0,0,81.3,36.8,67.6,39.1,Neutral,59.4,Medium
1154,M,17,master,middle,36,7.4,0.866,0,0,0,4.74,2.51,3.07,0,1,61.3,70.2,73.3,86.1,Neutral,82.8,High
1155,F,15,bachelor,middle,21,10.5,0.964,0,0,1,7.33,1.89,0.0,0,0,53.5,69.3,59.3,10.1,Engaged,51.4,Medium
1156,M,19,bachelor,low,48,1.0,0.939,2,0,1,7.9,2.48,1.98,0,1,75.7,41.7,55.9,81.8,At-Risk,57.1,Medium
1157,M,15,master,high,14,10.0,0.734,0,0,1,7.24,0.0,6.96,0,1,70.6,42.4,60.1,56.7,At-Risk,47.0,Low
1158,M,19,high_school,middle,43,10.3,0.915,0,1,0,7.71,3.55,0.36,0,2,45.8,70.0,81.0,79.8,Neutral,77.8,High
1159,M,21,bachelor,middle,31,20.8,0.961,2,0,1,7.53,4.64,3.45,1,3,75.1,99.3,71.2,88.8,Neutral,70.8,Medium
1160,F,17,high_school,low,22,0.0,0.858,0,0,1,5.12,1.76,0.0,0,2,93.1,56.7,42.3,51.5,Neutral,45.0,Low
1161,M,16,high_school,middle,30,8.3,0.835,0,0,1,7.24,6.14,0.33,0,2,69.9,67.9,79.6,52.4,Neutral,62.5,Medium
1162,F,16,bachelor,middle,26,17.7,0.703,0,0,1,8.48,4.41,0.0,0,1,61.2,51.1,76.7,66.3,Neutral,53.8,Medium
1163,F,16,high_school,low,27,8.5,0.928,0,1,1,7.11,4.72,4.08,0,3,40.0,66.3,71.0,37.3,At-Risk,67.8,Medium
1164,M,15,master,middle,19,9.0,0.881,0,0,1,5.33,3.4,0.46,0,0,95.8,50.7,94.3,53.4,Engaged,71.8,Medium
1165,M,16,high_school,middle,11,5.0,0.768,0,1,1,6.5,5.69,4.73,1,1,57.2,57.3,68.4,51.7,At-Risk,69.2,Medium
1166,F,20,master,middle,17,4.4,0.827,0,0,1,7.57,6.78,1.14,0,0,43.9,100.0,74.9,36.3,Neutral,75.2,High
1167,F,17,bachelor,low,0,0.0,0.875,0,0,1,9.05,3.38,2.46,0,1,66.7,63.9,75.5,50.6,At-Risk,68.3,Medium
1168,F,21,bachelor,high,35,6.2,0.804,1,0,1,4.55,5.72,3.02,0,2,80.1,33.8,82.0,75.1,At-Risk,68.0,Medium
1169,F,21,master,middle,3,4.1,0.86,0,0,1,7.33,5.74,0.0,1,2,83.5,73.6,64.4,73.6,Neutral,69.3,Medium
1170,M,21,high_school,low,19,10.7,0.685,0,0,1,5.78,5.04,2.61,1,2,54.9,82.3,57.7,56.5,At-Risk,69.2,Medium
1171,M,19,high_school,low,32,5.3,0.995,0,0,1,7.51,7.55,2.9,0,4,63.5,74.2,83.6,61.2,Neutral,69.1,Medium
1172,F,17,high_school,low,35,7.1,0.862,0,1,1,7.61,2.75,4.48,0,1,65.0,58.8,82.7,53.9,Engaged,70.3,Medium
1173,M,22,high_school,low,0,7.3,0.75,0,0,0,6.62,3.36,0.28,0,5,79.6,45.5,88.4,24.8,Engaged,50.6,Medium
1174,F,16,master,middle,21,9.7,0.614,0,0,1,7.66,2.65,0.57,0,1,73.9,45.9,74.6,39.7,Neutral,66.7,Medium
1175,F,18,bachelor,middle,29,6.8,0.963,0,0,1,8.27,5.65,3.52,0,1,69.1,58.6,41.6,79.2,Neutral,57.8,Medium
1176,F,18,high_school,low,23,3.6,0.916,0,0,1,6.7,3.66,5.02,0,4,78.7,55.4,70.6,83.9,Engaged,76.6,High
1177,M,20,high_school,high,42,10.5,0.881,0,0,1,5.3,2.81,1.01,1,3,44.6,52.0,68.5,42.8,At-Risk,46.2,Low
1178,M,19,bachelor,low,10,16.4,0.946,2,0,1,8.61,7.53,0.0,0,1,71.3,83.9,87.7,82.4,Neutral,80.5,High
1179,M,21,bachelor,middle,0,10.8,0.946,0,0,1,7.89,7.82,1.57,1,1,68.3,78.6,84.9,36.0,Neutral,66.3,Medium
1180,M,22,high_school,high,34,6.3,0.879,2,0,0,7.58,3.54,0.17,0,1,64.2,84.8,77.8,49.7,Neutral,60.0,Medium
1181,F,18,bachelor,middle,14,9.3,0.835,0,0,1,6.07,1.47,3.0,0,2,61.3,47.8,34.8,57.6,Engaged,43.8,Low
1182,M,21,bachelor,middle,0,0.0,0.818,0,1,1,8.08,7.93,0.04,0,0,67.0,45.4,54.8,54.5,Engaged,61.1,Medium
1183,M,16,bachelor,middle,20,9.2,0.902,0,0,0,9.35,5.14,4.15,0,1,56.4,63.4,62.2,46.2,Engaged,57.5,Medium
1184,M,22,high_school,low,40,7.6,1.0,1,1,0,6.75,5.04,2.63,0,3,100.0,69.5,62.5,62.5,Engaged,59.7,Medium
1185,M,16,bachelor,low,3,4.4,0.85,0,0,0,7.01,4.41,4.21,1,3,85.4,63.3,70.7,75.5,At-Risk,72.9,Medium
1186,F,21,high_school,middle,57,5.5,1.0,3,1,1,5.62,2.6,0.0,0,2,81.4,68.2,91.7,30.9,Neutral,61.8,Medium
1187,M,18,high_school,low,9,7.5,0.897,0,1,0,6.04,3.37,0.0,0,1,57.1,90.5,80.5,62.5,At-Risk,82.5,High
1188,Other,22,bachelor,middle,23,16.0,0.898,0,0,1,5.61,5.56,4.79,0,2,50.6,58.1,53.3,79.3,Engaged,70.5,Medium
1189,M,16,bachelor,low,4,16.6,1.0,1,0,1,7.06,3.3,0.76,0,0,61.8,76.5,54.7,51.7,Engaged,70.6,Medium
1190,F,18,high_school,high,23,4.4,1.0,2,0,1,6.49,5.07,0.0,0,1,66.7,71.3,53.3,49.1,Engaged,41.5,Low
1191,M,22,master,high,20,6.9,1.0,1,0,1,7.35,4.23,1.79,0,3,43.3,63.7,66.1,43.0,Neutral,55.8,Medium
1192,M,15,none,middle,0,7.0,0.78,0,0,1,5.83,2.09,2.68,0,1,72.2,75.7,80.9,100.0,Engaged,74.0,Medium
1193,F,17,bachelor,middle,64,14.9,1.0,1,0,1,6.7,7.44,1.88,0,1,81.2,48.2,83.4,89.9,Engaged,91.1,High
1194,F,15,phd,low,15,10.9,0.852,0,1,1,5.76,5.39,3.14,0,1,31.5,44.6,62.0,54.1,Engaged,60.5,Medium
1195,F,17,bachelor,low,15,10.6,0.837,2,0,1,7.13,4.86,2.87,0,3,51.5,69.8,67.5,83.6,Neutral,72.4,Medium
1196,M,18,master,middle,37,13.2,0.644,3,0,1,4.94,5.31,2.76,0,3,83.4,32.5,94.8,49.5,At-Risk,48.3,Low
1197,M,19,bachelor,middle,49,6.4,0.893,0,0,1,7.08,0.61,4.9,0,2,70.6,71.2,44.2,56.9,Neutral,55.1,Medium
1198,F,17,bachelor,middle,39,18.2,0.752,0,0,1,6.57,3.21,2.17,0,1,52.0,41.7,78.2,38.8,Neutral,62.6,Medium
1199,M,16,bachelor,middle,4,10.0,0.901,0,0,1,7.12,1.15,2.11,0,0,76.0,89.3,76.5,23.1,Engaged,68.1,Medium
1200,F,16,bachelor,middle,25,4.9,0.744,2,0,1,4.92,4.45,3.81,0,1,56.1,54.9,63.3,48.4,At-Risk,61.9,Medium
1201,F,22,high_school,low,0,8.6,1.0,1,0,1,7.69,4.85,3.31,0,1,61.5,88.2,67.7,51.5,Engaged,62.7,Medium
1202,F,22,bachelor,low,36,17.4,0.915,1,0,1,6.54,4.48,0.39,2,3,47.9,58.2,74.7,68.5,At-Risk,61.2,Medium
1203,F,16,high_school,middle,0,7.4,1.0,2,0,1,7.16,6.56,2.02,0,0,65.3,57.4,63.3,73.1,Engaged,66.5,Medium
1204,F,16,phd,middle,10,15.7,0.758,0,0,1,4.66,1.21,3.08,1,0,80.3,77.6,57.8,57.5,Engaged,67.3,Medium
1205,M,15,high_school,high,22,6.2,1.0,1,1,1,5.41,2.6,1.03,0,1,57.8,67.3,56.6,40.2,At-Risk,60.7,Medium
1206,M,22,high_school,middle,29,5.4,0.68,0,0,1,6.43,5.03,1.12,0,2,74.7,60.8,97.8,46.8,Neutral,60.3,Medium
1207,F,20,master,middle,18,14.0,0.881,0,0,1,8.55,4.73,0.0,0,4,64.3,54.7,61.0,91.8,Neutral,61.7,Medium
1208,F,21,high_school,middle,45,4.8,0.797,0,0,1,7.53,1.57,0.0,0,1,81.2,54.9,71.2,72.6,Engaged,69.4,Medium
1209,M,17,high_school,low,33,14.9,0.815,0,0,1,7.06,6.59,1.45,0,2,58.1,100.0,80.6,88.5,At-Risk,76.7,High
1210,M,20,bachelor,middle,32,12.1,0.808,0,0,1,5.79,7.29,2.45,0,0,88.3,31.8,64.6,95.5,Neutral,62.0,Medium
1211,F,15,high_school,middle,4,4.8,0.769,1,1,1,5.57,5.05,0.01,0,0,75.2,40.4,68.6,46.9,At-Risk,56.6,Medium
1212,F,20,high_school,middle,47,9.6,0.734,0,0,1,7.23,1.18,4.96,0,1,68.7,83.2,76.0,76.4,Neutral,72.0,Medium
1213,F,19,bachelor,low,10,6.7,0.816,1,0,1,7.74,4.52,0.11,0,2,69.2,81.8,54.4,42.0,At-Risk,57.1,Medium
1214,M,17,high_school,high,48,12.1,0.872,0,1,1,7.15,4.88,4.03,0,1,58.0,45.4,43.4,80.7,Engaged,60.9,Medium
1215,M,20,high_school,high,52,21.3,0.976,1,1,1,8.95,3.66,3.04,0,1,57.1,30.5,56.3,76.6,Engaged,54.8,Medium
1216,F,20,none,low,30,7.8,0.89,0,0,1,6.08,6.89,6.55,0,1,68.9,84.9,95.7,17.7,Neutral,63.3,Medium
1217,M,18,high_school,low,37,13.2,0.977,1,1,1,7.12,3.97,3.28,1,3,47.0,43.2,58.8,68.1,Engaged,65.5,Medium
1218,F,16,high_school,low,0,10.1,0.712,0,0,0,4.87,8.41,0.0,0,2,56.0,53.2,70.1,42.9,At-Risk,58.1,Medium
1219,F,15,none,middle,19,10.1,0.817,0,1,1,7.15,5.77,4.31,0,1,50.9,63.7,46.8,53.2,Engaged,59.9,Medium
1220,M,22,bachelor,middle,39,9.0,0.931,0,0,1,8.66,4.75,5.6,0,2,73.6,42.7,89.5,46.8,Neutral,63.7,Medium
1221,M,17,bachelor,low,36,4.9,0.894,0,1,1,5.65,6.04,0.0,0,1,73.8,78.6,63.2,78.2,Engaged,70.7,Medium
1222,M,17,none,middle,4,12.0,0.774,0,0,1,7.91,7.26,3.48,0,2,84.0,62.4,60.7,46.3,Engaged,53.1,Medium
1223,F,20,high_school,middle,18,8.3,0.953,0,0,1,8.63,6.0,3.92,1,0,60.0,46.1,65.9,34.4,At-Risk,38.8,Low
1224,F,17,master,middle,0,4.6,0.807,0,0,1,6.07,4.05,1.77,0,2,52.9,47.7,100.0,43.8,Engaged,62.3,Medium
1225,M,18,bachelor,middle,28,16.1,0.782,1,1,1,7.46,2.88,0.0,1,1,43.0,85.3,75.1,55.7,At-Risk,66.7,Medium
1226,F,20,high_school,middle,0,10.6,0.909,0,0,0,8.8,1.96,1.61,0,0,69.1,57.0,65.5,68.2,Engaged,70.0,Medium
1227,M,19,bachelor,middle,39,8.6,0.861,0,1,1,7.18,0.0,1.04,0,3,86.0,73.1,21.9,83.9,Neutral,56.1,Medium
1228,M,20,high_school,low,40,18.0,0.808,0,0,1,7.84,4.55,5.26,0,1,63.9,61.8,89.6,70.3,Neutral,79.7,High
1229,F,15,master,middle,15,0.0,0.804,0,0,1,4.77,3.42,2.02,0,0,65.4,30.4,56.9,71.7,At-Risk,55.5,Medium
1230,M,18,master,high,30,17.6,0.753,0,0,1,7.62,3.53,1.38,1,1,64.9,75.4,54.4,74.8,At-Risk,66.6,Medium
1231,M,18,master,middle,19,4.7,0.82,0,0,1,7.52,6.26,1.03,0,0,68.8,81.3,55.8,76.3,Engaged,70.8,Medium
1232,F,20,high_school,high,26,11.3,0.97,0,0,1,5.31,3.98,2.85,0,1,80.0,95.2,91.4,80.7,Engaged,92.9,High
1233,M,16,high_school,middle,5,6.5,0.884,0,1,1,5.74,7.99,2.31,0,1,93.8,27.8,67.3,100.0,Engaged,78.6,High
1234,F,16,high_school,middle,31,4.5,0.956,0,0,0,7.62,3.05,0.62,1,2,72.5,5.1,43.6,76.0,Engaged,39.8,Low
1235,M,21,high_school,low,0,17.9,0.912,0,0,1,6.54,2.26,2.73,0,0,73.5,73.5,64.7,65.7,Engaged,80.4,High
1236,M,20,high_school,middle,0,21.1,0.799,0,0,1,8.23,1.68,1.09,0,2,61.4,51.2,54.7,50.7,At-Risk,48.0,Low
1237,M,21,bachelor,low,20,8.7,0.695,0,1,1,7.27,5.65,0.0,1,1,63.4,36.3,73.8,66.2,Neutral,61.4,Medium
1238,M,17,high_school,low,19,12.0,0.767,1,0,1,6.97,6.5,3.54,0,2,63.2,63.9,61.8,83.1,At-Risk,62.5,Medium
1239,M,22,master,low,26,10.3,0.793,0,1,1,6.7,3.01,3.35,0,2,59.5,53.9,42.9,35.6,At-Risk,57.1,Medium
1240,M,17,high_school,low,12,20.4,0.785,0,0,1,7.25,2.07,2.6,0,0,66.9,39.0,66.7,85.2,Engaged,60.1,Medium
1241,F,20,none,high,50,0.0,0.958,0,0,1,7.86,7.26,1.32,0,0,74.4,60.5,67.1,51.5,Neutral,67.9,Medium
1242,M,16,master,high,24,12.3,0.957,2,0,1,7.54,1.3,2.06,0,3,66.0,72.2,47.9,55.4,Engaged,39.8,Low
1243,M,22,bachelor,middle,25,5.6,1.0,0,0,1,6.39,6.22,3.84,2,1,60.8,65.1,36.6,70.4,Neutral,61.7,Medium
1244,M,17,high_school,low,25,0.0,0.784,0,1,1,8.39,3.06,0.94,0,1,66.9,65.3,72.5,49.5,At-Risk,65.2,Medium
1245,M,21,bachelor,high,37,7.8,1.0,1,1,0,7.69,4.99,3.92,1,0,50.6,70.0,63.5,69.2,Neutral,67.5,Medium
1246,M,17,high_school,middle,31,21.1,1.0,0,0,1,7.36,6.35,0.0,0,2,77.1,31.6,64.6,37.0,Engaged,45.5,Low
1247,F,21,high_school,low,29,6.1,0.837,0,1,1,7.01,5.15,2.54,2,2,58.8,61.1,79.9,77.5,At-Risk,73.1,Medium
1248,M,18,bachelor,middle,33,14.7,0.907,0,0,1,7.5,3.61,2.25,0,1,47.7,66.3,37.0,63.9,Neutral,54.6,Medium
1249,F,15,high_school,middle,0,17.2,0.984,0,0,1,4.7,6.99,4.21,0,1,71.9,55.2,69.0,59.9,Engaged,55.8,Medium
1250,F,16,bachelor,low,0,9.9,0.854,1,0,1,7.19,4.78,0.36,2,1,72.7,47.1,78.6,65.5,Engaged,56.9,Medium
1251,M,20,high_school,middle,21,10.7,0.846,0,0,1,8.87,11.57,0.58,0,1,52.1,48.6,65.1,59.6,Neutral,65.1,Medium
1252,M,16,bachelor,middle,19,0.0,0.797,0,0,1,7.16,0.79,0.0,0,0,74.4,56.7,45.3,68.8,Neutral,56.2,Medium
1253,M,17,bachelor,low,31,5.7,0.624,0,0,1,7.0,0.76,1.07,0,1,74.5,78.5,57.4,55.9,At-Risk,57.0,Medium
1254,F,19,high_school,middle,22,15.4,0.867,3,0,1,6.18,6.19,2.71,0,1,94.6,89.5,60.8,54.2,Neutral,60.4,Medium
1255,M,17,none,middle,31,10.4,0.789,0,0,0,7.49,4.14,0.0,1,3,61.5,85.8,42.7,24.6,At-Risk,50.4,Medium
1256,F,16,high_school,middle,3,12.2,0.752,0,0,1,6.67,5.79,1.31,1,0,64.2,33.9,73.9,87.3,Neutral,70.8,Medium
1257,F,19,bachelor,high,22,10.8,0.902,2,0,1,8.47,2.0,3.42,0,2,55.9,45.1,68.1,36.7,Neutral,50.2,Medium
1258,F,20,bachelor,middle,2,23.2,0.715,0,0,1,5.86,4.31,1.99,0,0,72.4,73.8,57.7,92.3,Neutral,80.7,High
1259,F,20,bachelor,middle,28,7.4,0.941,1,0,0,6.36,5.11,2.35,0,2,64.9,85.4,83.8,55.2,At-Risk,72.4,Medium
1260,Other,22,high_school,middle,0,19.6,0.908,1,0,1,6.18,3.11,0.0,1,1,79.8,44.6,59.6,84.4,Neutral,60.3,Medium
1261,M,15,high_school,middle,27,10.8,0.82,0,0,1,9.1,4.66,2.0,1,0,58.5,65.3,91.7,80.8,Engaged,84.9,High
1262,M,18,bachelor,middle,0,20.2,0.854,1,0,1,6.67,1.48,2.26,1,2,72.1,41.6,63.7,79.2,Engaged,55.0,Medium
1263,M,16,high_school,low,16,2.7,0.741,2,0,1,6.24,4.99,1.87,0,1,61.4,67.0,52.7,60.9,At-Risk,52.4,Medium
1264,F,22,bachelor,middle,35,11.1,0.935,0,1,1,4.39,7.09,2.51,0,4,37.4,50.4,53.2,36.1,At-Risk,40.8,Low
1265,F,19,high_school,middle,25,7.6,0.879,0,1,1,5.81,1.72,1.58,0,4,74.4,65.3,69.5,56.4,Neutral,76.2,High
1266,F,15,high_school,middle,0,10.8,0.886,1,0,1,7.53,1.6,1.29,0,0,38.8,40.2,50.9,53.7,Neutral,62.8,Medium
1267,M,20,bachelor,high,12,17.3,0.91,0,1,1,7.53,6.58,0.12,2,0,62.6,32.6,70.3,58.0,Neutral,58.8,Medium
1268,F,15,bachelor,middle,0,12.3,0.796,0,1,1,6.12,1.57,4.15,0,1,62.8,100.0,61.6,35.4,Engaged,71.7,Medium
1269,F,17,bachelor,middle,0,17.3,0.708,0,0,1,6.19,5.88,0.0,0,1,64.9,63.2,61.2,54.3,Engaged,63.8,Medium
1270,F,20,high_school,low,24,6.0,0.956,1,0,0,9.13,4.31,2.52,1,0,65.7,100.0,67.3,1.5,Neutral,56.0,Medium
1271,F,19,master,low,30,5.1,0.929,1,0,1,10.0,3.36,5.83,0,1,65.6,89.2,84.1,54.0,Neutral,81.0,High
1272,M,21,master,middle,29,10.1,0.806,2,1,1,8.28,7.13,4.4,0,0,70.4,32.6,59.3,62.5,Neutral,46.1,Low
1273,M,19,master,middle,31,9.8,0.901,0,0,1,8.77,6.06,3.22,0,0,63.4,68.5,70.9,44.4,Neutral,63.2,Medium
1274,F,21,bachelor,low,22,8.9,0.986,3,0,0,9.03,4.76,2.7,0,2,100.0,38.7,75.1,54.6,Engaged,40.2,Low
1275,M,19,bachelor,low,18,4.2,0.974,0,1,1,9.56,0.0,1.94,0,0,59.9,56.7,48.6,63.3,Engaged,56.8,Medium
1276,M,15,bachelor,low,6,17.2,0.804,0,1,1,6.54,5.62,0.4,0,2,46.7,28.1,76.4,80.3,At-Risk,57.1,Medium
1277,M,15,high_school,middle,15,7.8,0.711,0,0,1,5.85,2.06,1.69,1,1,43.8,33.7,81.0,81.1,At-Risk,55.0,Medium
1278,M,21,high_school,middle,2,18.6,0.728,0,1,1,9.1,3.76,3.35,2,0,74.9,46.6,83.5,66.1,Engaged,65.6,Medium
1279,F,15,bachelor,middle,9,10.1,0.829,0,0,1,5.74,4.21,2.98,0,1,41.1,52.2,50.3,59.4,At-Risk,58.0,Medium
1280,F,18,none,low,23,13.9,1.0,0,1,1,5.67,7.99,3.78,0,1,46.9,62.7,51.4,67.1,Neutral,61.8,Medium
1281,M,15,none,low,20,13.3,0.787,0,1,1,5.69,3.69,4.64,1,0,44.7,43.3,67.1,96.0,At-Risk,69.5,Medium
1282,M,17,master,low,68,5.1,0.8,0,0,1,6.74,1.35,1.88,1,2,71.9,64.7,66.2,70.0,Neutral,60.7,Medium
1283,M,19,none,middle,2,12.2,0.798,0,1,1,4.52,7.14,2.58,0,3,85.0,82.4,68.3,65.2,Engaged,72.9,Medium
1284,F,16,bachelor,low,20,21.6,0.807,0,0,1,5.18,5.65,0.0,0,3,50.8,66.9,62.3,81.5,Neutral,64.4,Medium
1285,F,18,bachelor,low,1,11.5,0.859,0,1,1,6.15,5.73,6.71,0,0,71.3,60.8,71.0,61.0,At-Risk,63.9,Medium
1286,F,22,high_school,high,16,15.4,0.732,0,1,1,5.46,7.18,1.37,0,3,25.4,68.1,27.1,42.9,At-Risk,52.3,Medium
1287,M,15,master,middle,17,14.2,0.968,0,1,1,8.17,7.65,3.5,0,1,53.8,36.2,78.5,69.2,Engaged,63.7,Medium
1288,M,15,high_school,middle,35,11.8,0.846,0,1,1,6.91,2.42,1.37,1,3,74.0,79.1,91.6,63.4,Neutral,70.5,Medium
1289,M,17,master,low,15,11.1,1.0,2,1,1,7.59,1.42,1.32,0,1,60.3,40.4,59.2,55.6,At-Risk,58.9,Medium
1290,F,21,bachelor,low,19,13.3,0.743,3,0,1,7.46,5.88,1.73,1,2,79.9,89.9,71.2,70.9,Engaged,55.3,Medium
1291,M,18,high_school,high,16,14.6,1.0,0,0,1,6.65,3.68,0.0,0,2,31.5,75.9,94.9,23.7,At-Risk,74.7,Medium
1292,F,20,high_school,middle,1,1.9,0.999,0,0,0,8.09,3.86,0.0,0,1,54.0,72.0,68.5,49.2,Engaged,59.6,Medium
1293,F,15,high_school,middle,12,11.5,0.819,0,1,1,7.44,1.96,4.52,0,3,71.8,72.8,72.9,42.4,At-Risk,65.1,Medium
1294,M,20,high_school,high,16,8.9,0.82,1,0,1,6.52,5.37,3.29,0,1,71.6,62.0,97.5,44.5,Engaged,61.7,Medium
1295,M,15,high_school,middle,23,7.7,0.768,0,0,1,4.88,5.0,0.37,0,0,72.8,47.8,100.0,56.9,At-Risk,71.8,Medium
1296,M,20,phd,low,30,17.8,0.769,2,0,1,7.52,3.89,3.1,0,1,68.1,45.0,51.0,41.8,At-Risk,40.2,Low
1297,M,16,high_school,middle,18,5.6,0.86,3,0,1,5.39,1.42,3.85,0,6,47.8,93.5,61.4,93.5,At-Risk,62.1,Medium
1298,M,21,master,low,18,1.6,0.862,0,0,1,7.36,6.62,0.81,0,3,53.3,63.9,82.3,69.0,At-Risk,61.5,Medium
1299,F,17,high_school,low,0,14.8,0.7,0,1,0,6.99,4.71,3.02,0,1,99.7,41.9,76.0,44.1,Engaged,56.1,Medium
1300,M,16,phd,low,30,1.5,1.0,0,1,0,5.27,6.44,4.21,0,2,46.1,71.3,79.3,25.2,Neutral,67.0,Medium
1301,M,17,high_school,high,12,0.0,0.834,0,0,1,7.21,0.0,0.0,0,0,43.8,68.2,26.1,48.3,At-Risk,53.1,Medium
1302,F,15,high_school,middle,33,15.4,0.867,0,1,1,7.13,4.31,3.27,1,1,75.2,56.1,36.7,53.4,Neutral,48.0,Low
1303,F,16,bachelor,low,42,11.0,0.797,1,0,1,7.13,2.77,2.93,2,2,49.1,45.8,96.5,47.3,At-Risk,56.2,Medium
1304,M,19,high_school,low,19,12.8,0.833,0,0,1,7.08,4.27,5.96,0,0,91.9,75.2,80.4,100.0,Engaged,84.2,High
1305,F,17,master,middle,7,7.3,0.824,1,0,1,6.12,6.09,3.31,0,0,100.0,79.0,73.7,26.9,Engaged,59.4,Medium
1306,F,17,high_school,high,22,1.7,0.86,0,0,1,7.61,4.94,1.38,0,1,61.4,67.8,48.1,61.0,Neutral,59.7,Medium
1307,F,21,bachelor,low,27,2.9,0.859,0,0,1,6.07,4.24,1.61,2,4,69.6,63.3,61.4,57.4,At-Risk,54.1,Medium
1308,F,15,bachelor,low,17,8.4,0.94,2,0,1,5.61,4.23,6.25,1,0,37.6,47.9,77.1,55.0,Neutral,56.5,Medium
1309,M,18,bachelor,high,14,2.4,0.883,1,0,1,7.71,1.08,1.49,0,3,80.5,70.6,45.9,21.2,At-Risk,41.7,Low
1310,F,16,none,high,30,11.8,0.93,0,0,1,8.02,2.39,3.37,1,0,31.4,50.6,56.7,59.1,Neutral,43.8,Low
1311,M,18,high_school,high,29,7.2,0.859,0,0,1,7.63,6.44,1.72,2,2,44.9,39.1,74.0,63.6,At-Risk,56.5,Medium
1312,F,17,high_school,low,17,11.1,0.883,0,0,1,6.65,3.19,4.36,0,1,66.8,82.3,77.4,74.2,Engaged,82.4,High
1313,F,15,high_school,low,0,10.9,0.836,0,1,1,4.57,6.48,4.46,1,0,73.2,43.5,59.6,69.7,Engaged,71.2,Medium
1314,M,15,high_school,middle,29,12.3,0.96,2,0,1,8.68,5.85,2.15,0,3,42.7,27.9,83.7,84.4,At-Risk,70.2,Medium
1315,M,21,master,low,10,13.0,0.892,0,0,1,4.55,5.96,1.39,0,2,56.9,85.6,83.2,19.1,Neutral,63.7,Medium
1316,F,15,bachelor,high,25,7.9,0.844,0,0,1,7.6,4.87,1.34,0,1,40.1,30.6,39.3,55.3,Engaged,38.3,Low
1317,F,21,bachelor,low,24,11.1,0.841,1,0,1,9.43,3.33,0.0,0,3,60.2,55.0,94.2,100.0,Neutral,76.3,High
1318,M,22,high_school,middle,0,11.4,0.849,0,1,1,7.08,3.9,2.4,0,4,53.0,42.3,86.7,81.2,Neutral,68.2,Medium
1319,F,18,high_school,high,23,0.0,0.863,1,0,1,7.25,5.48,2.36,2,2,55.5,49.0,71.3,30.9,At-Risk,39.8,Low
1320,F,17,bachelor,high,30,13.9,0.854,0,0,1,7.36,0.0,0.57,0,0,74.8,100.0,65.8,61.8,Engaged,69.5,Medium
1321,F,21,high_school,middle,32,10.9,0.804,0,1,1,7.14,6.69,0.0,0,1,69.2,60.2,80.6,39.1,At-Risk,60.7,Medium
1322,M,22,high_school,high,24,13.4,0.936,0,1,1,9.72,3.2,2.61,0,0,73.4,68.5,76.5,51.4,Engaged,63.3,Medium
1323,M,15,bachelor,low,0,2.3,0.943,0,0,1,5.89,4.03,2.87,0,1,63.1,76.2,63.7,100.0,Neutral,85.4,High
1324,F,22,bachelor,middle,41,8.1,1.0,2,0,1,5.74,4.04,2.99,1,2,75.8,50.4,93.7,79.2,Neutral,74.6,Medium
1325,M,22,phd,low,28,3.5,0.8,0,1,1,6.51,4.12,0.22,2,1,64.5,81.4,34.3,29.6,At-Risk,48.5,Low
1326,F,16,high_school,high,4,14.5,0.927,0,0,1,8.99,1.57,2.99,2,1,57.6,68.8,57.4,44.7,Neutral,58.9,Medium
1327,M,15,bachelor,high,10,1.6,0.669,0,1,1,6.21,4.5,1.84,0,3,73.6,75.6,75.2,60.0,At-Risk,71.7,Medium
1328,F,20,high_school,low,25,4.4,0.943,0,0,1,7.42,5.39,3.93,1,2,58.6,49.0,67.2,54.7,At-Risk,54.0,Medium
1329,M,15,high_school,low,32,13.2,0.714,0,1,1,8.19,0.11,0.25,0,1,60.1,70.0,79.2,66.3,Neutral,85.0,High
1330,M,19,bachelor,middle,15,6.2,0.762,0,0,1,7.83,1.6,4.5,0,2,81.0,61.8,45.7,44.5,Neutral,45.8,Low
1331,F,15,high_school,low,34,4.4,0.893,0,0,1,8.12,5.99,5.22,0,0,79.6,82.3,63.9,52.7,Neutral,57.7,Medium
1332,F,20,bachelor,middle,0,15.4,0.798,2,1,1,8.6,5.62,2.43,0,4,60.5,52.3,86.4,44.3,At-Risk,59.6,Medium
1333,F,16,high_school,low,6,15.7,0.784,0,0,0,7.27,4.8,3.01,0,1,78.1,98.6,44.1,52.6,Engaged,66.1,Medium
1334,F,15,none,middle,0,14.3,0.812,0,0,1,6.35,2.84,3.77,0,3,45.8,68.1,64.2,74.1,Neutral,65.0,Medium
1335,F,15,master,middle,9,15.1,0.933,0,0,0,7.08,5.63,0.15,1,1,60.6,59.7,59.5,65.9,Neutral,70.1,Medium
1336,F,16,high_school,middle,45,8.6,0.767,1,1,1,6.49,1.79,1.23,0,2,53.7,57.6,73.8,46.0,Neutral,61.3,Medium
1337,M,19,bachelor,low,53,8.8,0.855,0,0,1,9.93,3.93,2.57,0,2,65.0,61.9,74.3,82.6,Engaged,67.9,Medium
1338,F,15,high_school,high,26,6.1,0.822,0,0,1,6.26,1.59,6.25,3,1,76.0,50.7,69.6,81.3,Neutral,61.5,Medium
1339,F,21,master,middle,12,11.0,0.942,0,0,1,7.48,3.88,0.0,0,2,73.3,74.0,63.4,60.0,At-Risk,67.0,Medium
1340,M,19,high_school,middle,19,6.8,0.945,0,0,1,5.1,2.14,5.48,0,1,71.3,61.8,69.0,54.8,Engaged,65.0,Medium
1341,M,17,high_school,middle,29,7.4,0.676,0,1,1,7.06,5.71,1.81,0,1,67.1,97.0,65.4,95.3,Neutral,91.8,High
1342,F,22,bachelor,high,0,13.6,0.965,0,0,1,6.56,5.07,2.13,0,0,62.6,54.2,67.5,92.1,Engaged,79.5,High
1343,F,20,high_school,middle,13,17.1,0.799,1,0,0,7.71,3.06,4.64,0,3,83.0,59.8,91.3,29.7,Engaged,48.9,Low
1344,F,20,high_school,middle,44,12.4,0.884,0,0,1,7.74,6.38,6.24,0,1,41.8,54.2,48.8,83.9,At-Risk,62.6,Medium
1345,Other,16,phd,middle,6,20.8,0.766,3,0,0,8.6,2.29,3.05,0,2,55.0,95.6,73.5,94.5,Neutral,68.7,Medium
1346,F,20,bachelor,high,11,5.8,0.897,0,0,1,8.51,4.13,4.53,0,1,71.2,36.0,52.9,73.1,Engaged,66.2,Medium
1347,M,19,bachelor,low,22,0.0,1.0,0,0,1,6.82,2.97,0.36,1,1,87.9,63.7,99.3,50.7,Engaged,67.8,Medium
1348,M,22,bachelor,middle,26,14.3,0.873,0,1,1,5.77,5.68,1.14,0,1,59.8,67.6,69.4,53.1,Engaged,69.1,Medium
1349,M,18,master,middle,13,5.4,0.814,0,1,1,5.91,5.49,0.0,0,2,61.1,41.7,47.7,94.2,At-Risk,60.3,Medium
1350,M,20,master,middle,23,8.4,0.837,1,1,1,7.26,6.8,1.17,0,3,45.7,100.0,64.3,76.7,At-Risk,64.5,Medium
1351,F,17,bachelor,high,31,0.0,0.713,0,0,1,7.09,4.37,3.33,1,1,56.9,45.2,44.7,70.9,At-Risk,45.6,Low
1352,F,15,high_school,high,51,4.6,1.0,1,1,1,7.21,0.0,2.62,0,0,75.6,62.6,57.9,100.0,At-Risk,74.9,Medium
1353,M,16,none,middle,20,1.0,0.891,0,0,1,6.26,3.34,5.65,1,1,88.7,92.3,77.9,39.8,Engaged,72.4,Medium
1354,M,21,bachelor,middle,21,7.4,0.755,0,0,0,8.62,7.33,6.31,0,3,60.6,55.2,89.8,58.2,At-Risk,70.4,Medium
1355,F,20,master,high,45,7.6,0.758,0,0,1,5.13,3.55,1.93,0,1,53.0,64.6,85.3,63.8,Neutral,63.7,Medium
1356,M,17,bachelor,high,14,10.5,0.862,0,0,1,6.19,0.36,0.84,0,1,66.0,55.8,66.3,55.8,Engaged,63.4,Medium
1357,F,20,high_school,middle,2,17.4,0.953,0,0,0,5.61,5.1,4.52,0,0,40.8,61.0,77.1,23.2,Engaged,64.4,Medium
1358,M,15,high_school,low,26,14.1,0.745,2,0,1,6.65,5.25,4.73,1,2,83.5,81.5,80.9,80.1,Neutral,75.0,High
1359,F,15,bachelor,low,38,0.3,0.971,0,1,1,8.4,2.75,3.08,0,0,46.5,54.4,100.0,45.0,At-Risk,72.6,Medium
1360,M,19,master,high,27,13.6,0.851,0,1,1,6.55,3.71,3.61,0,2,69.7,14.2,58.3,44.6,Engaged,47.1,Low
1361,F,19,high_school,middle,21,10.7,0.767,1,0,1,7.02,2.51,3.3,0,0,69.5,61.4,92.2,52.8,At-Risk,69.5,Medium
1362,M,22,bachelor,middle,0,9.4,0.813,0,1,1,7.7,5.25,0.22,0,2,74.4,63.1,50.5,55.4,Neutral,67.6,Medium
1363,F,21,bachelor,middle,21,9.9,1.0,1,0,1,6.5,4.31,0.0,1,0,68.8,65.5,86.9,57.6,Engaged,80.6,High
1364,M,17,master,middle,40,11.2,0.721,0,0,1,7.36,1.87,2.1,1,3,65.0,58.7,58.1,79.3,At-Risk,65.7,Medium
1365,M,21,high_school,middle,3,5.8,0.787,1,1,1,7.2,4.18,1.8,0,3,71.4,46.5,57.1,83.4,At-Risk,62.3,Medium
1366,F,18,master,middle,18,8.9,0.955,0,0,1,5.54,2.73,2.75,0,1,77.5,57.6,63.4,54.8,Engaged,61.4,Medium
1367,M,21,bachelor,low,16,17.1,0.882,3,0,1,6.34,7.12,1.94,0,2,91.9,93.8,55.6,48.0,Engaged,57.1,Medium
1368,M,16,bachelor,middle,12,5.8,0.781,0,0,1,7.33,5.99,0.0,0,0,48.5,61.2,74.8,57.4,At-Risk,67.7,Medium
1369,M,15,none,middle,26,3.8,0.956,1,0,1,8.44,3.96,0.0,0,0,37.4,73.8,87.6,42.1,Neutral,65.7,Medium
1370,M,15,bachelor,middle,29,9.6,0.961,0,1,1,8.44,4.36,3.67,2,1,41.8,43.4,34.2,59.4,Engaged,61.7,Medium
1371,M,22,bachelor,low,28,3.2,0.893,1,0,1,9.41,6.23,0.87,0,0,37.8,56.8,65.2,41.1,Neutral,51.0,Medium
1372,F,15,high_school,middle,7,0.0,0.799,1,0,1,7.48,3.85,1.74,0,1,47.0,44.0,50.6,100.0,At-Risk,71.0,Medium
1373,M,22,high_school,low,0,7.9,0.814,1,0,1,6.4,5.72,1.08,0,1,45.1,85.3,82.5,62.6,Neutral,60.4,Medium
1374,F,20,bachelor,low,26,18.7,0.888,0,0,1,6.82,7.15,0.37,0,0,58.8,34.0,90.7,49.2,Engaged,62.2,Medium
1375,F,16,bachelor,middle,14,9.8,0.729,0,0,1,6.76,3.22,0.32,1,1,77.8,68.7,65.2,74.1,At-Risk,65.3,Medium
1376,M,21,none,low,50,11.1,0.993,1,1,1,6.41,7.49,4.24,1,1,74.4,68.1,56.7,35.4,Neutral,57.1,Medium
1377,F,16,high_school,high,50,0.0,1.0,0,0,1,7.36,6.91,1.72,0,3,55.7,67.0,42.2,45.8,At-Risk,50.1,Medium
1378,F,16,high_school,high,52,12.6,0.836,0,1,1,7.42,4.7,3.47,2,2,57.0,19.8,99.2,68.5,Neutral,75.5,High
1379,F,19,master,low,8,10.6,0.896,0,0,1,5.49,3.31,3.74,0,2,95.2,25.6,89.1,62.7,Engaged,61.9,Medium
1380,M,17,phd,middle,31,6.0,0.979,0,0,1,8.21,4.67,2.83,0,0,73.9,64.1,36.3,81.0,Neutral,56.6,Medium
1381,M,17,high_school,middle,35,11.1,1.0,0,0,1,4.7,3.71,3.8,0,3,67.6,45.4,78.5,5.4,Neutral,41.6,Low
1382,M,16,high_school,middle,33,11.0,1.0,0,0,1,6.63,2.61,2.23,1,2,66.8,50.4,50.2,76.4,Neutral,57.1,Medium
1383,F,19,high_school,high,17,3.6,0.686,0,1,1,8.28,5.26,4.93,1,1,60.7,54.4,59.9,49.1,At-Risk,61.3,Medium
1384,Other,15,bachelor,middle,41,12.0,0.828,0,1,1,7.63,2.15,3.85,0,2,95.0,43.0,48.0,36.6,Neutral,53.2,Medium
1385,F,16,master,low,22,17.2,0.91,1,0,1,6.47,3.52,4.11,0,0,62.2,39.9,36.0,25.5,At-Risk,29.6,Low
1386,M,19,bachelor,low,24,8.6,0.811,0,1,1,9.26,3.55,0.32,1,0,67.2,62.0,67.3,48.9,At-Risk,58.8,Medium
1387,F,18,none,middle,0,4.8,1.0,1,1,1,6.37,1.47,2.73,0,0,40.3,27.7,98.3,91.8,At-Risk,73.0,Medium
1388,M,20,none,high,32,8.9,1.0,0,0,1,4.5,5.52,0.0,1,1,55.5,52.9,53.2,79.4,Neutral,61.8,Medium
1389,F,16,high_school,middle,18,15.1,0.778,0,0,0,7.44,3.74,5.0,1,0,56.7,50.0,82.3,92.7,Engaged,81.5,High
1390,M,20,master,middle,29,2.6,0.844,0,1,1,4.77,6.8,0.95,1,0,72.3,61.6,84.8,57.7,At-Risk,73.7,Medium
1391,F,21,bachelor,low,26,13.5,0.785,0,1,0,5.9,3.71,1.23,0,2,53.4,100.0,79.5,62.1,Engaged,83.6,High
1392,F,18,bachelor,high,25,5.9,0.84,0,0,1,7.65,3.39,0.0,0,0,65.7,44.3,99.9,28.4,Engaged,67.4,Medium
1393,M,17,high_school,low,21,11.5,0.837,0,0,1,6.35,2.39,2.13,0,2,55.9,69.3,83.3,28.4,Engaged,57.8,Medium
1394,M,19,master,middle,34,6.6,0.955,0,0,0,7.6,4.28,1.66,0,1,48.5,66.0,96.9,57.1,Neutral,68.4,Medium
1395,F,19,high_school,middle,19,6.6,0.771,0,0,1,5.51,4.29,5.85,0,1,47.9,72.1,49.6,32.5,Neutral,48.3,Low
1396,M,15,master,low,0,19.1,0.598,0,0,1,7.93,5.68,3.92,0,2,62.4,58.2,79.9,42.9,Neutral,64.3,Medium
1397,F,19,master,low,31,1.5,0.7,1,0,1,4.87,4.33,1.17,0,1,66.5,87.9,92.2,60.9,At-Risk,79.6,High
1398,F,16,bachelor,middle,10,12.9,0.757,0,0,1,8.48,8.39,0.0,1,1,62.1,74.3,55.6,85.4,Neutral,69.5,Medium
1399,F,19,master,low,2,20.4,0.794,0,0,1,6.33,5.11,0.0,0,2,52.5,74.6,12.2,60.2,At-Risk,52.6,Medium
1400,M,22,high_school,middle,7,14.1,0.879,0,0,0,8.74,2.23,0.15,1,5,62.9,36.5,47.7,32.8,Engaged,39.1,Low
1401,M,19,bachelor,middle,26,2.0,0.752,1,0,1,5.89,2.06,0.0,1,0,60.2,63.7,56.4,23.6,Engaged,44.6,Low
1402,M,21,none,low,21,2.3,0.739,0,0,1,9.21,5.27,2.9,0,1,49.4,52.8,77.0,62.4,At-Risk,55.8,Medium
1403,F,17,bachelor,middle,0,5.5,0.767,0,1,1,5.75,2.16,1.91,1,1,66.2,46.5,58.9,47.4,At-Risk,62.6,Medium
1404,M,22,high_school,low,16,10.9,0.748,1,1,1,4.75,5.39,2.23,0,1,92.2,50.7,68.0,62.3,Neutral,61.6,Medium
1405,M,21,none,low,40,11.4,0.805,0,0,1,6.95,5.99,0.3,0,2,62.8,61.0,58.3,55.9,At-Risk,55.8,Medium
1406,M,22,none,middle,15,2.4,0.8,1,1,1,8.38,6.04,2.5,0,2,43.1,70.2,65.9,58.6,At-Risk,64.1,Medium
1407,F,20,high_school,middle,20,4.8,0.929,0,1,1,7.85,2.46,0.0,0,2,87.0,79.7,66.9,84.0,Engaged,87.8,High
1408,M,20,bachelor,middle,38,5.1,0.761,2,0,1,8.3,6.04,2.02,1,1,83.9,78.8,57.9,81.1,At-Risk,70.7,Medium
1409,F,19,bachelor,low,34,8.9,0.824,0,1,1,7.87,4.85,3.86,0,4,86.5,67.3,81.1,67.4,Neutral,70.5,Medium
1410,F,22,high_school,middle,37,21.9,0.805,0,0,1,5.92,2.98,1.47,0,1,64.4,63.0,90.1,42.1,Engaged,69.8,Medium
1411,F,21,phd,middle,0,4.4,0.941,0,0,1,7.82,3.88,3.09,0,0,53.2,56.2,49.6,49.0,Neutral,62.9,Medium
1412,F,18,master,high,48,4.1,0.845,0,1,1,7.01,5.14,0.0,0,0,51.6,57.5,71.5,75.3,At-Risk,75.5,High
1413,F,15,high_school,middle,32,3.2,0.965,0,0,1,6.05,2.85,0.0,0,3,82.1,48.0,45.1,86.0,Engaged,61.0,Medium
1414,F,15,high_school,high,59,13.8,0.745,0,0,1,7.12,4.8,2.85,0,0,89.1,54.3,40.0,34.5,Engaged,32.8,Low
1415,M,16,bachelor,low,10,9.8,0.855,0,0,1,6.83,7.09,4.29,0,1,51.2,68.4,84.6,90.6,At-Risk,88.9,High
1416,F,15,bachelor,middle,0,4.6,0.802,1,0,1,8.6,6.13,1.72,2,2,27.2,89.7,100.0,44.4,At-Risk,65.7,Medium
1417,F,16,high_school,middle,22,7.8,0.737,0,0,1,6.28,4.36,6.49,0,2,64.7,59.3,62.7,73.4,At-Risk,52.9,Medium
1418,F,15,bachelor,middle,18,5.3,0.853,1,0,0,6.23,4.67,0.0,0,0,51.4,47.5,97.3,100.0,Neutral,71.1,Medium
1419,F,22,high_school,middle,32,11.8,1.0,0,1,1,6.06,3.12,0.84,0,0,54.4,79.4,57.6,28.2,Engaged,56.3,Medium
1420,F,15,high_school,middle,38,26.1,0.775,0,0,1,9.18,3.18,2.48,1,3,61.4,26.0,64.2,70.1,Engaged,56.5,Medium
1421,F,20,bachelor,high,21,13.3,0.847,0,1,1,6.13,1.13,3.13,0,1,71.1,80.8,94.7,53.7,Engaged,86.9,High
1422,F,17,bachelor,low,18,9.4,0.729,1,0,1,8.46,4.7,1.03,1,1,53.3,36.2,53.4,68.9,At-Risk,53.0,Medium
1423,M,16,master,high,30,6.0,0.714,1,0,1,5.66,5.56,0.08,0,0,67.0,73.8,82.7,47.6,At-Risk,76.7,High
1424,M,20,none,middle,18,1.9,0.781,0,1,1,7.51,4.06,3.44,0,0,63.1,53.4,62.4,10.4,Neutral,46.7,Low
1425,M,22,high_school,middle,17,14.4,0.815,0,0,0,7.22,2.45,2.47,0,1,30.4,67.8,56.5,44.9,Neutral,56.0,Medium
1426,M,21,none,middle,38,14.1,0.819,2,0,1,8.38,4.33,1.51,0,4,73.2,99.5,59.9,66.9,At-Risk,53.9,Medium
1427,M,22,high_school,low,41,7.2,0.837,0,1,1,8.21,6.88,3.2,0,3,58.2,46.9,33.3,87.0,At-Risk,54.4,Medium
1428,M,19,none,high,38,17.3,0.695,0,0,1,7.0,6.0,1.93,0,1,46.0,44.0,88.2,68.1,At-Risk,56.0,Medium
1429,F,20,bachelor,high,19,10.1,0.797,0,0,1,6.26,4.14,1.92,0,1,54.1,63.4,71.6,89.5,Neutral,66.7,Medium
1430,M,16,bachelor,high,0,14.6,0.91,0,1,1,8.85,8.29,1.85,0,2,68.0,89.5,65.6,50.1,Neutral,74.2,Medium
1431,F,21,bachelor,high,20,11.8,0.724,1,0,1,6.14,9.6,0.56,0,3,65.7,65.2,56.9,48.5,At-Risk,42.4,Low
1432,F,20,high_school,middle,11,8.9,0.824,2,0,1,4.18,3.24,0.35,1,0,74.7,62.8,73.0,66.9,At-Risk,53.8,Medium
1433,M,17,none,middle,20,4.3,0.889,2,0,1,4.67,3.71,1.15,1,4,71.5,65.0,82.1,52.5,At-Risk,48.9,Low
1434,M,17,bachelor,high,12,9.1,0.782,0,0,1,4.96,5.59,2.26,1,1,47.4,43.9,63.6,82.5,At-Risk,68.3,Medium
1435,M,19,none,low,22,15.1,0.894,0,0,1,7.61,2.37,0.0,0,0,20.7,65.2,83.4,31.9,Engaged,73.8,Medium
1436,F,15,master,middle,6,7.0,0.708,0,0,1,9.56,5.9,4.09,0,2,66.8,54.9,72.4,77.3,At-Risk,66.9,Medium
1437,M,21,none,middle,3,12.6,0.949,0,0,1,4.45,4.4,2.24,0,1,74.5,85.8,66.5,84.2,Engaged,84.1,High
1438,F,17,bachelor,middle,40,3.5,0.897,0,1,0,5.96,4.94,0.07,0,3,62.0,76.4,82.6,67.3,Neutral,70.2,Medium
1439,F,15,master,middle,7,14.7,0.866,2,1,1,7.01,3.05,5.43,0,1,74.9,38.2,59.9,78.3,Engaged,67.0,Medium
1440,F,17,bachelor,middle,22,11.9,0.972,0,0,1,8.75,2.62,2.28,0,2,50.0,56.9,48.0,47.0,Engaged,48.6,Low
1441,M,21,bachelor,low,36,2.8,0.827,0,0,1,5.95,0.23,0.0,0,1,59.8,71.5,67.2,43.4,Neutral,65.7,Medium
1442,M,17,bachelor,middle,36,8.7,0.798,0,0,1,7.61,7.17,5.34,0,2,51.2,44.3,68.6,67.0,Neutral,61.0,Medium
1443,M,19,high_school,middle,34,15.6,0.997,0,0,1,6.6,6.08,4.91,0,2,75.5,42.6,64.4,45.6,Engaged,43.3,Low
1444,M,21,bachelor,low,27,2.4,1.0,0,0,1,10.0,5.55,0.38,0,1,51.3,53.7,87.0,66.0,At-Risk,67.4,Medium
1445,M,15,master,low,33,3.6,0.791,0,1,1,7.07,4.9,1.55,0,1,95.9,68.2,76.0,66.0,At-Risk,74.4,Medium
1446,F,21,phd,middle,43,9.6,0.849,0,0,0,7.33,0.0,1.28,0,1,57.5,80.7,66.2,58.7,At-Risk,57.3,Medium
1447,F,17,high_school,low,28,22.8,0.965,0,1,1,7.0,2.7,0.0,1,1,77.0,66.2,67.9,65.6,Engaged,72.2,Medium
1448,F,20,high_school,middle,0,6.0,0.852,1,1,1,6.4,3.69,2.85,0,2,57.7,100.0,69.3,72.7,Neutral,69.6,Medium
1449,F,16,bachelor,low,14,13.0,0.919,0,0,0,8.04,2.04,3.89,0,0,85.1,49.8,76.4,58.0,Engaged,69.0,Medium
1450,M,16,bachelor,middle,32,11.6,0.938,1,0,1,5.51,0.81,3.51,0,1,84.5,75.3,68.8,50.5,Engaged,55.8,Medium
1451,F,21,high_school,low,13,6.5,0.804,0,0,1,4.5,2.25,2.27,0,3,60.1,42.0,65.5,76.5,Neutral,64.1,Medium
1452,F,21,high_school,middle,46,11.0,0.902,0,0,1,6.72,4.3,4.08,1,1,69.1,91.0,46.7,65.5,Engaged,70.5,Medium
1453,F,22,high_school,middle,21,7.3,0.859,0,1,0,7.88,4.3,0.0,0,0,84.1,86.5,56.6,69.0,Neutral,72.7,Medium
1454,F,20,bachelor,middle,23,7.9,0.738,2,0,1,6.2,6.02,5.84,0,2,69.6,74.8,72.4,71.7,At-Risk,65.4,Medium
1455,M,18,high_school,middle,39,0.0,0.761,0,0,1,7.12,8.33,0.66,0,1,51.2,30.7,71.0,63.0,At-Risk,66.9,Medium
1456,M,16,none,middle,19,9.9,0.795,0,1,1,5.44,5.57,0.88,1,3,66.1,74.6,44.2,53.1,Engaged,52.1,Medium
1457,M,17,none,low,25,15.4,0.953,2,1,1,8.18,3.85,1.05,1,2,53.8,47.3,59.0,47.7,Neutral,47.9,Low
1458,M,20,master,middle,35,10.3,0.956,2,0,1,7.68,7.8,0.9,0,1,67.3,70.2,53.1,58.2,Engaged,61.0,Medium
1459,F,17,none,middle,0,16.5,0.935,0,1,0,6.92,1.04,1.81,0,2,53.2,35.8,89.8,69.6,Engaged,74.1,Medium
1460,M,18,none,middle,18,13.5,0.904,1,0,0,7.1,0.04,1.74,0,1,70.6,66.9,72.0,70.6,Engaged,67.2,Medium
1461,F,16,bachelor,middle,34,9.6,0.901,0,0,1,5.23,2.43,2.46,0,2,38.2,55.6,74.9,62.9,At-Risk,58.7,Medium
1462,F,18,high_school,middle,23,6.2,0.888,0,0,0,5.28,5.82,0.56,0,0,48.2,48.0,66.9,67.0,Neutral,70.2,Medium
1463,M,16,master,middle,44,7.1,0.901,0,0,1,6.75,4.54,2.53,0,3,53.1,72.7,58.0,37.9,Neutral,48.4,Low
1464,M,15,master,low,0,1.2,0.908,2,0,1,7.52,1.94,0.02,0,0,62.6,61.1,60.9,50.7,Engaged,69.5,Medium
1465,F,16,high_school,low,0,8.4,0.72,0,0,1,7.58,2.75,3.66,0,2,42.3,58.3,75.9,73.4,Neutral,61.2,Medium
1466,F,19,high_school,low,34,10.9,0.781,1,0,1,6.46,1.72,3.64,0,2,51.7,75.3,63.8,43.3,At-Risk,50.8,Medium
1467,M,17,high_school,middle,35,20.3,0.757,0,1,1,7.79,1.72,2.19,0,2,76.7,96.3,76.0,62.8,Neutral,80.1,High
1468,M,15,none,middle,19,13.2,0.971,0,0,1,8.6,7.3,0.9,0,0,78.5,67.0,70.3,61.0,Engaged,72.7,Medium
1469,F,19,high_school,middle,28,4.8,1.0,0,0,1,6.79,3.91,2.82,1,2,27.0,29.5,72.7,57.7,At-Risk,51.1,Medium
1470,M,16,high_school,middle,33,1.4,0.643,1,0,1,7.27,7.74,0.42,0,1,56.2,34.0,73.5,73.6,At-Risk,69.4,Medium
1471,F,15,high_school,low,10,8.8,1.0,2,0,1,6.65,2.42,2.27,0,2,84.1,63.2,59.6,64.5,Neutral,61.0,Medium
1472,M,16,bachelor,high,11,14.9,0.869,1,0,1,6.75,5.18,1.9,0,2,70.8,80.5,63.0,36.1,Neutral,55.7,Medium
1473,M,18,none,low,25,8.7,0.961,1,0,1,7.1,4.65,7.46,2,0,71.1,64.4,82.5,70.3,Neutral,73.1,Medium
1474,F,22,high_school,middle,36,13.3,0.911,0,0,0,8.94,5.96,0.0,0,1,73.5,71.2,97.2,49.9,Engaged,82.2,High
1475,F,16,bachelor,high,5,8.9,1.0,3,1,1,8.0,4.71,0.0,0,0,50.6,60.9,82.7,32.7,Engaged,69.1,Medium
1476,F,17,high_school,middle,19,14.3,0.881,0,0,1,7.89,6.17,0.92,1,1,68.2,79.3,23.4,74.8,Engaged,58.2,Medium
1477,M,16,high_school,low,18,0.4,0.724,0,0,0,6.36,5.31,0.0,0,1,72.1,73.1,55.9,36.3,At-Risk,47.3,Low
1478,Other,17,none,low,28,19.6,0.849,0,1,1,5.82,2.02,0.75,0,4,66.6,43.6,69.8,52.9,Engaged,51.1,Medium
1479,F,20,high_school,middle,22,3.3,0.912,0,1,1,7.37,5.67,0.0,0,0,59.1,70.1,50.4,65.9,Neutral,58.6,Medium
1480,M,17,high_school,low,14,14.8,0.838,0,0,0,8.39,3.99,0.39,1,0,64.3,34.2,49.7,58.5,At-Risk,46.8,Low
1481,M,20,master,middle,41,8.4,0.926,0,1,1,8.97,2.65,0.07,1,3,47.9,70.1,61.3,47.5,Neutral,61.5,Medium
1482,M,22,master,middle,14,9.3,0.853,0,0,1,3.96,5.59,4.13,0,1,74.2,56.9,73.5,40.1,Engaged,60.8,Medium
1483,F,22,high_school,low,18,8.6,0.8,2,0,1,9.84,6.04,2.1,1,1,43.5,64.9,77.9,44.8,Neutral,64.5,Medium
1484,M,19,high_school,low,0,11.5,0.751,2,1,1,7.4,3.23,4.35,1,0,52.8,67.8,62.1,38.5,At-Risk,42.1,Low
1485,F,20,bachelor,middle,11,12.7,0.821,0,0,1,7.99,3.5,2.28,0,0,75.2,67.1,60.9,57.5,Engaged,63.5,Medium
1486,M,22,bachelor,middle,30,16.4,0.88,2,1,1,4.81,1.43,4.06,0,0,69.4,87.5,54.5,49.1,Engaged,65.2,Medium
1487,Other,21,high_school,middle,27,18.4,0.664,0,0,1,6.62,0.59,1.6,1,4,57.7,62.6,76.1,32.4,At-Risk,36.6,Low
1488,M,17,high_school,middle,31,12.0,0.782,0,1,0,7.89,3.72,5.39,0,0,39.3,65.4,75.0,54.2,At-Risk,72.4,Medium
1489,F,16,high_school,low,30,20.3,0.66,2,1,1,5.49,5.78,3.14,1,0,64.3,85.9,82.5,47.1,At-Risk,84.3,High
1490,M,15,bachelor,middle,53,10.6,0.798,0,0,1,3.5,3.05,0.64,1,0,55.5,96.1,70.1,65.4,At-Risk,79.6,High
1491,M,22,high_school,middle,11,16.5,0.98,1,0,1,7.3,7.06,3.44,1,1,72.2,61.7,47.0,67.2,Engaged,59.0,Medium
1492,F,19,high_school,middle,0,12.6,0.741,0,0,0,6.84,3.79,2.25,0,2,57.3,52.8,62.4,86.8,At-Risk,64.8,Medium
1493,F,17,high_school,middle,6,6.7,0.93,0,1,1,8.63,3.8,1.79,1,3,38.7,53.7,81.7,73.0,At-Risk,73.4,Medium
1494,F,17,high_school,high,11,11.1,1.0,0,0,1,6.71,3.62,2.39,0,1,44.2,70.1,40.2,38.2,Neutral,61.3,Medium
1495,M,17,bachelor,middle,7,13.0,1.0,2,1,1,6.8,6.16,3.7,1,1,58.6,58.3,66.6,16.5,Engaged,46.6,Low
1496,F,21,bachelor,middle,23,9.8,0.873,0,0,1,7.74,2.28,0.0,1,1,66.6,30.5,72.6,29.6,At-Risk,55.6,Medium
1497,F,19,bachelor,middle,41,12.5,0.946,0,0,1,8.14,3.94,1.5,0,1,47.5,82.2,100.0,49.9,Engaged,81.8,High
1498,F,22,high_school,middle,45,15.2,0.723,0,1,1,6.05,3.11,3.57,0,1,53.6,76.7,58.4,27.8,Neutral,66.9,Medium
1499,M,17,high_school,low,30,9.9,0.703,0,1,0,8.03,3.08,2.7,0,2,76.9,82.6,66.1,47.7,At-Risk,72.7,Medium
1500,F,18,master,middle,54,0.0,0.863,0,0,1,6.27,4.27,0.0,1,0,81.6,86.2,95.0,60.6,At-Risk,81.5,High
1501,F,15,bachelor,high,17,20.1,0.9,1,0,0,6.92,3.97,0.0,0,4,69.2,65.4,58.6,48.7,At-Risk,54.7,Medium
1502,F,22,none,low,0,8.2,0.969,0,1,0,7.7,6.3,5.6,1,2,60.7,66.7,85.2,65.6,Neutral,73.8,Medium
1503,M,19,high_school,high,38,5.1,0.803,0,1,0,7.91,4.18,1.83,0,0,55.7,80.1,74.3,47.8,At-Risk,77.3,High
1504,M,19,master,middle,0,3.3,0.879,0,0,1,7.28,5.31,5.23,1,4,73.1,40.1,64.5,44.8,Neutral,46.1,Low
1505,F,18,bachelor,middle,11,8.0,0.876,0,0,1,5.6,4.55,3.79,0,3,60.3,55.7,75.2,94.2,At-Risk,74.9,Medium
1506,F,17,master,high,30,6.6,0.847,1,0,1,4.66,7.01,0.61,0,1,78.8,60.9,65.6,59.3,Engaged,59.8,Medium
1507,F,22,bachelor,low,20,5.6,0.853,1,0,1,6.67,3.6,0.0,0,0,79.6,78.6,100.0,62.2,Neutral,71.3,Medium
1508,M,18,high_school,low,19,5.9,0.775,0,0,1,8.07,3.6,1.28,0,0,71.2,52.3,35.0,76.9,At-Risk,57.5,Medium
1509,M,20,high_school,low,4,13.2,0.888,0,0,1,7.44,5.69,2.13,0,0,57.5,49.2,63.5,77.5,Engaged,57.5,Medium
1510,F,15,high_school,middle,22,22.2,0.88,0,1,1,7.19,3.57,3.1,0,1,58.7,54.2,63.9,52.7,Engaged,59.8,Medium
1511,M,17,bachelor,middle,37,14.9,0.816,1,0,1,6.89,5.2,0.0,0,2,40.3,70.5,65.9,80.9,At-Risk,72.6,Medium
1512,M,21,bachelor,high,22,16.7,0.927,2,1,1,7.27,8.88,2.56,0,5,64.2,60.8,85.3,51.0,Engaged,63.6,Medium
1513,F,15,high_school,low,10,7.7,0.963,1,0,1,5.71,2.24,2.56,0,2,63.7,35.9,60.8,80.3,Engaged,60.4,Medium
1514,F,15,master,low,3,10.6,0.928,0,0,1,7.84,7.26,4.17,1,3,44.3,39.4,75.9,35.3,Neutral,46.9,Low
1515,F,21,high_school,middle,10,12.6,0.756,0,0,1,7.92,3.22,1.59,1,1,100.0,64.5,71.7,53.9,Neutral,69.0,Medium
1516,M,17,none,low,28,6.0,0.87,3,0,1,6.47,6.88,3.09,0,3,73.3,65.1,81.4,64.5,At-Risk,57.0,Medium
1517,M,17,high_school,middle,27,7.4,0.769,0,0,1,7.42,5.57,2.78,0,2,52.4,62.5,65.8,67.2,At-Risk,68.7,Medium
1518,F,19,master,middle,10,15.1,0.87,0,1,1,4.84,5.4,3.95,0,2,95.8,53.5,73.2,43.1,Engaged,69.4,Medium
1519,M,16,master,high,0,16.5,0.769,2,1,1,7.12,3.9,0.56,0,0,57.6,76.2,66.0,27.0,Engaged,46.8,Low
1520,M,15,bachelor,middle,28,10.4,0.988,1,1,1,6.74,3.7,0.0,0,1,77.5,68.6,52.2,69.2,Engaged,63.1,Medium
1521,M,15,master,low,9,2.8,0.938,0,1,1,8.41,2.76,1.73,1,1,66.3,68.0,93.6,55.9,At-Risk,73.7,Medium
1522,F,15,master,low,32,8.2,0.975,0,1,1,6.66,4.21,1.74,0,1,58.1,68.7,55.8,52.2,Engaged,65.8,Medium
1523,F,16,master,low,11,1.4,0.965,2,0,0,7.94,3.83,0.0,0,1,59.9,90.8,60.3,93.1,At-Risk,69.7,Medium
1524,F,20,master,high,7,10.5,0.833,0,0,1,6.43,4.58,0.0,0,5,86.5,43.6,54.3,54.1,Neutral,42.5,Low
1525,F,17,high_school,middle,24,11.5,0.817,2,0,1,4.16,1.38,1.05,2,0,78.1,54.4,74.4,49.7,At-Risk,55.0,Medium
1526,M,15,bachelor,middle,57,8.4,1.0,0,0,1,6.63,4.25,1.97,0,3,63.2,55.9,60.3,24.0,Neutral,45.9,Low
1527,M,15,bachelor,low,33,11.5,0.843,1,0,1,7.14,6.73,2.39,1,0,34.2,84.6,92.2,38.3,Neutral,68.8,Medium
1528,M,18,bachelor,high,24,12.5,0.725,2,0,1,7.08,6.09,0.0,1,3,69.6,55.3,76.5,77.5,At-Risk,67.3,Medium
1529,M,21,high_school,low,27,11.5,0.961,0,0,1,7.1,4.25,0.0,1,4,46.3,47.7,63.6,45.5,At-Risk,42.5,Low
1530,M,17,bachelor,middle,0,2.8,0.874,0,1,0,6.29,9.32,4.46,1,2,73.1,60.1,53.4,72.6,Neutral,63.4,Medium
1531,M,15,master,middle,5,8.5,1.0,0,0,1,6.51,3.05,1.82,0,0,54.3,63.9,66.2,34.1,Neutral,55.8,Medium
1532,M,16,high_school,low,0,12.5,0.884,1,0,0,5.55,4.03,2.2,1,2,55.9,83.5,76.3,42.6,At-Risk,63.6,Medium
1533,F,18,phd,middle,48,19.5,0.858,0,1,1,4.5,1.3,0.0,1,1,55.4,55.2,67.3,42.1,At-Risk,55.8,Medium
1534,F,16,high_school,low,45,8.4,1.0,0,0,1,6.77,3.39,2.19,0,0,80.3,49.6,65.8,69.5,Neutral,59.2,Medium
1535,M,22,high_school,middle,28,13.3,0.706,1,1,0,6.01,7.78,1.45,0,1,38.5,45.6,51.7,55.8,Neutral,55.2,Medium
1536,F,21,high_school,high,24,15.3,0.801,2,1,1,8.2,3.47,0.96,0,3,76.1,55.8,100.0,37.8,At-Risk,79.9,High
1537,F,17,bachelor,middle,0,8.8,0.771,1,0,1,4.28,1.14,0.0,0,1,70.1,100.0,64.8,74.3,At-Risk,73.6,Medium
1538,F,22,bachelor,middle,19,16.9,0.64,0,1,1,7.25,5.94,0.46,1,3,63.9,68.9,46.0,69.9,Neutral,55.1,Medium
1539,F,17,high_school,middle,49,17.2,0.947,3,0,1,9.45,4.98,6.14,0,3,58.3,72.8,50.8,66.8,Engaged,50.6,Medium
1540,M,16,bachelor,low,24,18.3,0.804,1,0,0,6.68,5.86,1.5,0,0,72.3,62.0,62.5,65.9,Engaged,68.3,Medium
1541,F,22,high_school,middle,14,12.8,0.951,0,0,0,6.9,3.61,3.78,0,2,58.4,64.5,99.1,42.9,Engaged,65.9,Medium
1542,M,22,high_school,middle,0,24.2,0.899,3,0,1,7.41,2.19,1.81,0,0,58.3,76.2,65.3,85.2,Neutral,76.8,High
1543,M,17,master,low,43,6.3,0.921,0,0,1,7.51,3.83,1.58,1,1,66.0,72.1,62.0,58.0,Neutral,54.3,Medium
1544,M,19,bachelor,middle,21,22.7,0.814,2,0,1,6.41,5.31,0.93,0,1,90.8,68.3,81.5,65.4,Engaged,68.5,Medium
1545,M,16,bachelor,middle,0,14.6,0.784,1,0,1,5.69,4.06,4.89,1,1,42.3,62.3,82.7,67.7,Neutral,72.0,Medium
1546,M,20,bachelor,middle,8,18.0,0.869,0,1,1,7.68,4.98,2.95,0,1,72.5,55.7,78.5,41.1,Engaged,69.0,Medium
1547,M,20,phd,low,3,8.1,0.952,0,1,1,4.61,3.13,0.62,0,0,62.9,69.6,71.2,97.9,Neutral,88.4,High
1548,F,20,high_school,high,20,15.1,0.855,0,1,0,7.9,5.05,1.41,1,1,61.7,63.5,50.3,59.5,Neutral,62.3,Medium
1549,M,19,high_school,middle,25,18.6,0.79,0,0,1,6.43,4.19,4.35,0,1,42.1,100.0,56.0,60.7,Neutral,76.6,High
1550,M,20,none,low,14,3.5,0.74,0,0,1,6.9,2.79,0.0,0,3,38.7,80.9,42.5,51.7,At-Risk,49.1,Low
1551,M,19,bachelor,low,34,9.0,0.88,1,0,1,6.27,4.48,2.82,0,1,70.1,49.9,64.4,83.0,Neutral,61.4,Medium
1552,M,21,bachelor,middle,23,0.0,0.805,0,0,1,8.62,3.43,3.28,0,2,46.0,40.9,61.2,83.8,At-Risk,60.4,Medium
1553,M,16,bachelor,middle,38,8.9,0.853,0,0,1,7.2,5.43,0.7,0,1,80.2,54.8,59.5,63.2,Neutral,69.9,Medium
1554,M,18,high_school,middle,17,5.1,0.836,0,0,1,6.51,5.95,2.51,0,1,49.8,42.5,72.5,30.7,At-Risk,55.4,Medium
1555,M,18,none,low,68,8.7,0.816,0,1,0,6.48,5.2,3.2,1,1,73.3,53.8,57.5,56.7,Engaged,63.6,Medium
1556,F,19,bachelor,middle,14,27.5,0.889,0,0,1,6.72,0.93,0.0,0,1,56.4,44.5,62.6,58.7,Engaged,57.5,Medium
1557,F,16,phd,middle,8,20.3,0.915,0,1,1,9.78,2.27,3.88,1,2,55.6,56.1,60.2,51.0,Engaged,64.2,Medium
1558,F,17,high_school,low,7,1.4,1.0,0,1,0,5.32,2.93,2.79,0,1,51.3,56.3,67.5,40.3,Neutral,52.5,Medium
1559,F,22,high_school,high,19,13.3,0.936,0,0,1,8.2,2.61,1.89,1,2,71.6,64.6,73.8,28.9,Engaged,54.4,Medium
1560,F,15,high_school,low,0,14.8,1.0,1,0,1,7.58,3.11,2.41,0,1,75.7,58.3,46.5,89.4,Engaged,62.9,Medium
1561,Other,20,high_school,low,26,8.0,0.778,0,0,1,8.75,6.05,3.61,1,2,60.3,45.8,75.3,74.8,At-Risk,62.0,Medium
1562,F,20,high_school,middle,0,11.1,0.7,0,1,1,7.65,5.6,6.83,0,4,73.9,83.9,72.2,60.7,Engaged,68.5,Medium
1563,F,18,high_school,middle,24,11.7,0.859,1,0,0,6.9,3.35,3.42,0,4,65.2,69.3,74.7,47.0,Neutral,62.9,Medium
1564,F,15,bachelor,low,2,1.9,0.946,3,0,1,8.12,5.38,3.82,0,0,45.0,52.2,70.1,67.2,At-Risk,61.1,Medium
1565,F,15,high_school,middle,16,3.8,0.93,0,1,0,7.18,4.86,2.59,0,1,70.7,46.0,73.8,64.1,At-Risk,75.0,High
1566,M,17,high_school,low,31,11.0,0.981,1,1,0,7.81,4.13,6.0,0,1,60.5,35.6,61.3,52.0,Engaged,42.7,Low
1567,M,15,none,middle,57,10.6,0.606,1,0,1,8.61,6.5,0.0,0,2,25.8,34.3,75.1,67.8,At-Risk,65.7,Medium
1568,M,15,master,middle,6,5.7,0.985,2,0,1,7.01,2.88,0.0,0,1,59.1,80.9,86.3,70.2,Neutral,71.4,Medium
1569,M,16,high_school,high,20,5.2,0.894,0,0,1,6.39,4.31,2.51,1,1,39.6,78.9,60.1,73.7,Neutral,77.5,High
1570,F,16,high_school,middle,11,9.5,0.706,0,1,1,6.13,2.1,3.52,0,0,46.5,51.5,60.7,42.2,Neutral,54.3,Medium
1571,M,21,none,middle,9,15.3,0.932,0,0,1,7.44,2.19,0.0,0,1,61.3,86.6,78.1,68.6,Engaged,80.1,High
1572,F,20,bachelor,middle,11,9.5,0.877,1,0,1,5.85,1.48,2.19,0,0,63.9,73.1,59.1,83.6,At-Risk,63.8,Medium
1573,F,15,master,low,34,19.7,0.898,1,0,0,6.48,2.23,1.84,0,1,52.5,65.7,56.5,65.9,Neutral,54.2,Medium
1574,F,20,none,low,15,5.8,0.96,0,0,1,5.74,4.37,3.69,0,1,72.9,77.5,74.8,100.0,Engaged,87.6,High
1575,M,16,high_school,high,56,11.2,0.903,0,0,1,7.51,3.6,3.06,0,1,63.3,73.1,61.1,56.4,Engaged,48.6,Low
1576,M,18,high_school,low,28,7.9,0.713,0,1,1,6.0,3.66,0.0,0,0,58.6,64.8,87.5,25.6,At-Risk,57.3,Medium
1577,F,15,bachelor,middle,7,13.5,0.846,0,0,1,5.36,3.6,0.04,0,1,65.7,57.7,60.5,43.0,Neutral,60.6,Medium
1578,F,15,master,low,16,5.3,0.698,2,0,1,5.57,7.75,0.59,0,4,83.1,60.1,54.9,46.6,At-Risk,43.7,Low
1579,Other,16,high_school,middle,10,21.6,0.925,0,1,1,6.21,1.93,3.68,1,0,32.7,33.1,67.9,71.2,Engaged,59.2,Medium
1580,F,18,high_school,low,34,0.0,1.0,0,1,1,6.32,1.71,2.95,1,2,84.5,47.6,75.0,76.6,Neutral,80.1,High
1581,F,18,bachelor,high,0,20.3,0.736,0,0,1,7.2,2.51,0.96,0,2,55.8,94.4,73.1,62.7,Neutral,84.6,High
1582,M,17,bachelor,middle,2,10.5,0.793,1,1,1,6.71,4.06,2.49,1,3,53.3,47.1,76.6,65.9,At-Risk,62.6,Medium
1583,M,19,high_school,low,13,13.3,0.772,1,0,1,7.34,5.23,0.08,1,1,59.0,28.7,59.1,98.3,Neutral,68.0,Medium
1584,M,20,high_school,middle,32,18.0,0.815,0,0,1,7.44,5.44,6.3,1,2,51.7,78.3,86.2,43.4,Neutral,76.8,High
1585,F,20,high_school,middle,40,15.1,0.901,0,0,1,7.79,6.09,3.35,0,0,49.4,66.5,41.5,58.5,Engaged,57.6,Medium
1586,F,19,bachelor,low,43,5.6,0.816,1,0,1,4.61,3.98,3.77,0,3,77.7,67.5,55.5,51.0,At-Risk,51.2,Medium
1587,M,19,bachelor,low,30,13.6,0.925,2,1,1,5.55,3.41,4.95,0,0,67.4,59.2,68.6,36.5,Engaged,57.5,Medium
1588,F,18,bachelor,middle,21,21.2,0.967,0,1,1,7.57,7.47,4.23,0,1,36.2,78.4,56.8,19.5,Engaged,48.3,Low
1589,M,16,master,middle,34,4.7,0.97,0,0,1,7.15,0.0,2.26,1,1,75.1,89.5,63.0,85.9,Engaged,81.1,High
1590,M,18,high_school,low,5,22.7,0.748,0,0,1,8.07,4.33,1.83,1,2,72.9,52.6,52.3,44.7,Engaged,47.2,Low
1591,M,15,high_school,high,0,12.3,0.999,0,1,1,5.05,5.06,4.78,0,1,42.7,73.4,64.7,55.0,Engaged,69.8,Medium
1592,M,22,none,low,29,7.4,1.0,0,0,1,6.33,7.95,2.25,0,1,67.7,82.1,75.4,68.6,Engaged,76.7,High
1593,F,17,master,low,7,4.6,1.0,3,0,1,6.54,0.88,0.7,1,1,74.3,51.6,59.4,36.2,Neutral,39.8,Low
1594,M,21,bachelor,middle,21,8.7,0.844,0,0,0,7.1,3.36,6.13,0,2,40.9,89.2,53.9,43.3,Neutral,60.4,Medium
1595,F,22,high_school,low,24,0.0,0.785,2,0,1,6.94,1.48,0.33,0,2,69.3,82.1,60.6,59.6,At-Risk,52.3,Medium
1596,F,18,none,low,26,7.5,0.762,0,0,1,7.46,0.6,0.0,0,0,54.9,39.6,85.7,51.2,Neutral,60.0,Medium
1597,M,21,bachelor,middle,36,8.4,0.75,0,0,0,6.76,3.79,4.19,1,2,73.1,90.7,85.5,34.5,Neutral,60.6,Medium
1598,M,18,bachelor,low,34,3.6,0.861,0,0,1,8.55,5.87,0.74,0,4,51.0,40.6,60.4,72.1,At-Risk,52.3,Medium
1599,F,16,bachelor,low,25,14.5,0.945,0,0,1,8.93,6.61,3.07,2,3,80.6,49.6,76.1,50.7,Engaged,44.7,Low
1600,M,15,high_school,middle,15,8.7,0.991,1,0,0,5.56,3.14,5.83,1,1,61.3,74.3,67.7,62.7,Engaged,63.7,Medium
1601,F,16,master,middle,24,6.2,0.811,0,0,1,6.95,5.53,0.0,0,0,55.8,80.7,88.5,61.1,Neutral,80.5,High
1602,M,22,bachelor,middle,13,8.0,0.856,0,0,1,7.86,3.8,2.12,0,0,54.2,63.8,71.1,79.4,Engaged,74.3,Medium
1603,F,18,bachelor,middle,19,12.1,0.85,2,0,1,7.6,5.31,5.17,0,0,78.1,50.7,64.8,67.1,Engaged,65.5,Medium
1604,F,17,bachelor,middle,61,10.4,0.796,0,1,1,6.41,6.51,3.56,0,1,54.2,57.3,93.6,42.7,At-Risk,64.1,Medium
1605,M,18,master,low,25,5.8,0.934,0,1,1,7.21,3.81,1.84,0,3,80.9,55.2,53.2,83.2,Neutral,63.8,Medium
1606,M,17,master,middle,29,10.8,0.896,1,0,1,5.0,6.35,6.98,0,1,68.2,77.1,73.1,50.5,At-Risk,71.0,Medium
1607,F,21,bachelor,low,11,9.7,0.874,0,0,1,6.88,1.77,2.01,1,1,44.2,54.7,89.9,43.7,Engaged,64.3,Medium
1608,M,22,high_school,low,37,3.2,0.896,0,0,1,5.15,5.51,2.99,0,5,65.4,50.3,78.7,40.8,At-Risk,57.4,Medium
1609,M,15,high_school,middle,33,8.3,0.922,0,0,1,7.51,6.27,5.5,0,2,65.7,35.4,55.8,13.1,Neutral,52.2,Medium
1610,M,20,master,middle,34,13.5,0.921,0,0,1,5.56,6.06,4.16,3,1,43.7,51.3,54.9,47.8,At-Risk,49.5,Low
1611,M,17,bachelor,middle,25,13.4,0.776,0,1,1,7.1,1.83,4.84,0,1,65.1,59.9,45.5,67.9,Engaged,58.1,Medium
1612,F,15,none,low,38,8.6,0.95,2,0,1,7.28,3.79,0.4,0,2,73.1,41.7,91.7,32.8,Neutral,48.9,Low
1613,F,22,high_school,low,41,14.1,0.886,0,0,1,6.99,4.8,4.66,0,2,81.9,30.6,49.9,94.2,Engaged,58.5,Medium
1614,M,15,master,middle,26,4.1,0.817,3,0,1,6.14,5.09,2.54,1,4,81.3,79.6,79.4,15.2,Neutral,53.9,Medium
1615,F,16,master,middle,20,4.3,0.883,0,0,1,6.65,4.43,0.71,0,0,100.0,44.0,45.2,44.3,Engaged,52.4,Medium
1616,M,15,master,middle,35,8.5,0.894,0,0,1,8.32,7.06,2.64,0,3,65.0,38.4,100.0,30.2,Neutral,68.2,Medium
1617,M,18,high_school,low,8,19.0,0.968,0,0,1,6.39,1.61,2.58,1,0,73.3,90.3,46.4,78.4,Neutral,73.0,Medium
1618,F,19,bachelor,low,11,11.0,0.755,0,0,1,6.93,3.72,5.94,2,1,55.9,77.3,68.7,73.0,Neutral,56.0,Medium
1619,Other,17,master,middle,21,8.3,0.992,0,0,1,6.23,0.82,2.96,1,3,93.3,80.5,87.4,54.7,Neutral,76.6,High
1620,M,15,high_school,middle,0,19.3,0.862,1,0,0,8.12,5.44,0.64,0,1,51.6,71.1,56.8,31.6,Engaged,52.9,Medium
1621,M,15,high_school,low,34,8.3,0.809,1,0,1,6.99,5.31,0.18,0,4,92.6,85.6,77.0,36.0,At-Risk,60.8,Medium
1622,F,22,phd,low,8,23.4,0.806,1,1,1,5.98,10.9,2.11,0,2,90.7,77.9,63.5,65.0,Engaged,75.1,High
1623,F,21,none,low,15,6.9,0.76,0,1,1,6.91,6.25,0.0,0,1,53.2,55.8,74.2,46.5,Neutral,61.8,Medium
1624,M,22,bachelor,low,19,3.9,0.686,1,0,1,6.61,4.86,0.77,1,1,80.5,42.8,85.3,48.8,At-Risk,60.8,Medium
1625,M,19,bachelor,middle,23,9.0,0.928,0,1,1,8.57,4.71,1.71,0,0,71.9,38.9,61.1,58.5,Engaged,54.5,Medium
1626,F,19,bachelor,low,17,8.5,1.0,1,1,1,6.85,3.57,1.36,0,1,58.8,59.5,92.0,51.7,Engaged,63.0,Medium
1627,M,21,high_school,middle,21,5.2,0.698,1,0,1,5.24,4.46,3.65,0,4,63.0,42.2,73.6,25.0,At-Risk,40.7,Low
1628,M,19,bachelor,middle,21,25.6,0.765,0,0,1,7.5,4.75,0.72,0,2,69.0,47.6,99.2,33.4,Engaged,60.4,Medium
1629,M,18,high_school,high,15,11.9,0.935,0,0,1,9.04,0.27,0.0,1,1,70.4,59.3,54.7,33.9,Engaged,54.6,Medium
1630,M,17,master,high,10,12.8,0.855,2,0,0,8.34,4.59,0.0,1,2,87.4,87.2,57.7,45.4,At-Risk,49.4,Low
1631,M,18,high_school,low,38,7.2,0.943,0,1,1,5.58,4.4,2.16,0,1,73.6,34.8,64.3,61.8,Neutral,70.2,Medium
1632,F,15,bachelor,low,0,6.5,0.85,0,0,1,6.58,7.71,1.03,0,0,53.5,62.5,48.6,61.0,At-Risk,53.6,Medium
1633,F,16,bachelor,low,19,16.2,0.802,2,0,1,6.86,3.94,0.0,1,4,76.2,39.5,82.8,83.7,At-Risk,61.3,Medium
1634,F,20,high_school,middle,15,0.0,0.837,0,0,1,6.88,2.67,6.12,0,2,38.8,52.0,66.8,31.9,At-Risk,52.4,Medium
1635,Other,21,high_school,low,28,3.1,0.622,0,1,1,7.36,4.74,3.86,1,0,59.2,78.7,49.7,66.1,At-Risk,66.7,Medium
1636,M,15,bachelor,middle,0,8.5,0.746,0,0,1,6.49,4.35,2.08,1,0,60.6,46.7,54.8,44.3,Neutral,53.1,Medium
1637,M,15,none,low,15,18.1,0.955,1,0,1,5.8,3.94,2.67,1,3,74.9,57.3,54.1,99.5,Engaged,79.5,High
1638,F,15,high_school,low,20,7.8,0.979,0,0,1,8.04,1.64,1.67,0,1,91.6,64.5,82.8,57.9,Engaged,67.6,Medium
1639,M,21,bachelor,middle,38,12.5,1.0,0,0,1,5.55,3.89,0.0,1,3,68.3,74.6,75.3,48.8,At-Risk,67.3,Medium
1640,F,17,master,middle,27,10.2,0.904,0,0,1,5.94,3.04,4.26,1,1,59.6,52.1,65.9,65.5,Neutral,62.1,Medium
1641,F,17,bachelor,middle,4,17.8,0.634,3,0,1,5.54,3.77,3.9,0,1,54.5,84.7,62.2,63.9,At-Risk,65.9,Medium
1642,M,15,high_school,high,15,0.5,0.796,1,0,1,7.63,5.66,0.0,1,1,77.5,54.0,64.2,52.4,Neutral,57.6,Medium
1643,M,22,phd,low,35,14.4,0.992,0,0,1,7.03,2.85,2.65,0,2,62.1,70.7,96.5,71.9,Engaged,82.3,High
1644,M,18,bachelor,low,4,8.8,1.0,2,0,1,7.96,3.76,2.87,0,2,57.5,58.6,64.3,90.2,Engaged,58.3,Medium
1645,M,21,high_school,middle,21,15.5,0.996,0,0,0,5.96,5.28,1.56,0,3,79.3,75.3,81.7,78.4,Engaged,75.2,High
1646,M,20,high_school,middle,22,5.1,0.836,2,0,0,5.4,3.66,6.39,0,1,82.5,98.5,62.7,57.0,At-Risk,60.2,Medium
1647,M,16,high_school,middle,16,10.1,0.729,0,0,1,6.37,9.42,6.18,0,0,50.6,57.0,94.9,95.5,Neutral,80.7,High
1648,F,21,high_school,low,62,9.4,0.856,0,0,1,6.68,4.7,1.44,2,0,42.6,61.7,48.5,69.6,At-Risk,54.5,Medium
1649,F,19,bachelor,high,16,4.0,0.861,1,0,1,7.15,1.72,1.75,1,3,63.5,54.2,80.9,38.0,Neutral,52.1,Medium
1650,F,19,none,low,29,2.3,1.0,0,0,1,4.88,2.52,1.52,0,2,47.9,51.5,55.8,61.1,At-Risk,56.3,Medium
1651,M,16,bachelor,middle,11,6.5,0.883,0,0,1,7.47,2.32,0.98,1,0,45.8,49.4,100.0,55.7,Neutral,69.3,Medium
1652,M,21,high_school,middle,30,10.8,0.862,1,0,1,5.83,2.55,0.36,1,4,49.4,61.7,79.2,49.2,At-Risk,57.1,Medium
1653,M,22,high_school,high,35,5.5,0.867,0,0,1,6.12,5.27,3.21,0,1,80.7,48.0,40.7,66.3,Engaged,48.2,Low
1654,M,18,high_school,middle,13,8.0,0.9,0,0,0,8.31,1.99,6.12,0,2,74.8,48.6,53.1,22.4,Engaged,44.7,Low
1655,F,15,bachelor,high,21,0.0,0.923,0,1,1,4.28,3.54,5.3,1,1,100.0,5.0,79.0,92.1,Engaged,61.1,Medium
1656,M,21,bachelor,low,9,7.8,0.788,0,0,0,7.29,6.49,3.78,0,1,55.4,86.9,78.5,72.2,Engaged,74.1,Medium
1657,M,22,high_school,middle,5,16.1,0.754,0,0,1,7.28,3.16,0.0,0,2,84.9,91.6,77.3,23.2,Neutral,62.2,Medium
1658,F,19,high_school,middle,38,14.2,0.997,0,1,1,5.92,5.54,0.0,0,1,72.4,73.7,70.5,72.0,Engaged,61.2,Medium
1659,M,19,high_school,middle,14,9.5,0.696,0,0,1,6.36,0.83,4.33,0,0,56.7,46.3,62.9,68.9,Neutral,76.2,High
1660,M,16,master,middle,0,11.5,1.0,1,1,1,8.37,3.46,5.44,1,3,62.8,39.3,85.4,89.3,Engaged,76.0,High
1661,M,15,high_school,high,48,5.0,0.669,0,0,1,9.26,2.43,3.31,0,0,56.6,33.8,54.2,94.5,At-Risk,64.4,Medium
1662,F,22,bachelor,low,10,19.7,0.802,0,0,1,8.18,4.8,1.59,1,1,68.9,73.5,68.9,97.9,Neutral,74.5,Medium
1663,F,18,high_school,middle,18,22.4,0.957,0,1,1,9.16,2.13,4.9,0,1,79.8,84.8,58.1,54.4,At-Risk,70.0,Medium
1664,M,17,high_school,high,47,11.0,0.86,0,0,1,6.07,8.34,3.71,0,0,59.5,65.0,56.8,70.8,At-Risk,58.7,Medium
1665,F,20,bachelor,high,20,25.5,0.728,0,1,1,5.0,0.92,4.47,0,4,77.7,77.4,60.7,50.4,Neutral,64.9,Medium
1666,F,15,bachelor,high,20,5.9,0.903,0,0,0,6.84,6.47,0.0,1,0,84.1,70.0,56.2,79.6,Neutral,58.8,Medium
1667,F,15,none,high,4,2.5,0.867,0,0,1,7.87,5.96,2.89,1,0,87.4,48.1,76.8,16.8,Neutral,43.8,Low
1668,M,16,master,low,0,5.7,0.838,0,0,0,4.67,4.82,5.75,0,2,47.4,80.2,44.4,34.5,Neutral,48.1,Low
1669,M,18,high_school,high,20,8.7,0.798,0,0,0,5.79,4.31,3.25,0,1,64.3,79.0,74.9,51.3,Engaged,77.4,High
1670,F,17,high_school,middle,27,23.9,0.857,0,0,0,5.92,7.91,4.1,0,0,75.6,44.2,57.9,58.8,Engaged,50.9,Medium
1671,M,16,high_school,middle,27,8.3,0.802,1,1,0,7.33,9.14,2.27,0,2,48.7,76.5,68.5,63.3,At-Risk,70.6,Medium
1672,F,17,bachelor,middle,15,4.8,1.0,1,0,1,7.17,3.79,2.41,0,0,45.4,59.3,65.3,85.5,At-Risk,58.5,Medium
1673,F,17,bachelor,middle,22,4.6,0.836,2,1,1,5.97,4.52,5.01,0,2,64.6,57.3,60.0,47.0,Neutral,53.9,Medium
1674,M,19,none,middle,0,16.8,0.823,0,0,1,7.12,3.1,0.86,0,2,58.8,69.0,87.4,34.2,Neutral,74.7,Medium
1675,F,19,master,middle,29,16.0,0.806,0,0,1,5.53,1.86,0.66,0,1,62.4,68.5,62.1,52.2,Engaged,64.6,Medium
1676,F,22,bachelor,low,24,7.1,1.0,0,0,0,6.39,5.13,1.24,0,0,57.9,78.0,79.3,47.9,Neutral,59.2,Medium
1677,F,21,master,low,52,0.0,0.696,0,0,1,5.38,4.7,2.25,0,1,97.4,46.7,79.5,71.1,At-Risk,67.1,Medium
1678,M,17,master,middle,22,3.2,0.896,0,0,1,6.72,0.98,0.0,1,1,58.1,72.2,63.6,90.5,At-Risk,71.4,Medium
1679,F,22,master,low,8,20.3,0.836,0,1,0,5.94,5.11,3.66,0,2,73.8,41.1,47.9,88.7,Engaged,70.4,Medium
1680,F,19,bachelor,middle,21,14.1,0.718,0,1,1,7.73,4.77,1.87,1,2,72.8,58.8,53.9,81.8,Neutral,64.5,Medium
1681,F,16,high_school,low,17,10.4,0.778,0,0,1,6.87,3.0,3.91,1,1,39.7,60.0,88.5,48.6,Neutral,57.5,Medium
1682,F,17,high_school,middle,29,21.2,0.892,0,0,1,6.63,2.87,0.0,0,0,87.0,79.5,75.9,56.8,Engaged,71.6,Medium
1683,F,20,bachelor,low,22,21.7,0.774,0,0,1,9.02,5.05,3.92,1,2,74.4,62.2,70.2,68.5,Engaged,61.0,Medium
1684,M,21,high_school,low,3,9.8,0.886,0,0,0,7.36,7.42,4.87,2,2,67.4,57.3,58.9,44.6,Neutral,39.8,Low
1685,M,17,bachelor,middle,0,9.9,1.0,0,0,1,6.46,5.0,3.08,0,1,80.9,87.7,95.7,46.5,Engaged,77.3,High
1686,M,16,none,low,26,6.5,0.877,0,0,1,6.2,5.76,2.26,0,4,64.3,54.3,54.1,67.5,At-Risk,57.6,Medium
1687,F,16,master,low,43,8.3,0.715,0,0,1,5.48,2.54,3.93,0,2,78.2,53.5,70.2,32.7,At-Risk,55.2,Medium
1688,F,15,high_school,low,23,1.1,0.775,0,0,1,6.82,3.37,4.74,0,1,36.9,28.2,76.0,81.9,At-Risk,71.1,Medium
1689,F,20,master,low,34,1.1,0.831,0,1,1,7.27,5.42,3.25,0,2,77.3,58.1,47.1,52.0,At-Risk,54.2,Medium
1690,M,19,high_school,middle,37,0.0,0.825,3,0,1,4.6,1.48,3.4,0,2,67.8,45.1,55.9,70.8,Neutral,41.8,Low
1691,F,18,high_school,low,26,16.5,0.875,0,1,1,5.26,4.61,5.51,1,3,68.0,57.5,60.7,64.1,Neutral,57.4,Medium
1692,F,20,master,middle,10,0.6,0.891,0,0,1,6.28,5.19,3.72,0,0,52.4,66.3,81.8,85.1,At-Risk,79.5,High
1693,M,21,master,middle,25,21.7,1.0,0,0,1,5.58,4.12,0.6,0,1,61.7,42.5,61.0,17.4,Engaged,53.5,Medium
1694,F,21,bachelor,middle,40,5.6,0.86,0,0,1,6.95,4.84,4.73,0,2,61.3,47.2,45.0,85.2,Neutral,59.7,Medium
1695,F,16,master,middle,30,20.4,0.745,0,1,1,7.12,4.32,1.95,0,3,47.9,33.2,43.5,84.8,At-Risk,55.6,Medium
1696,F,19,high_school,low,33,7.8,0.975,2,0,1,6.75,2.96,2.27,0,0,70.4,52.8,55.7,65.6,Neutral,55.7,Medium
1697,M,22,master,high,15,0.6,0.986,0,0,1,7.56,1.84,2.41,0,2,88.6,45.0,44.2,70.4,Neutral,55.7,Medium
1698,F,21,high_school,middle,19,17.7,0.883,0,0,1,6.2,4.02,4.14,0,0,43.7,100.0,80.3,71.9,Neutral,95.0,High
1699,F,17,bachelor,low,20,18.4,0.835,3,0,0,6.84,6.81,5.7,0,1,72.4,89.1,80.9,42.0,Neutral,62.5,Medium
1700,F,18,high_school,high,21,4.6,0.922,0,0,0,5.7,6.25,2.25,1,1,58.7,86.2,68.1,61.1,Neutral,69.2,Medium
1701,F,22,none,middle,40,8.0,0.839,0,0,0,7.24,3.51,5.66,0,1,57.0,38.7,63.8,77.8,Neutral,63.0,Medium
1702,Other,15,bachelor,middle,0,4.6,0.654,0,1,1,6.99,3.47,2.53,0,2,66.1,58.8,79.9,24.2,At-Risk,53.4,Medium
1703,M,19,bachelor,high,22,9.3,0.916,0,1,1,5.46,3.32,5.0,0,0,66.3,40.3,79.2,69.4,Engaged,61.4,Medium
1704,F,15,high_school,low,21,10.6,0.949,2,0,1,6.71,3.32,2.6,0,0,67.8,95.2,52.2,61.7,Neutral,54.6,Medium
1705,M,22,master,middle,1,7.9,1.0,0,0,1,6.85,4.78,1.22,0,0,48.0,77.0,54.4,72.5,At-Risk,65.7,Medium
1706,Other,15,bachelor,middle,32,0.0,0.787,1,1,1,7.24,6.31,6.04,0,1,81.3,43.1,79.3,34.6,At-Risk,63.4,Medium
1707,M,15,high_school,middle,11,6.5,0.883,0,0,0,7.28,8.73,1.02,0,3,66.2,68.7,72.3,45.1,At-Risk,68.8,Medium
1708,M,17,bachelor,low,17,14.2,0.885,1,1,1,6.03,2.54,0.89,0,4,73.9,35.3,77.7,32.1,Neutral,44.3,Low
1709,F,16,high_school,low,50,8.7,0.869,1,1,1,7.82,5.5,0.0,1,0,83.2,59.5,53.7,31.9,Engaged,50.3,Medium
1710,M,18,none,high,37,8.0,0.871,1,0,1,7.53,5.28,4.73,0,3,36.2,58.8,56.0,76.6,At-Risk,61.3,Medium
1711,F,17,bachelor,low,31,4.4,0.864,1,0,1,6.03,3.54,5.21,0,0,74.5,75.3,75.4,48.2,Engaged,61.5,Medium
1712,M,17,high_school,low,28,6.3,0.881,0,0,1,5.53,2.15,2.95,1,2,62.5,79.8,57.1,46.8,Neutral,67.4,Medium
1713,F,19,high_school,middle,20,18.5,0.934,0,0,1,6.12,4.75,0.23,0,2,80.3,62.4,43.7,81.8,Neutral,67.3,Medium
1714,F,19,bachelor,middle,52,3.2,0.982,0,1,1,5.13,8.44,2.19,0,2,53.0,58.0,57.3,53.1,At-Risk,63.5,Medium
1715,M,22,none,low,34,14.3,0.784,0,0,1,7.15,4.74,1.59,0,1,79.0,3.8,64.7,79.3,Neutral,54.6,Medium
1716,F,18,master,middle,11,10.3,0.843,0,0,1,8.32,2.63,0.14,0,1,49.2,90.1,95.2,39.0,Neutral,65.6,Medium
1717,M,19,bachelor,middle,1,11.5,0.818,0,0,1,8.61,3.89,1.22,0,4,71.0,50.2,54.6,53.1,Neutral,59.9,Medium
1718,F,20,high_school,middle,31,5.6,0.803,1,1,0,5.59,1.92,3.21,0,1,69.3,63.8,67.0,41.9,At-Risk,63.0,Medium
1719,F,16,bachelor,low,21,7.9,0.698,1,0,1,7.84,4.24,0.99,0,3,62.7,100.0,100.0,71.0,At-Risk,85.2,High
1720,F,20,none,low,1,10.0,0.862,3,0,1,7.0,5.57,2.78,1,0,49.5,40.5,50.5,55.9,Neutral,40.1,Low
1721,M,21,bachelor,middle,28,6.9,0.908,0,0,1,4.02,2.81,0.0,0,0,59.5,62.4,78.6,74.6,Neutral,70.7,Medium
1722,M,17,none,low,18,12.0,0.844,1,0,1,6.5,0.0,5.56,0,0,78.8,70.9,56.6,63.1,Engaged,65.4,Medium
1723,F,16,master,middle,30,12.7,0.859,1,0,1,6.37,4.75,1.42,1,2,87.3,81.7,74.4,21.1,Engaged,62.3,Medium
1724,F,17,high_school,low,29,23.0,0.902,3,0,1,8.35,3.2,3.94,0,0,94.3,62.0,100.0,54.7,Neutral,78.8,High
1725,F,17,bachelor,middle,13,11.7,1.0,1,0,1,5.85,2.7,2.58,0,1,72.9,83.2,80.7,29.3,Engaged,59.9,Medium
1726,M,19,high_school,high,31,0.0,0.818,0,1,1,7.58,2.68,3.0,0,0,68.8,54.5,70.4,66.9,At-Risk,68.6,Medium
1727,M,21,high_school,middle,15,17.0,0.743,0,1,1,6.77,5.0,0.0,0,2,71.7,71.8,52.8,71.1,At-Risk,53.6,Medium
1728,F,19,bachelor,high,16,8.8,0.851,2,1,1,5.17,3.38,0.68,0,0,93.9,69.5,65.2,73.2,Neutral,53.9,Medium
1729,M,16,bachelor,high,14,22.1,1.0,0,1,1,6.24,6.06,0.72,0,1,72.8,60.4,59.0,57.5,Engaged,68.1,Medium
1730,M,17,phd,middle,39,18.8,0.744,1,0,0,8.74,6.1,2.25,1,1,66.3,67.8,44.8,27.4,Neutral,38.5,Low
1731,F,20,none,middle,18,7.0,0.925,1,0,1,6.69,3.66,4.85,0,1,60.9,46.3,33.9,64.2,Neutral,36.6,Low
1732,M,17,none,high,43,14.3,0.976,1,0,1,7.99,3.16,3.07,0,2,62.6,56.6,54.7,68.1,Engaged,52.0,Medium
1733,F,19,high_school,high,49,6.4,0.623,1,0,1,7.92,4.46,0.4,0,0,70.8,38.8,67.5,56.3,At-Risk,56.0,Medium
1734,M,20,high_school,high,11,10.0,0.901,2,1,1,6.36,3.91,2.37,0,0,53.7,54.1,85.9,61.7,Neutral,71.4,Medium
1735,F,17,master,middle,0,14.1,0.92,2,0,1,5.36,0.69,2.04,0,0,55.6,82.5,56.2,22.2,Engaged,41.3,Low
1736,F,20,master,low,38,16.7,0.833,0,0,1,5.52,8.03,1.5,0,1,64.0,69.6,71.1,61.3,Engaged,75.4,High
1737,F,18,master,high,17,15.4,0.795,0,0,1,8.64,5.63,2.17,0,3,58.2,67.5,40.8,57.8,Neutral,49.3,Low
1738,M,16,high_school,high,9,10.4,0.801,0,1,0,7.08,3.27,3.73,0,3,73.9,33.2,55.2,35.7,Neutral,48.0,Low
1739,F,17,high_school,middle,13,24.9,0.827,0,0,1,4.82,0.37,0.76,2,2,75.1,67.8,28.8,70.6,Neutral,52.3,Medium
1740,F,18,bachelor,high,16,7.8,0.83,1,0,1,7.9,3.84,1.51,0,1,68.9,60.9,100.0,50.1,At-Risk,70.0,Medium
1741,M,15,high_school,middle,41,0.4,0.811,1,0,1,4.76,3.02,4.16,0,6,72.3,71.7,71.2,64.6,At-Risk,56.2,Medium
1742,M,22,bachelor,high,24,1.5,0.826,0,0,1,5.91,4.08,3.14,0,0,66.8,86.9,70.7,69.8,At-Risk,75.5,High
1743,M,19,high_school,low,41,18.8,0.979,0,0,1,7.0,0.0,4.76,0,1,8.1,54.6,76.6,66.6,Engaged,70.8,Medium
1744,F,15,high_school,high,29,9.5,0.739,0,0,1,9.92,3.26,5.07,1,2,51.9,56.3,100.0,33.2,At-Risk,62.0,Medium
1745,F,21,master,low,17,11.0,0.685,1,1,1,7.88,3.38,0.0,0,2,75.6,78.5,61.0,52.3,At-Risk,62.6,Medium
1746,F,21,high_school,low,16,6.7,0.981,0,0,1,6.32,3.82,2.78,1,2,52.4,51.1,52.3,100.0,At-Risk,74.3,Medium
1747,F,15,master,low,30,7.3,0.841,0,0,1,6.93,3.73,1.18,1,2,77.8,63.6,100.0,87.9,Neutral,79.7,High
1748,F,16,high_school,middle,34,5.3,0.821,0,1,0,8.0,4.3,0.0,1,0,78.7,26.1,48.3,76.7,Neutral,60.4,Medium
1749,M,17,none,low,37,12.8,0.849,0,0,1,8.61,7.24,0.62,0,1,61.0,56.5,88.8,65.5,Neutral,71.1,Medium
1750,M,19,high_school,high,18,9.4,0.881,0,0,1,6.6,3.17,1.6,0,0,56.1,85.5,66.8,40.2,Neutral,74.2,Medium
1751,F,20,high_school,middle,25,12.6,0.808,1,0,1,6.64,2.38,1.61,0,2,65.1,68.0,74.9,56.8,At-Risk,55.4,Medium
1752,M,18,bachelor,high,31,12.0,0.911,2,1,1,5.9,0.75,0.99,0,1,64.3,78.2,45.0,51.6,Neutral,64.7,Medium
1753,F,19,high_school,low,16,7.4,0.764,0,0,1,7.7,3.18,2.17,0,0,74.4,79.2,100.0,58.3,Neutral,76.7,High
1754,F,15,bachelor,low,5,1.2,0.83,0,0,1,8.13,1.4,7.09,1,1,29.9,86.3,61.9,31.1,At-Risk,71.3,Medium
1755,M,20,master,middle,10,0.7,0.639,0,1,1,4.57,6.12,0.0,0,0,54.0,55.8,56.8,79.1,At-Risk,69.6,Medium
1756,F,22,high_school,middle,18,28.2,0.977,0,0,1,6.42,4.01,4.47,0,3,49.8,79.0,76.8,6.3,Engaged,60.4,Medium
1757,M,19,high_school,middle,32,18.9,0.842,0,0,0,5.44,6.08,2.16,0,2,27.2,100.0,57.7,77.1,At-Risk,73.8,Medium
1758,F,18,high_school,middle,41,18.0,0.927,0,0,1,7.08,7.13,1.32,0,4,57.6,61.5,74.8,77.5,At-Risk,74.2,Medium
1759,F,17,bachelor,middle,2,6.0,0.908,0,0,1,5.41,2.47,0.0,0,1,42.5,38.2,47.8,100.0,Engaged,68.4,Medium
1760,F,22,bachelor,middle,13,10.1,0.915,1,1,1,5.32,3.51,3.73,1,1,59.2,51.3,70.3,55.0,Neutral,60.5,Medium
1761,M,15,high_school,high,17,5.1,0.859,0,0,1,8.25,6.86,0.0,0,1,57.7,70.4,58.3,49.6,At-Risk,65.1,Medium
1762,M,17,bachelor,middle,34,2.1,0.899,1,1,1,6.7,4.58,3.86,0,3,71.8,32.1,55.5,62.4,At-Risk,32.5,Low
1763,M,16,bachelor,middle,14,6.5,0.764,0,1,1,6.83,5.24,5.68,1,2,61.2,48.3,52.9,71.2,Neutral,55.5,Medium
1764,M,21,high_school,middle,16,18.0,0.743,0,0,0,7.42,6.27,0.0,0,5,39.6,56.1,82.2,58.2,Neutral,62.8,Medium
1765,M,18,high_school,low,1,15.0,0.85,0,0,1,8.06,5.99,4.54,0,2,70.2,64.0,62.4,36.3,Neutral,58.2,Medium
1766,M,22,phd,low,29,4.2,0.792,0,0,1,6.4,5.02,2.25,1,1,100.0,94.3,65.1,71.2,At-Risk,79.3,High
1767,Other,20,high_school,middle,20,8.1,1.0,0,1,1,6.42,6.99,0.0,0,2,81.1,74.4,74.8,60.0,Engaged,72.3,Medium
1768,M,19,high_school,middle,12,14.5,0.898,1,0,1,6.43,4.06,0.0,0,0,75.2,42.0,86.2,39.8,Engaged,56.7,Medium
1769,M,19,high_school,low,18,6.6,0.788,2,0,1,8.2,5.24,2.56,0,1,62.1,100.0,53.2,27.5,At-Risk,59.0,Medium
1770,F,16,bachelor,middle,39,10.5,0.833,0,1,1,6.82,3.85,3.0,0,1,57.6,61.7,71.5,100.0,At-Risk,87.7,High
1771,F,19,high_school,low,7,12.4,0.873,0,0,1,6.55,6.24,0.0,0,3,56.6,31.8,53.4,76.6,Neutral,59.8,Medium
1772,F,20,high_school,low,9,12.3,0.853,0,1,1,7.37,2.8,2.26,0,2,68.6,43.3,64.7,71.2,Neutral,63.4,Medium
1773,F,22,high_school,high,41,11.5,0.887,1,0,1,9.1,0.83,3.85,0,1,48.0,43.4,85.0,57.7,Engaged,78.6,High
1774,F,19,bachelor,middle,23,6.1,0.867,0,0,1,6.99,5.51,4.2,1,1,68.3,37.7,30.5,73.8,Neutral,49.2,Low
1775,F,22,high_school,low,32,6.7,0.721,0,0,1,6.58,2.16,1.37,0,1,55.0,71.2,53.2,39.0,Engaged,55.6,Medium
1776,F,22,master,middle,28,3.2,0.645,1,1,1,9.23,1.96,3.08,0,3,39.3,14.0,64.3,64.0,At-Risk,59.0,Medium
1777,F,19,high_school,middle,21,0.6,0.823,1,0,1,8.5,6.73,4.34,0,1,54.8,79.7,74.1,64.9,At-Risk,79.2,High
1778,M,18,high_school,middle,17,9.3,0.916,0,0,1,8.32,6.13,3.9,0,3,83.8,76.7,87.5,39.4,Engaged,72.0,Medium
1779,M,16,master,high,34,14.9,0.824,0,1,1,6.3,3.51,3.98,1,0,67.1,53.8,40.8,57.9,Engaged,49.7,Low
1780,M,17,master,middle,39,1.7,0.984,0,1,1,6.18,0.0,2.43,0,1,11.7,78.5,90.6,51.7,Neutral,79.4,High
1781,M,22,high_school,middle,38,11.6,0.855,0,0,1,4.7,5.27,2.01,1,0,54.9,42.3,76.3,44.7,Neutral,61.1,Medium
1782,F,16,master,middle,4,14.7,0.996,0,0,0,8.06,5.53,2.74,0,1,78.5,46.8,64.1,49.2,Engaged,69.6,Medium
1783,M,18,bachelor,middle,42,0.0,0.975,1,0,1,6.99,5.23,0.67,1,0,60.5,71.9,44.5,25.9,At-Risk,65.1,Medium
1784,M,20,high_school,low,17,8.4,0.965,0,0,1,4.74,5.14,4.42,0,3,72.9,58.2,58.8,81.3,At-Risk,62.6,Medium
1785,M,16,master,low,11,19.9,0.74,1,0,1,8.34,3.84,0.0,1,4,59.1,50.7,84.4,91.2,Neutral,74.4,Medium
1786,F,22,bachelor,high,19,13.3,0.862,0,0,0,6.5,3.38,1.19,0,2,67.8,60.0,68.4,41.5,Neutral,53.1,Medium
1787,M,20,high_school,middle,34,0.0,0.982,1,0,1,6.64,1.99,2.13,0,0,65.5,85.7,65.1,82.2,Engaged,75.4,High
1788,F,15,bachelor,middle,30,14.0,0.887,0,0,1,5.08,2.81,3.14,1,4,55.3,85.0,52.5,59.4,At-Risk,55.9,Medium
1789,F,16,high_school,low,18,5.5,0.915,0,0,1,7.49,4.84,3.52,0,2,73.6,69.7,79.8,59.8,Neutral,80.5,High
1790,M,20,none,middle,35,14.1,0.721,0,1,1,7.5,4.88,5.18,1,1,88.0,55.6,65.6,34.1,Engaged,56.5,Medium
1791,F,21,master,low,24,5.9,1.0,0,0,1,6.84,5.78,2.36,0,2,70.8,71.4,64.2,48.8,Engaged,64.7,Medium
1792,M,22,bachelor,middle,13,9.7,0.781,0,1,1,6.4,1.39,0.76,1,1,66.6,46.5,66.5,70.7,Neutral,65.0,Medium
1793,M,21,bachelor,middle,11,6.8,0.661,0,0,1,10.0,0.88,1.91,1,0,52.4,83.0,57.7,40.5,At-Risk,60.8,Medium
1794,F,15,bachelor,middle,28,10.0,0.825,1,1,1,5.46,3.44,1.56,0,2,79.1,79.1,55.0,45.2,At-Risk,61.8,Medium
1795,F,20,bachelor,high,21,6.6,0.615,1,1,1,6.03,2.16,3.24,0,2,57.3,96.8,43.7,49.8,At-Risk,55.0,Medium
1796,M,15,high_school,low,1,8.7,0.751,0,0,1,7.75,4.57,0.07,0,1,73.4,47.6,58.1,0.0,At-Risk,28.6,Low
1797,F,15,phd,middle,35,2.9,1.0,0,0,0,5.68,1.58,1.85,0,2,76.4,45.3,39.2,66.6,Engaged,45.1,Low
1798,M,20,bachelor,high,15,12.9,0.822,0,0,1,5.59,6.56,5.45,1,3,79.8,71.9,75.8,72.7,Neutral,60.7,Medium
1799,F,18,bachelor,middle,46,11.1,0.717,0,0,1,8.26,2.56,2.56,1,3,80.1,57.1,57.3,67.3,At-Risk,58.7,Medium
1800,F,20,bachelor,middle,1,0.3,0.863,0,1,1,7.63,7.39,0.09,0,0,79.5,80.0,61.7,78.9,At-Risk,72.0,Medium
1801,F,21,high_school,middle,19,16.0,0.77,0,0,1,7.48,5.25,1.52,0,5,46.2,85.7,67.4,51.1,Neutral,68.9,Medium
1802,F,15,none,middle,12,8.9,0.946,0,0,1,7.12,2.09,0.0,0,4,52.1,92.7,55.2,96.2,At-Risk,78.3,High
1803,M,19,high_school,high,7,11.0,0.771,0,1,1,6.07,8.39,2.08,0,2,44.4,63.1,49.2,43.1,Neutral,43.6,Low
1804,F,21,high_school,middle,15,14.6,0.887,0,0,1,6.6,4.73,5.5,0,1,43.4,77.8,71.5,55.5,Neutral,66.5,Medium
1805,F,18,bachelor,high,49,12.0,0.745,0,0,1,6.81,4.53,0.0,0,0,87.9,52.7,98.2,53.5,Engaged,58.3,Medium
1806,F,19,master,middle,24,17.0,1.0,0,0,1,7.92,4.07,0.0,0,0,50.2,65.9,82.6,63.7,Engaged,67.6,Medium
1807,M,18,high_school,middle,10,8.2,0.91,1,1,1,7.41,5.13,0.89,2,1,48.1,61.0,88.5,55.2,Engaged,66.0,Medium
1808,M,22,high_school,low,0,16.2,0.845,0,0,1,5.79,5.25,4.04,0,2,64.2,60.1,47.2,57.9,Engaged,49.7,Low
1809,M,15,bachelor,middle,0,10.7,0.831,0,0,1,7.85,2.47,5.61,1,3,53.8,94.8,64.9,46.4,At-Risk,75.8,High
1810,M,22,high_school,high,14,13.0,0.805,2,0,1,4.89,3.77,3.1,0,3,98.9,37.8,64.8,51.2,At-Risk,52.0,Medium
1811,M,21,master,middle,12,12.4,0.784,0,1,1,6.52,4.43,0.0,0,4,60.9,61.9,90.9,15.3,At-Risk,56.8,Medium
1812,M,21,high_school,low,19,17.4,0.781,0,0,1,5.53,5.37,2.16,2,1,71.7,63.0,82.7,76.0,Neutral,80.5,High
1813,F,18,high_school,middle,0,14.3,1.0,0,1,1,5.87,5.4,5.78,0,5,53.3,73.6,65.4,39.6,Neutral,55.3,Medium
1814,M,19,high_school,middle,21,7.3,0.805,0,0,0,9.21,4.53,1.58,1,3,40.1,42.3,31.4,50.2,At-Risk,38.5,Low
1815,F,17,master,high,37,6.2,0.647,0,0,1,5.14,3.1,2.48,0,0,54.1,56.6,49.5,38.8,At-Risk,54.7,Medium
1816,F,17,high_school,low,46,9.7,0.743,1,0,0,5.92,3.0,2.68,0,1,54.2,51.3,78.1,71.4,At-Risk,58.8,Medium
1817,F,22,bachelor,low,0,5.4,0.953,0,0,1,7.51,1.82,0.0,0,1,54.1,21.5,62.9,49.1,Neutral,54.8,Medium
1818,M,19,high_school,middle,10,3.7,0.835,0,1,1,6.34,5.39,4.2,0,2,41.0,82.9,66.2,11.1,At-Risk,58.3,Medium
1819,F,20,high_school,low,9,0.0,0.847,0,0,1,7.09,2.97,3.91,0,1,67.0,35.5,77.8,65.6,Neutral,66.8,Medium
1820,F,15,master,high,24,0.7,0.977,0,0,1,8.62,3.82,0.0,1,1,59.9,33.1,86.1,45.1,Neutral,70.3,Medium
1821,F,21,high_school,middle,4,21.9,0.782,1,0,1,7.69,4.68,0.0,0,1,41.9,79.1,55.5,59.5,At-Risk,64.1,Medium
1822,F,20,none,middle,47,6.1,0.923,0,0,1,6.34,4.21,0.26,0,1,66.6,56.0,77.5,76.6,Neutral,73.1,Medium
1823,F,22,bachelor,low,23,21.4,0.793,1,1,1,6.74,4.19,3.7,2,1,76.4,56.6,93.8,40.2,Engaged,55.1,Medium
1824,F,16,master,middle,20,12.4,0.918,0,0,1,7.54,2.39,0.7,0,0,83.0,56.9,90.8,59.0,Engaged,74.1,Medium
1825,F,19,high_school,high,46,9.7,0.821,0,1,1,7.66,4.74,3.0,1,2,28.7,81.3,59.5,44.6,At-Risk,59.7,Medium
1826,M,19,high_school,middle,22,1.0,0.836,0,0,1,6.92,3.57,1.84,0,3,54.0,52.1,72.7,79.7,At-Risk,67.0,Medium
1827,F,19,phd,low,28,10.0,0.942,0,1,0,7.33,4.03,2.34,0,1,44.4,72.7,80.0,61.6,Neutral,73.2,Medium
1828,F,15,bachelor,low,11,21.4,0.935,0,1,1,7.33,6.52,3.19,0,2,55.2,41.5,68.3,59.5,Neutral,65.4,Medium
1829,F,18,master,high,1,19.3,0.843,0,0,1,6.79,5.21,2.74,0,0,85.8,67.9,64.0,35.2,Engaged,52.4,Medium
1830,F,17,bachelor,high,13,11.6,0.813,0,0,1,6.17,3.06,2.16,0,2,54.1,78.2,40.3,75.0,Neutral,63.6,Medium
1831,M,19,bachelor,low,55,3.1,1.0,0,1,1,7.79,3.9,2.85,0,1,57.9,87.3,54.2,77.5,At-Risk,69.8,Medium
1832,F,16,high_school,middle,31,4.3,0.919,0,0,0,7.25,7.4,2.63,0,2,52.6,34.1,56.9,44.7,Neutral,38.2,Low
1833,M,18,high_school,low,26,4.9,0.821,3,0,1,4.4,3.59,1.78,0,1,89.4,56.7,47.8,63.1,Neutral,47.5,Low
1834,M,19,bachelor,middle,7,17.7,0.795,0,1,1,5.91,4.28,1.34,0,3,30.5,90.8,69.8,71.8,Neutral,79.4,High
1835,M,15,bachelor,low,36,19.8,0.962,0,1,1,6.32,5.53,5.96,0,1,56.7,78.6,81.9,100.0,Engaged,85.3,High
1836,M,21,master,middle,2,11.2,0.872,0,1,1,6.66,4.63,1.31,0,0,52.0,58.4,61.3,67.8,Neutral,68.9,Medium
1837,M,20,bachelor,high,0,8.2,0.844,0,1,1,8.34,3.45,4.93,0,3,39.2,62.1,32.7,60.0,Neutral,51.2,Medium
1838,M,15,high_school,low,14,19.3,0.871,0,0,1,10.0,2.71,0.83,0,1,81.5,67.3,66.1,56.9,Engaged,58.5,Medium
1839,F,15,bachelor,middle,51,4.1,0.894,0,1,1,3.95,4.18,3.82,1,1,38.0,55.3,72.4,58.1,At-Risk,69.7,Medium
1840,F,21,bachelor,low,50,10.3,0.854,0,0,1,7.27,5.52,5.77,0,0,58.1,71.8,71.3,75.3,Engaged,70.1,Medium
1841,M,17,high_school,low,15,12.8,0.98,0,1,1,6.98,6.84,1.52,0,4,63.8,70.8,56.5,42.4,Engaged,61.2,Medium
1842,F,21,bachelor,low,12,4.8,0.986,0,0,1,6.68,1.27,0.87,0,0,53.7,41.9,48.7,78.7,Engaged,52.2,Medium
1843,M,18,bachelor,low,0,6.2,0.913,0,0,1,7.55,7.73,1.34,1,2,39.0,53.2,82.2,29.2,Neutral,57.6,Medium
1844,F,17,none,high,23,5.7,0.997,2,1,1,7.08,3.62,2.16,0,0,62.5,53.8,73.6,73.3,Neutral,72.9,Medium
1845,M,17,bachelor,low,24,18.5,0.861,0,0,1,6.47,6.05,2.84,0,0,53.6,57.4,57.1,78.9,Engaged,68.7,Medium
1846,F,20,bachelor,high,34,21.5,0.929,1,0,1,6.94,2.72,2.12,0,1,77.1,66.9,44.0,76.1,Engaged,66.1,Medium
1847,M,15,master,low,36,10.7,0.96,0,0,1,7.57,0.98,1.36,0,1,72.7,65.2,71.6,65.4,Engaged,73.5,Medium
1848,F,18,high_school,middle,19,8.4,0.962,0,0,0,7.45,1.57,6.11,0,2,94.2,49.0,53.6,67.9,Engaged,60.8,Medium
1849,M,17,bachelor,middle,30,6.4,0.952,1,0,1,7.13,3.54,1.8,1,2,66.6,86.1,74.1,52.0,Engaged,72.0,Medium
1850,F,16,bachelor,high,11,10.0,0.923,0,1,1,6.2,5.25,0.96,0,1,73.8,62.1,70.5,37.5,Neutral,60.4,Medium
1851,M,17,bachelor,low,30,6.7,1.0,1,0,0,10.0,4.26,3.86,0,1,59.6,88.3,100.0,65.0,Engaged,86.2,High
1852,F,19,none,low,14,9.4,0.806,0,0,1,7.33,3.7,3.89,0,1,90.7,87.9,66.8,61.4,At-Risk,71.0,Medium
1853,F,20,master,middle,29,12.5,0.844,0,0,1,7.81,6.44,5.02,0,1,65.2,42.9,100.0,78.5,Neutral,87.8,High
1854,F,15,master,middle,28,7.6,0.839,2,1,1,6.29,4.2,6.06,0,0,63.5,53.2,69.3,57.2,Neutral,62.7,Medium
1855,F,21,bachelor,middle,23,8.9,0.823,0,1,1,7.13,4.76,2.89,1,0,73.1,54.5,57.3,63.2,At-Risk,55.0,Medium
1856,Other,22,bachelor,low,34,8.9,0.661,3,0,0,7.12,10.42,1.62,0,1,55.3,67.6,51.1,65.7,At-Risk,54.1,Medium
1857,M,20,none,low,0,8.1,0.997,2,0,1,4.61,4.18,0.0,0,4,57.5,75.1,54.0,71.4,Neutral,54.4,Medium
1858,M,22,bachelor,middle,6,7.4,0.757,0,0,1,6.04,2.81,0.32,0,3,73.1,64.6,74.9,79.0,At-Risk,75.0,High
1859,M,18,high_school,middle,18,14.6,0.877,0,0,1,6.02,5.16,2.62,0,1,76.0,52.1,70.1,40.9,Engaged,62.1,Medium
1860,M,21,bachelor,middle,0,0.0,0.718,1,0,1,6.18,5.67,0.0,1,1,74.0,91.7,38.6,74.0,At-Risk,57.5,Medium
1861,F,20,none,low,16,19.4,0.922,0,0,1,5.62,4.8,0.0,0,2,63.8,54.1,84.3,56.4,Engaged,60.9,Medium
1862,Other,19,bachelor,low,16,10.8,0.781,1,0,1,6.95,4.51,2.33,1,0,69.1,75.4,91.6,72.9,Neutral,77.7,High
1863,Other,16,high_school,high,42,13.7,0.746,0,1,1,8.58,7.16,3.75,0,0,79.4,61.3,38.4,89.6,Neutral,60.7,Medium
1864,F,19,bachelor,middle,24,14.4,0.879,0,1,1,7.06,6.91,1.71,0,2,48.6,60.8,84.2,17.8,Neutral,54.8,Medium
1865,F,22,bachelor,low,37,5.8,0.79,0,0,0,5.48,3.97,3.99,0,4,65.0,74.1,94.9,84.3,At-Risk,77.9,High
1866,F,22,high_school,high,27,4.5,0.803,1,0,1,5.66,2.91,3.43,0,0,21.3,89.8,39.3,57.6,At-Risk,62.8,Medium
1867,F,18,high_school,middle,14,3.8,0.877,1,1,1,6.45,5.06,4.5,2,2,76.1,67.5,60.5,42.9,At-Risk,46.9,Low
1868,M,16,master,low,24,8.5,0.94,0,0,1,5.2,2.9,6.55,1,2,53.3,53.2,54.4,51.2,Engaged,49.4,Low
1869,F,20,bachelor,middle,33,14.2,0.778,0,1,1,7.27,5.97,7.43,1,1,53.7,88.6,83.6,39.4,Neutral,86.2,High
1870,F,15,none,middle,40,6.5,0.761,0,0,1,8.52,5.05,3.66,0,1,63.2,70.9,61.4,70.1,Engaged,78.6,High
1871,M,16,high_school,middle,20,13.6,0.862,0,0,1,6.21,9.54,1.28,0,0,74.3,65.1,60.7,39.3,Engaged,65.2,Medium
1872,M,19,high_school,middle,0,0.0,0.914,0,0,0,6.99,7.15,2.32,0,1,100.0,80.5,74.7,84.1,Engaged,79.9,High
1873,Other,22,bachelor,middle,0,7.7,1.0,0,1,1,6.39,2.04,5.35,1,1,41.7,67.8,93.0,73.8,Engaged,87.0,High
1874,Other,17,bachelor,low,17,17.0,0.753,0,0,1,6.14,3.16,0.41,1,1,52.3,100.0,67.0,64.5,Neutral,70.8,Medium
1875,F,18,none,high,0,9.0,0.828,0,0,1,7.13,0.37,5.1,0,0,68.4,62.0,60.5,19.3,Neutral,34.5,Low
1876,F,17,bachelor,middle,49,5.0,0.978,0,0,1,6.1,0.0,1.86,0,3,54.1,82.7,63.5,33.5,Neutral,56.3,Medium
1877,M,18,bachelor,middle,31,6.1,1.0,0,1,1,5.93,4.43,2.65,0,1,77.5,70.0,78.5,58.4,Engaged,71.7,Medium
1878,M,15,bachelor,middle,12,0.0,0.761,0,1,1,4.96,1.82,0.58,0,2,62.5,69.9,46.7,59.5,Neutral,60.4,Medium
1879,F,19,none,middle,5,3.9,0.786,3,1,1,6.98,7.48,0.0,0,2,78.3,55.5,67.7,78.8,At-Risk,65.5,Medium
1880,F,19,high_school,middle,37,16.3,0.898,0,0,0,8.18,6.52,1.64,1,3,61.3,55.6,53.0,1.7,Neutral,47.6,Low
1881,F,17,high_school,middle,5,6.5,0.802,0,1,1,7.75,3.66,4.81,0,1,73.2,70.9,48.8,44.8,At-Risk,58.5,Medium
1882,F,17,high_school,high,7,7.2,0.784,1,0,1,8.69,3.54,0.8,0,0,50.6,46.4,36.9,76.7,Engaged,46.8,Low
1883,M,21,high_school,middle,11,0.0,0.884,0,0,1,6.09,7.17,5.43,0,1,94.1,51.6,59.8,53.3,At-Risk,56.5,Medium
1884,F,16,none,middle,24,0.2,1.0,1,0,0,7.92,7.63,1.05,1,0,39.5,62.3,85.3,50.7,At-Risk,70.8,Medium
1885,M,15,high_school,low,31,17.1,0.729,0,0,1,5.58,2.33,0.06,0,0,54.4,84.3,36.3,27.8,Neutral,48.7,Low
1886,M,15,bachelor,middle,40,13.7,1.0,0,0,1,7.75,2.08,2.71,0,1,43.7,63.4,76.7,81.2,Engaged,71.2,Medium
1887,M,22,high_school,middle,38,2.2,0.803,0,0,1,8.87,3.6,3.56,0,2,77.0,63.2,57.6,50.3,Neutral,60.2,Medium
1888,M,17,bachelor,low,22,6.2,0.895,0,1,1,7.5,5.06,2.58,0,0,73.1,42.9,51.0,81.9,Engaged,58.2,Medium
1889,F,15,none,middle,37,9.8,1.0,0,1,0,8.89,3.17,2.5,0,0,46.7,92.5,73.5,89.3,Engaged,83.4,High
1890,M,22,bachelor,low,12,2.8,0.893,0,0,1,6.18,5.1,5.41,1,1,80.0,81.9,89.0,86.3,Engaged,86.7,High
1891,M,16,high_school,low,0,0.0,0.83,0,1,1,6.74,8.1,2.39,0,2,54.5,84.0,92.0,59.4,At-Risk,75.6,High
1892,F,17,bachelor,low,12,9.0,0.932,0,0,0,5.8,1.39,1.26,0,3,70.8,35.9,72.5,50.3,Neutral,53.6,Medium
1893,F,15,bachelor,low,10,13.4,0.843,1,0,1,6.94,3.31,0.0,0,3,74.3,68.3,66.9,49.0,Engaged,58.2,Medium
1894,M,20,high_school,low,13,13.6,0.912,0,0,1,7.22,1.43,4.75,1,2,61.3,45.1,74.3,99.4,At-Risk,72.8,Medium
1895,M,20,bachelor,middle,8,15.3,0.84,3,0,1,6.93,2.53,1.35,0,1,78.6,75.9,100.0,55.8,Neutral,64.8,Medium
1896,M,21,high_school,middle,15,0.7,0.946,0,0,1,6.33,3.61,1.54,0,2,62.8,67.8,63.3,81.1,Engaged,72.9,Medium
1897,F,17,bachelor,low,31,10.3,0.721,0,0,1,6.31,2.75,4.3,1,1,70.1,71.3,86.2,69.6,At-Risk,68.4,Medium
1898,M,17,none,low,48,8.4,0.759,0,1,1,7.31,5.24,6.31,0,2,60.9,49.1,58.5,51.8,At-Risk,66.8,Medium
1899,M,22,high_school,middle,0,9.5,0.719,0,0,0,6.71,4.5,2.7,0,1,37.0,43.3,54.7,54.9,Neutral,50.2,Medium
1900,M,21,high_school,low,3,8.7,0.854,1,1,1,5.52,4.8,1.93,0,0,63.1,50.5,96.3,83.7,Neutral,84.1,High
1901,F,15,master,middle,10,6.0,0.707,0,1,1,4.62,3.59,2.19,0,2,51.9,67.5,68.0,60.6,At-Risk,71.3,Medium
1902,M,20,high_school,middle,33,0.0,0.791,0,0,1,6.19,3.77,1.29,0,1,85.9,57.6,71.6,50.9,Neutral,59.5,Medium
1903,F,21,bachelor,middle,19,17.0,0.749,1,0,0,5.24,3.5,1.49,1,2,44.5,66.6,76.8,43.9,At-Risk,52.7,Medium
1904,M,19,high_school,high,11,12.0,1.0,0,0,1,5.9,3.7,1.5,0,0,83.4,43.6,53.7,66.4,Engaged,64.0,Medium
1905,F,20,high_school,middle,33,1.1,0.761,0,0,1,6.39,5.04,4.02,0,3,62.3,61.9,61.0,49.7,At-Risk,47.8,Low
1906,M,15,high_school,high,36,12.8,0.731,1,0,0,6.72,0.35,2.02,0,2,71.1,87.1,57.7,71.9,Neutral,58.7,Medium
1907,M,15,master,high,22,7.3,0.885,0,0,1,6.1,4.78,4.92,1,1,44.3,68.0,73.3,100.0,At-Risk,82.9,High
1908,M,15,bachelor,low,10,7.5,1.0,0,0,0,9.53,2.46,1.97,0,2,60.4,69.1,73.9,70.4,Neutral,71.1,Medium
1909,F,16,high_school,low,26,5.4,0.848,1,0,1,5.39,3.52,1.47,1,2,55.0,69.3,58.4,96.1,At-Risk,65.1,Medium
1910,F,22,bachelor,low,19,13.2,0.856,0,0,0,8.35,1.08,4.76,0,3,96.5,52.8,100.0,45.7,Engaged,64.5,Medium
1911,M,20,high_school,middle,18,5.2,0.989,0,0,1,6.7,3.48,2.24,0,1,54.7,91.4,67.6,73.7,Engaged,72.7,Medium
1912,M,21,none,middle,14,3.4,0.948,0,0,1,6.11,4.76,1.95,0,0,82.3,68.4,69.6,85.1,Engaged,89.6,High
1913,F,17,bachelor,low,36,16.8,0.903,1,1,0,7.61,5.11,2.27,0,5,82.5,65.2,89.5,87.6,Engaged,84.5,High
1914,F,22,high_school,low,26,8.9,0.802,0,0,1,6.36,1.83,5.13,0,2,82.1,74.4,54.0,85.6,Neutral,64.3,Medium
1915,M,16,high_school,middle,38,9.1,0.906,0,0,0,5.93,5.02,2.81,0,2,56.1,78.9,59.7,60.3,Engaged,63.9,Medium
1916,M,22,bachelor,middle,42,14.2,0.724,0,0,1,9.05,6.48,4.7,0,2,92.1,39.6,72.6,77.8,Neutral,67.5,Medium
1917,F,15,high_school,middle,29,6.0,0.798,0,0,0,4.27,3.21,1.73,1,0,95.2,63.0,44.4,39.6,Engaged,44.1,Low
1918,F,15,master,high,14,7.2,1.0,0,0,1,6.61,4.2,4.38,0,1,70.5,100.0,64.2,92.1,Neutral,80.7,High
1919,F,15,bachelor,low,38,11.8,0.99,0,0,1,7.13,0.06,2.68,0,0,58.0,91.8,100.0,41.0,Neutral,78.4,High
1920,F,21,master,middle,29,0.8,0.904,0,0,1,8.59,2.41,3.97,0,3,52.1,60.1,97.3,85.1,At-Risk,75.4,High
1921,F,17,bachelor,high,61,11.3,0.667,0,0,1,6.42,4.74,4.13,0,3,72.1,75.1,82.4,80.9,Neutral,82.1,High
1922,M,18,master,middle,27,5.5,0.739,0,0,1,10.0,6.11,0.32,0,1,66.0,56.1,86.9,80.7,At-Risk,70.8,Medium
1923,M,18,high_school,middle,32,15.1,0.792,0,1,1,7.81,3.0,2.34,0,0,67.7,68.4,75.9,100.0,Engaged,83.9,High
1924,M,21,bachelor,middle,26,13.3,0.843,0,0,1,4.06,9.54,4.11,0,1,44.8,53.8,61.1,81.0,Neutral,67.3,Medium
1925,M,17,bachelor,low,21,12.5,0.735,0,0,1,5.16,4.83,4.43,0,0,65.5,53.4,94.3,33.5,At-Risk,73.3,Medium
1926,M,15,master,high,18,0.4,0.835,0,0,1,7.18,1.65,4.71,0,1,82.2,51.3,52.8,71.8,Engaged,59.7,Medium
1927,M,18,high_school,middle,26,9.4,1.0,0,0,1,5.53,6.77,2.41,0,0,77.2,92.3,83.5,22.2,Neutral,81.8,High
1928,F,17,bachelor,middle,30,2.9,0.9,3,0,1,7.56,1.69,5.28,1,3,58.8,53.4,59.9,58.2,At-Risk,46.9,Low
1929,M,20,bachelor,middle,39,9.8,0.882,0,0,1,6.36,4.86,0.89,0,2,63.4,82.6,60.8,51.6,Engaged,62.9,Medium
1930,M,21,high_school,middle,27,0.0,0.758,0,0,1,5.46,2.34,0.0,0,0,43.0,54.2,76.6,72.8,At-Risk,75.4,High
1931,F,15,master,low,15,0.8,0.696,0,1,0,5.74,1.49,1.64,0,1,55.0,52.2,100.0,43.5,At-Risk,81.6,High
1932,F,21,high_school,middle,17,17.1,0.737,0,0,0,7.92,6.12,4.59,0,0,59.9,69.0,90.9,44.1,Neutral,68.1,Medium
1933,F,15,high_school,middle,2,12.2,0.692,0,0,1,4.47,3.68,0.03,0,0,74.5,38.6,73.4,70.0,At-Risk,70.7,Medium
1934,F,19,bachelor,low,47,7.9,0.868,2,0,1,8.15,7.65,0.0,0,2,54.4,74.0,69.0,83.5,At-Risk,74.5,Medium
1935,F,18,high_school,middle,14,4.5,0.898,0,0,1,8.19,2.16,0.0,0,1,49.5,59.5,80.5,60.1,Neutral,64.5,Medium
1936,M,17,none,high,37,3.5,0.763,0,0,1,6.5,1.08,3.67,0,2,76.4,52.1,89.8,100.0,At-Risk,80.0,High
1937,M,18,none,middle,26,11.2,0.875,0,0,1,5.21,3.24,0.0,0,3,58.7,48.2,39.8,53.1,At-Risk,47.4,Low
1938,F,17,high_school,middle,27,7.9,1.0,0,1,1,7.57,9.98,3.3,0,1,52.4,97.5,66.0,73.6,Neutral,75.4,High
1939,M,21,bachelor,middle,20,19.3,1.0,0,1,1,6.32,5.87,1.54,0,2,77.2,61.4,51.2,66.8,Engaged,65.3,Medium
1940,M,22,master,middle,10,8.9,0.937,2,0,1,5.08,5.31,0.66,0,0,71.9,60.6,64.5,53.1,Neutral,58.5,Medium
1941,M,21,bachelor,middle,7,10.4,0.843,2,0,1,9.19,5.37,0.2,0,4,61.9,77.7,47.9,86.2,At-Risk,63.7,Medium
1942,M,18,high_school,high,48,1.7,0.934,0,0,1,5.84,3.23,2.61,0,2,59.7,46.9,39.1,42.2,Neutral,45.8,Low
1943,M,19,bachelor,low,24,7.8,0.995,0,0,1,5.13,9.66,0.69,0,2,70.7,82.4,46.9,18.5,Neutral,46.5,Low
1944,M,18,master,high,39,11.1,0.659,0,1,1,7.24,5.12,2.19,0,2,73.1,61.4,59.1,57.5,At-Risk,75.6,High
1945,F,21,bachelor,high,43,7.8,1.0,0,0,0,6.82,4.93,3.0,1,1,68.1,37.1,77.4,54.9,Neutral,61.9,Medium
1946,F,19,high_school,middle,16,7.1,0.806,0,0,1,8.68,6.17,3.43,1,1,66.8,52.5,55.0,81.3,Engaged,70.4,Medium
1947,M,18,high_school,middle,28,12.0,0.807,0,0,0,6.44,1.65,4.07,0,1,55.9,42.3,54.1,35.0,Engaged,49.7,Low
1948,F,18,master,low,23,19.1,0.825,2,0,1,6.46,2.44,2.53,1,2,56.8,63.5,74.3,70.5,Neutral,72.1,Medium
1949,M,18,master,middle,5,10.9,0.892,0,0,1,7.3,3.71,0.1,0,3,62.4,47.7,72.6,68.1,Engaged,59.0,Medium
1950,F,19,none,low,19,16.9,0.749,1,0,1,7.14,6.18,3.13,1,3,50.6,45.7,95.2,66.5,At-Risk,65.0,Medium
1951,F,20,master,low,31,13.7,0.832,1,0,1,7.18,1.6,3.51,2,3,48.8,67.3,83.0,80.9,At-Risk,67.9,Medium
1952,M,18,none,high,15,16.5,0.913,0,0,1,7.23,4.07,1.84,0,2,63.7,62.8,51.6,59.5,Engaged,55.3,Medium
1953,F,21,none,low,17,6.3,0.882,0,0,0,7.1,3.78,1.62,0,1,79.8,83.8,57.3,61.0,At-Risk,68.7,Medium
1954,F,21,bachelor,middle,19,8.8,0.898,0,0,1,6.4,1.05,7.15,0,0,33.9,83.0,79.9,69.0,Engaged,76.9,High
1955,F,18,bachelor,low,54,8.8,0.828,2,1,0,7.9,3.18,0.0,0,0,59.1,63.1,53.8,58.0,At-Risk,49.7,Low
1956,F,22,high_school,middle,0,13.3,0.929,0,0,1,6.47,5.28,3.19,1,2,69.1,71.0,62.8,32.9,Neutral,53.9,Medium
1957,F,16,master,middle,30,14.8,0.966,1,0,1,7.87,1.23,4.29,0,0,81.1,36.7,40.6,51.8,Engaged,43.8,Low
1958,M,22,master,low,18,10.8,0.96,0,0,1,8.57,7.02,1.52,1,2,92.0,74.5,47.1,54.8,Engaged,63.2,Medium
1959,F,17,none,middle,12,15.3,0.903,0,0,1,6.09,5.14,1.86,1,6,61.1,69.4,88.2,48.8,At-Risk,56.0,Medium
1960,F,19,bachelor,high,18,6.6,0.954,2,0,1,9.79,4.89,1.4,0,1,94.6,79.2,70.7,53.7,Engaged,61.1,Medium
1961,F,17,bachelor,middle,32,15.3,0.947,0,0,1,6.04,4.22,2.2,0,1,71.8,56.5,57.9,63.6,Engaged,57.4,Medium
1962,M,18,bachelor,high,33,16.1,1.0,1,0,1,6.05,2.02,4.0,0,3,77.2,56.6,60.2,54.5,Engaged,60.5,Medium
1963,F,17,phd,middle,25,14.1,0.982,0,0,1,7.55,2.9,1.8,1,3,49.0,56.8,95.4,77.1,At-Risk,73.1,Medium
1964,M,20,bachelor,middle,38,10.8,0.851,0,0,0,7.43,4.92,8.42,0,1,71.8,87.8,57.5,77.4,Engaged,79.1,High
1965,F,15,high_school,low,41,14.3,0.769,0,0,1,6.99,2.9,1.29,1,1,78.5,67.1,75.6,12.4,Neutral,52.2,Medium
1966,M,21,high_school,low,34,4.6,0.834,0,0,1,7.88,4.58,4.96,0,2,54.7,35.1,81.9,31.3,At-Risk,56.1,Medium
1967,F,22,master,high,14,11.2,0.827,1,0,1,7.2,2.4,3.29,0,1,25.9,73.6,91.1,11.9,Neutral,65.3,Medium
1968,F,19,phd,middle,29,11.8,0.911,0,1,1,9.38,5.1,2.42,2,2,67.2,53.7,54.4,54.5,At-Risk,49.3,Low
1969,M,19,none,middle,29,2.0,0.79,0,1,1,6.84,5.25,5.14,0,2,61.8,81.5,45.6,53.3,At-Risk,59.7,Medium
1970,F,20,high_school,middle,10,12.8,0.979,0,0,1,5.87,0.94,0.0,2,2,85.2,71.7,50.3,63.0,Engaged,62.3,Medium
1971,M,16,bachelor,low,0,2.5,0.721,0,0,1,6.24,4.33,3.05,0,4,56.9,84.3,79.7,76.9,At-Risk,76.4,High
1972,F,20,none,middle,0,7.4,0.697,1,0,1,7.47,1.16,0.77,0,1,54.4,80.7,99.9,59.1,At-Risk,68.6,Medium
1973,F,16,none,low,23,10.2,0.846,0,0,1,7.48,0.48,1.33,0,2,47.4,78.9,80.3,47.9,Neutral,72.8,Medium
1974,M,20,master,high,26,5.6,0.776,3,0,1,7.15,3.01,1.23,0,0,55.5,82.4,57.4,59.9,Neutral,59.2,Medium
1975,M,17,master,low,4,10.5,0.734,0,1,1,5.88,9.79,0.27,0,2,100.0,76.7,87.0,50.1,At-Risk,73.8,Medium
1976,M,20,master,low,38,10.4,0.796,0,0,1,8.23,5.75,0.0,0,3,41.2,49.5,60.5,30.5,At-Risk,46.3,Low
1977,M,21,bachelor,middle,24,5.1,0.784,0,0,1,9.22,6.98,2.98,1,2,45.0,41.4,54.7,79.2,Neutral,38.8,Low
1978,F,16,high_school,low,42,13.4,0.861,0,1,0,6.94,5.42,2.07,1,1,64.2,47.1,62.7,68.5,Engaged,67.0,Medium
1979,F,19,master,high,28,5.4,0.798,0,0,1,9.07,4.61,1.6,1,1,94.6,75.2,58.7,89.0,Neutral,75.4,High
1980,M,18,high_school,middle,6,23.7,0.806,1,0,1,7.94,5.99,3.72,0,0,76.1,22.0,56.8,35.3,Neutral,39.0,Low
1981,F,17,high_school,low,29,9.3,0.86,0,0,1,9.56,2.92,3.1,0,2,88.3,61.7,87.5,27.7,Engaged,52.1,Medium
1982,M,19,master,low,32,3.0,0.961,2,0,0,7.47,5.14,1.67,0,1,59.2,57.2,59.7,41.3,Neutral,48.0,Low
1983,F,22,bachelor,high,14,4.1,1.0,0,0,0,7.06,6.55,8.3,0,3,44.1,84.0,42.6,68.0,Engaged,69.3,Medium
1984,M,15,master,middle,0,16.9,0.875,0,0,1,7.91,5.6,4.24,1,1,58.3,59.9,77.4,77.2,Neutral,69.3,Medium
1985,F,22,high_school,high,24,7.5,0.883,0,0,1,6.38,6.69,7.09,1,0,63.1,55.4,52.7,65.7,Neutral,59.8,Medium
1986,F,21,master,low,7,1.8,0.842,0,0,1,7.39,4.57,1.37,0,2,65.2,85.7,53.2,62.9,At-Risk,63.3,Medium
1987,M,19,bachelor,high,39,15.1,0.908,0,1,1,8.5,7.58,2.7,0,2,61.8,60.3,79.2,77.1,Engaged,77.9,High
1988,F,19,bachelor,middle,16,7.5,0.899,2,0,0,7.88,3.78,0.0,0,5,73.9,57.4,56.4,50.8,Neutral,40.4,Low
1989,Other,17,master,middle,48,13.9,0.993,2,0,0,6.86,8.44,1.54,0,2,54.3,53.2,60.8,81.1,Engaged,60.6,Medium
1990,M,16,high_school,middle,0,15.6,0.671,0,0,1,7.14,5.35,1.03,0,2,51.1,67.1,68.7,99.7,Neutral,82.0,High
1991,M,19,bachelor,low,24,11.6,0.837,0,0,0,7.81,3.43,8.19,0,3,46.9,56.0,63.4,38.7,At-Risk,47.7,Low
1992,F,21,bachelor,high,43,24.4,0.894,0,1,1,7.77,1.84,0.82,0,1,68.1,56.1,61.1,54.9,Engaged,61.2,Medium
1993,M,16,bachelor,high,9,0.0,0.857,0,1,0,7.8,2.58,1.73,0,0,66.6,88.1,30.5,32.2,Neutral,60.2,Medium
1994,M,20,master,middle,20,5.1,0.766,0,1,1,7.31,2.28,0.0,0,0,81.4,62.9,65.2,40.7,Engaged,65.9,Medium
1995,M,20,bachelor,high,16,8.5,0.73,0,1,1,5.91,4.02,3.27,0,5,88.2,53.9,93.8,67.9,Neutral,74.7,Medium
1996,F,21,none,low,12,23.6,0.941,1,0,1,6.1,1.65,0.4,0,1,46.9,44.1,78.1,26.3,Engaged,54.5,Medium
1997,M,17,high_school,low,26,20.8,0.784,0,0,0,7.45,6.79,4.04,1,2,65.4,65.6,62.0,44.4,Engaged,58.3,Medium
1998,M,18,master,low,3,17.7,0.685,0,0,0,7.9,4.42,0.0,1,2,61.9,51.9,75.5,81.1,Neutral,66.0,Medium
1999,F,18,master,middle,20,5.2,0.946,2,1,1,7.74,4.34,1.96,1,2,41.9,55.4,78.0,64.5,At-Risk,71.4,Medium
2000,F,21,master,low,30,5.9,0.906,0,0,1,6.09,1.87,0.0,0,1,57.1,46.7,54.5,75.4,Engaged,58.6,Medium
2001,F,22,none,middle,19,5.0,0.848,0,0,1,6.72,2.66,1.22,0,2,88.5,65.5,88.1,34.1,Neutral,58.0,Medium
2002,M,18,high_school,low,7,5.3,0.769,3,1,1,5.49,0.0,1.63,1,2,55.5,38.5,70.6,61.4,At-Risk,44.4,Low
2003,F,22,bachelor,middle,37,19.0,0.849,0,0,1,5.23,7.44,1.0,1,0,53.0,69.4,63.0,97.7,Neutral,72.3,Medium
2004,F,19,bachelor,middle,33,8.5,0.982,0,1,1,7.0,1.36,1.2,0,1,64.2,52.2,93.4,46.8,Engaged,67.8,Medium
2005,M,18,none,middle,6,9.3,0.699,0,1,1,8.53,1.52,4.14,1,1,78.7,74.9,34.9,50.2,At-Risk,49.5,Low
2006,F,15,bachelor,low,3,14.6,0.704,1,1,0,7.02,7.03,6.55,0,2,60.4,70.7,49.2,71.6,Engaged,54.9,Medium
2007,F,19,high_school,middle,8,0.0,0.797,0,0,1,9.19,4.98,2.88,1,4,66.9,63.9,78.3,42.0,At-Risk,61.0,Medium
2008,M,20,bachelor,low,30,10.3,0.857,0,0,1,6.7,4.44,0.48,0,2,30.7,77.2,78.8,74.3,Neutral,70.1,Medium
2009,M,22,high_school,middle,26,3.4,0.81,0,1,1,6.94,4.88,2.33,0,1,73.6,90.0,94.3,24.1,At-Risk,76.1,High
2010,F,20,none,middle,34,8.2,0.924,0,0,1,5.71,6.11,1.49,1,1,68.3,84.8,31.9,11.5,Neutral,47.2,Low
2011,M,15,none,middle,17,6.5,0.969,0,0,1,6.48,4.4,3.98,0,2,78.3,38.4,81.7,66.3,Engaged,81.2,High
2012,M,19,master,low,8,6.2,0.888,0,1,1,5.47,1.11,2.78,0,3,37.0,51.1,48.1,40.4,Neutral,47.9,Low
2013,M,20,bachelor,middle,36,11.4,0.916,2,1,1,5.05,5.67,0.0,1,1,60.5,53.3,74.7,48.7,At-Risk,58.1,Medium
2014,M,18,master,high,14,11.3,0.887,0,1,0,5.49,5.04,4.4,0,2,79.5,73.5,67.0,77.5,Neutral,70.5,Medium
2015,M,18,bachelor,middle,25,8.7,0.861,1,0,1,7.0,6.54,4.13,1,0,56.6,52.6,81.6,72.5,Neutral,61.3,Medium
2016,F,21,high_school,high,0,12.2,0.731,2,0,1,6.02,1.7,5.19,0,2,65.8,51.9,64.2,35.5,At-Risk,43.9,Low
2017,M,19,high_school,high,13,4.8,0.757,2,1,1,6.3,2.74,1.17,0,3,58.9,48.8,84.2,70.4,At-Risk,60.7,Medium
2018,M,20,bachelor,low,37,14.1,0.725,1,0,1,7.39,4.98,2.8,0,2,59.2,67.4,54.8,54.0,At-Risk,47.9,Low
2019,F,18,high_school,middle,11,8.8,0.845,0,0,1,5.04,2.31,0.0,0,1,82.5,73.4,66.7,68.3,At-Risk,71.1,Medium
2020,M,17,bachelor,low,34,7.1,0.883,1,0,1,7.0,0.0,2.1,0,0,43.6,40.2,71.1,59.6,Neutral,52.7,Medium
2021,F,19,master,middle,0,5.2,0.715,0,1,1,7.92,4.59,2.99,0,0,64.2,52.7,94.8,29.9,Neutral,68.9,Medium
2022,M,22,master,low,14,8.6,0.867,0,0,1,8.02,5.99,0.93,0,2,68.8,27.9,81.3,45.7,Engaged,60.9,Medium
2023,M,19,high_school,high,19,21.2,0.772,0,0,1,7.52,3.94,2.88,0,1,79.1,18.9,71.3,11.8,Engaged,34.8,Low
2024,M,20,bachelor,middle,48,9.6,0.753,0,0,1,6.84,5.3,2.54,0,0,63.2,70.7,78.2,63.7,At-Risk,80.1,High
2025,M,15,high_school,low,4,3.1,0.797,0,0,1,6.15,5.01,1.3,0,3,79.5,67.7,85.4,67.9,At-Risk,74.6,Medium
2026,M,22,none,middle,32,15.5,0.748,1,0,1,6.8,4.22,4.99,0,0,64.2,65.1,74.0,45.9,Neutral,60.5,Medium
2027,F,16,bachelor,middle,38,7.2,0.921,0,0,1,8.88,4.47,1.73,0,1,66.8,90.6,51.6,57.7,Neutral,55.6,Medium
2028,M,22,bachelor,middle,11,11.7,0.843,0,0,1,7.23,6.9,2.47,0,1,66.2,31.8,78.1,40.5,Neutral,44.6,Low
2029,F,18,bachelor,high,16,6.4,0.942,0,0,1,6.77,2.27,0.0,1,3,74.8,24.6,67.5,85.1,At-Risk,70.0,Medium
2030,F,22,none,low,24,17.7,0.816,1,0,1,7.58,5.75,3.24,2,0,73.1,41.8,62.4,34.3,Neutral,53.8,Medium
2031,M,22,phd,middle,0,6.5,0.819,0,0,1,6.96,1.84,1.25,1,1,48.3,23.8,55.4,53.8,At-Risk,57.1,Medium
2032,F,21,phd,middle,15,18.4,1.0,0,1,1,7.17,2.61,4.11,0,1,68.3,51.0,77.3,34.0,Engaged,73.1,Medium
2033,M,22,bachelor,middle,41,3.7,0.698,1,0,1,6.6,6.59,0.0,0,2,73.1,72.5,76.2,64.7,At-Risk,74.9,Medium
2034,M,19,master,middle,30,8.2,0.988,1,0,1,6.4,1.78,3.06,0,0,86.9,67.3,52.7,80.8,Engaged,68.3,Medium
2035,M,21,high_school,low,20,18.4,1.0,0,0,1,8.1,3.72,0.0,0,1,49.9,80.5,50.3,18.5,Engaged,55.6,Medium
2036,F,16,bachelor,low,24,11.0,0.937,0,1,0,4.56,8.92,3.43,1,0,73.1,68.7,98.3,73.1,Engaged,80.6,High
2037,F,15,master,middle,31,23.6,0.827,0,1,1,7.47,6.25,1.85,2,1,59.8,54.7,81.8,92.6,Neutral,79.4,High
2038,M,19,master,high,34,8.4,1.0,2,0,0,6.33,2.73,3.0,0,0,67.9,52.5,69.4,62.6,At-Risk,65.7,Medium
2039,F,21,master,low,14,11.5,0.828,0,0,1,4.61,3.07,1.0,0,1,48.9,69.9,77.7,46.5,At-Risk,70.5,Medium
2040,F,21,bachelor,low,45,21.4,0.789,0,0,1,5.73,3.86,0.3,0,1,64.8,34.5,60.5,59.2,Engaged,53.7,Medium
2041,M,19,master,middle,42,0.9,0.821,0,1,1,6.86,6.82,1.33,0,4,69.8,4.8,65.2,49.1,Neutral,33.8,Low
2042,F,19,bachelor,high,32,0.2,0.803,0,1,0,7.02,2.2,2.58,0,0,50.4,69.0,68.3,99.3,Neutral,72.9,Medium
2043,F,19,high_school,middle,9,5.2,0.765,0,0,1,7.79,2.08,3.35,0,1,86.7,66.2,83.4,76.7,Engaged,78.3,High
2044,F,21,high_school,low,7,14.9,0.971,0,1,1,7.87,5.63,2.81,1,2,41.8,90.2,45.4,78.0,Engaged,68.3,Medium
2045,Other,21,bachelor,middle,17,0.3,0.783,0,0,1,5.04,0.84,0.33,0,1,73.1,74.5,51.7,100.0,At-Risk,77.5,High
2046,M,15,bachelor,middle,23,13.6,0.857,1,0,1,7.35,2.38,5.88,0,1,28.6,67.6,48.4,86.9,Neutral,57.7,Medium
2047,M,19,bachelor,middle,0,13.2,0.716,0,0,1,7.77,4.03,2.87,0,1,61.2,56.4,81.6,57.6,Engaged,74.3,Medium
2048,F,18,master,low,29,22.1,0.863,1,0,1,7.16,4.13,0.96,1,1,72.2,47.4,66.4,60.5,Engaged,51.5,Medium
2049,M,21,bachelor,low,41,16.3,0.744,0,0,1,7.5,1.47,3.05,0,2,75.7,57.0,53.3,100.0,Neutral,77.2,High
2050,M,19,high_school,low,31,12.2,0.742,0,0,1,4.58,4.91,2.71,0,3,63.4,79.2,64.5,45.2,At-Risk,51.0,Medium
2051,Other,22,high_school,middle,12,18.2,0.849,0,0,0,5.71,5.31,1.85,1,3,61.4,70.3,57.9,56.6,Neutral,62.7,Medium
2052,M,18,bachelor,middle,10,13.2,0.966,0,0,1,8.54,2.88,1.61,0,0,73.5,78.8,45.0,39.7,Engaged,51.4,Medium
2053,M,20,bachelor,low,26,7.2,0.904,1,1,1,6.56,7.52,4.17,0,2,79.3,63.9,88.2,23.6,Neutral,61.4,Medium
2054,F,15,bachelor,middle,20,3.1,0.911,0,0,1,9.57,4.88,5.66,0,2,85.7,45.8,65.6,42.4,Engaged,60.7,Medium
2055,M,22,bachelor,middle,29,6.6,0.847,2,1,1,5.37,2.19,0.0,1,5,45.6,82.9,88.5,42.8,At-Risk,70.2,Medium
2056,M,16,bachelor,low,31,9.8,0.826,0,0,0,8.78,7.44,4.66,0,1,62.0,81.3,44.8,47.5,At-Risk,52.6,Medium
2057,F,18,bachelor,middle,38,11.1,0.939,0,0,0,6.17,3.15,2.24,1,3,32.1,65.3,76.1,72.2,Neutral,66.1,Medium
2058,M,21,master,middle,5,0.0,0.804,0,1,1,7.93,4.56,2.67,0,0,44.5,72.0,44.9,59.8,At-Risk,53.3,Medium
2059,M,22,none,middle,25,8.7,0.943,0,1,1,6.55,3.23,4.9,0,2,54.4,71.0,100.0,80.2,Neutral,76.5,High
2060,M,18,bachelor,high,17,10.2,0.984,2,1,1,7.04,5.45,0.0,2,1,78.0,53.6,40.3,63.0,At-Risk,45.8,Low
2061,F,18,bachelor,high,21,13.3,0.776,0,0,1,7.61,3.24,3.83,1,1,57.8,57.3,96.7,63.6,Neutral,67.7,Medium
2062,M,15,none,low,35,19.8,0.791,0,0,1,6.16,3.36,4.76,0,1,60.7,45.6,67.7,54.2,Engaged,49.2,Low
2063,F,22,bachelor,low,37,11.1,0.805,1,0,1,7.86,3.88,0.82,0,3,69.5,57.3,65.1,98.9,At-Risk,68.1,Medium
2064,M,15,bachelor,low,43,4.5,0.713,0,1,0,6.58,3.2,0.0,1,5,54.9,80.6,77.4,51.5,At-Risk,66.4,Medium
2065,M,15,bachelor,low,28,0.0,0.813,0,1,1,7.11,6.34,5.48,0,3,35.1,77.1,53.0,78.3,At-Risk,69.4,Medium
2066,F,18,bachelor,middle,20,14.1,0.99,0,0,1,3.73,1.68,0.0,0,2,53.8,72.1,80.6,36.4,Engaged,60.3,Medium
2067,F,15,high_school,high,18,4.8,0.755,0,0,1,6.5,4.13,3.04,0,0,63.2,79.3,81.7,55.1,Neutral,69.0,Medium
2068,F,16,high_school,high,0,15.2,0.993,1,0,1,8.42,4.38,4.25,0,0,72.0,55.4,68.2,100.0,Engaged,73.2,Medium
2069,M,20,high_school,low,42,18.4,0.817,0,1,1,7.73,3.95,2.99,0,1,61.9,40.9,72.0,73.7,Engaged,72.6,Medium
2070,F,20,high_school,middle,17,0.7,1.0,0,0,1,7.96,6.14,3.33,0,2,71.8,59.2,98.9,32.0,Neutral,63.0,Medium
2071,F,17,bachelor,low,30,13.3,0.792,2,1,1,6.96,1.19,1.67,1,0,78.9,60.6,78.4,39.4,Neutral,49.1,Low
2072,M,21,master,middle,32,17.8,0.846,0,0,1,8.91,5.34,3.13,0,1,81.8,74.2,55.5,92.0,Engaged,71.1,Medium
2073,M,19,bachelor,low,3,16.1,0.769,0,1,1,7.25,1.71,0.78,0,1,67.6,71.2,80.0,61.8,Engaged,71.4,Medium
2074,F,16,high_school,high,8,0.0,0.791,3,1,1,6.11,3.18,1.04,0,0,47.9,80.2,59.4,54.5,At-Risk,50.9,Medium
2075,M,20,high_school,high,45,4.9,0.994,0,0,0,7.93,1.5,2.27,1,0,46.3,25.7,56.3,44.4,Neutral,45.8,Low
2076,F,19,high_school,low,26,2.3,0.907,0,1,0,8.01,3.54,0.0,0,2,47.7,47.6,76.2,53.7,At-Risk,59.4,Medium
2077,F,21,bachelor,middle,13,13.1,0.963,1,0,0,7.66,3.04,3.35,0,3,48.9,60.4,51.9,88.3,Neutral,63.4,Medium
2078,M,16,high_school,middle,20,12.5,0.728,0,0,1,6.42,7.48,0.0,2,3,66.5,70.6,68.7,46.0,At-Risk,59.9,Medium
2079,M,16,bachelor,middle,38,0.0,0.925,2,1,0,7.24,4.68,2.93,1,1,93.3,99.7,78.8,48.0,At-Risk,68.7,Medium
2080,M,17,bachelor,middle,36,8.2,0.763,0,0,1,8.57,5.08,3.11,2,2,68.2,44.4,98.6,72.0,At-Risk,73.5,Medium
2081,M,17,bachelor,low,0,14.8,0.726,0,0,1,7.47,1.98,0.61,0,1,63.7,49.2,78.2,39.2,Engaged,55.9,Medium
2082,M,22,high_school,middle,47,10.9,0.884,0,0,1,5.13,5.68,0.0,0,0,79.4,54.4,44.5,41.3,Engaged,48.8,Low
2083,F,20,high_school,low,36,10.9,0.883,0,1,1,6.15,7.48,1.38,2,0,52.6,48.6,47.0,60.1,At-Risk,54.2,Medium
2084,M,19,bachelor,middle,20,7.8,0.865,2,0,1,6.09,5.94,3.48,0,1,80.6,46.0,95.6,60.6,Engaged,64.6,Medium
2085,F,19,bachelor,low,4,3.6,0.932,0,0,1,5.99,1.58,2.89,0,4,79.5,62.8,57.9,43.8,Neutral,46.2,Low
2086,M,22,none,middle,38,9.9,0.947,0,0,1,4.37,3.27,0.0,0,2,65.9,79.7,43.7,69.5,Neutral,52.6,Medium
2087,M,18,master,middle,29,10.3,1.0,0,0,1,9.17,4.42,2.41,0,1,96.4,64.1,51.9,64.4,Engaged,69.2,Medium
2088,M,16,bachelor,low,0,13.7,0.741,0,0,1,5.85,3.05,2.72,0,3,81.7,46.5,80.7,20.5,At-Risk,51.7,Medium
2089,F,16,bachelor,middle,19,14.2,1.0,0,0,1,5.94,9.27,2.64,1,2,65.7,58.5,69.8,75.6,Engaged,65.3,Medium
2090,M,17,high_school,middle,69,10.5,1.0,0,1,1,4.57,3.24,0.23,0,1,62.8,43.3,78.4,48.6,Engaged,71.2,Medium
2091,M,20,high_school,low,22,16.6,0.823,0,0,1,7.94,4.11,2.51,0,0,58.5,79.7,67.5,76.1,Neutral,91.8,High
2092,F,18,high_school,middle,11,7.8,0.693,2,1,1,6.79,3.0,4.04,1,0,63.0,88.5,50.4,100.0,At-Risk,64.5,Medium
2093,F,18,high_school,middle,7,1.3,0.722,2,1,1,6.48,4.66,3.27,0,2,63.5,33.3,39.4,58.7,At-Risk,42.7,Low
2094,M,18,bachelor,middle,49,12.9,0.814,0,0,1,6.54,6.96,3.02,0,2,60.2,66.1,54.6,47.1,Engaged,59.9,Medium
2095,F,22,bachelor,middle,35,10.8,1.0,1,1,1,7.61,4.43,5.49,1,3,61.8,48.0,69.9,87.6,Neutral,59.3,Medium
2096,M,22,master,middle,43,13.0,0.862,0,0,1,6.32,3.76,2.54,0,1,47.1,63.1,49.1,43.2,Neutral,44.4,Low
2097,M,16,master,middle,26,2.4,0.798,0,0,1,4.51,2.05,0.52,1,0,56.5,60.5,83.7,97.8,At-Risk,86.3,High
2098,F,15,high_school,low,41,20.7,0.791,0,0,0,5.35,6.62,0.52,0,0,41.0,37.9,52.0,50.7,Neutral,50.5,Medium
2099,M,16,high_school,low,9,14.3,0.728,1,1,0,5.29,3.91,2.55,2,0,71.2,83.8,41.6,47.5,Neutral,51.0,Medium
2100,M,21,bachelor,low,24,8.3,0.947,0,0,1,7.23,3.83,0.0,1,2,66.2,59.3,68.0,100.0,Engaged,65.1,Medium
2101,F,18,phd,high,26,4.4,0.851,0,0,1,8.02,0.0,1.58,1,2,63.2,53.5,80.2,67.3,At-Risk,68.9,Medium
2102,M,21,master,high,43,16.5,1.0,0,0,1,8.66,3.95,3.13,0,1,78.3,64.1,91.9,92.4,Engaged,76.5,High
2103,F,20,none,middle,27,3.4,0.923,0,0,1,4.94,3.4,4.54,2,1,52.0,46.3,42.2,59.5,At-Risk,43.9,Low
2104,F,19,high_school,low,13,23.6,0.943,1,1,1,7.64,0.55,0.0,1,3,54.3,58.7,90.8,58.1,Neutral,63.9,Medium
2105,F,17,none,middle,23,6.3,0.836,0,0,1,6.16,6.18,2.4,0,1,42.8,28.9,71.0,1.5,At-Risk,37.9,Low
2106,F,17,master,middle,0,20.3,0.751,1,1,1,10.0,3.13,2.06,0,0,80.3,19.6,58.1,80.2,Engaged,50.7,Medium
2107,F,16,bachelor,middle,0,8.9,0.773,0,1,1,8.56,7.99,2.28,0,2,74.1,44.5,78.9,67.7,At-Risk,62.1,Medium
2108,Other,19,bachelor,low,34,19.5,0.723,0,0,0,8.94,7.03,2.48,1,1,84.9,52.4,89.7,57.8,Engaged,72.5,Medium
2109,M,17,bachelor,high,16,5.6,0.951,1,0,1,7.86,2.76,2.14,0,1,88.7,30.4,41.1,71.8,Engaged,50.5,Medium
2110,M,17,high_school,low,18,10.1,0.822,0,0,1,7.36,6.94,4.98,0,2,58.6,53.0,61.1,60.8,At-Risk,59.2,Medium
2111,F,15,bachelor,low,34,14.8,0.955,0,0,1,6.42,7.42,4.69,0,3,54.3,52.4,59.3,41.1,Neutral,55.4,Medium
2112,F,21,none,high,43,14.0,0.874,0,0,1,6.18,3.08,6.49,0,0,38.1,60.9,78.0,67.3,Neutral,65.1,Medium
2113,M,22,bachelor,middle,30,16.6,0.831,0,0,1,5.94,2.13,2.18,0,1,48.5,73.1,91.4,56.2,At-Risk,76.6,High
2114,F,18,bachelor,middle,51,7.1,0.743,0,1,0,7.64,0.0,1.38,0,2,60.1,92.8,69.2,74.8,At-Risk,80.9,High
2115,M,19,bachelor,middle,30,10.5,0.89,0,0,1,8.77,4.96,0.26,1,1,34.1,69.7,63.3,54.4,At-Risk,56.5,Medium
2116,F,22,high_school,high,27,17.5,0.838,1,0,1,6.47,2.25,1.16,0,0,48.8,44.3,75.1,50.6,Engaged,62.0,Medium
2117,M,19,master,low,26,5.8,0.95,1,0,1,6.03,5.02,3.63,0,1,63.8,74.0,64.2,49.1,Engaged,63.1,Medium
2118,M,19,bachelor,middle,3,13.4,0.788,0,1,1,5.12,3.06,3.94,1,1,78.4,87.2,33.3,42.3,Engaged,56.4,Medium
2119,M,18,high_school,low,36,8.7,0.922,0,0,1,7.19,2.64,3.55,0,2,54.2,41.8,76.3,49.5,Neutral,69.2,Medium
2120,M,19,high_school,low,0,11.2,1.0,0,0,0,8.38,3.08,0.87,1,1,66.9,42.8,83.8,68.6,Neutral,69.1,Medium
2121,M,19,bachelor,middle,13,10.5,0.887,1,0,1,8.44,1.6,0.88,0,2,93.0,36.4,85.2,45.0,Engaged,51.2,Medium
2122,M,20,high_school,middle,22,5.3,0.939,0,1,1,8.55,3.08,6.11,0,2,37.9,51.8,49.5,36.5,Neutral,52.4,Medium
2123,M,19,high_school,low,10,8.4,0.917,1,0,1,7.4,2.73,0.54,1,0,81.3,68.7,77.7,75.8,At-Risk,72.7,Medium
2124,M,19,high_school,middle,15,10.9,1.0,0,0,1,7.01,4.17,5.03,2,3,70.7,88.7,92.5,57.2,Neutral,69.7,Medium
2125,M,15,high_school,middle,50,9.4,0.897,0,0,0,8.44,4.41,3.01,0,2,84.0,78.1,100.0,75.4,At-Risk,72.0,Medium
2126,M,22,bachelor,middle,39,19.4,0.93,0,0,1,5.57,2.06,0.73,1,0,79.5,68.9,75.7,55.6,Engaged,68.1,Medium
2127,M,22,bachelor,middle,12,16.1,0.856,0,0,0,6.37,6.4,0.0,0,0,55.1,62.8,83.7,48.6,Neutral,73.8,Medium
2128,M,16,high_school,middle,15,11.7,0.783,0,0,0,8.95,3.88,0.82,0,0,65.0,69.0,52.1,25.1,Engaged,56.6,Medium
2129,M,17,bachelor,middle,3,5.4,0.739,0,0,1,5.61,7.2,3.04,0,3,43.1,70.1,50.0,37.4,At-Risk,52.3,Medium
2130,M,22,high_school,middle,33,5.1,0.987,1,0,0,6.86,4.68,0.38,2,0,57.2,85.5,83.8,42.5,At-Risk,77.8,High
2131,M,17,high_school,middle,18,21.8,0.759,0,0,1,7.66,4.34,5.31,1,1,65.4,61.6,35.4,65.6,Neutral,53.9,Medium
2132,F,21,high_school,middle,0,3.9,0.935,1,1,1,7.0,3.22,1.78,1,1,69.6,66.7,70.5,57.8,Neutral,65.2,Medium
2133,Other,21,bachelor,low,24,10.7,0.902,0,0,1,8.28,5.43,3.6,0,0,76.8,54.6,90.9,39.5,Neutral,67.6,Medium
2134,F,21,master,low,29,12.2,0.952,0,1,1,8.73,4.27,3.44,0,2,88.7,64.0,79.4,4.4,Engaged,51.2,Medium
2135,F,15,bachelor,low,36,8.1,0.809,0,1,1,7.48,5.92,5.44,1,1,58.5,57.4,79.3,69.3,Neutral,64.2,Medium
2136,F,18,none,middle,21,4.0,0.781,0,0,0,8.57,7.41,1.32,2,0,82.2,40.6,67.2,77.5,At-Risk,56.5,Medium
2137,M,19,high_school,high,16,5.3,0.898,0,0,1,5.79,2.75,2.41,0,2,69.0,77.7,61.4,79.3,Neutral,68.8,Medium
2138,F,21,high_school,middle,52,6.7,0.831,0,0,1,6.71,5.43,0.0,0,1,45.4,88.8,100.0,40.7,At-Risk,81.9,High
2139,F,16,master,middle,22,5.7,0.737,0,0,0,9.79,5.37,2.41,0,0,62.7,61.3,87.7,80.5,Engaged,68.9,Medium
2140,F,17,none,middle,33,18.0,1.0,2,1,1,9.23,5.12,4.48,0,1,66.7,68.0,81.5,71.3,Neutral,68.1,Medium
2141,F,16,master,middle,14,9.9,0.781,0,0,1,5.37,3.33,2.64,0,4,52.4,77.5,68.4,71.2,At-Risk,73.3,Medium
2142,M,21,bachelor,middle,32,6.9,0.761,0,0,0,6.88,3.37,6.83,0,3,49.4,59.4,58.7,47.8,Neutral,52.2,Medium
2143,F,22,bachelor,middle,0,10.6,0.836,1,0,1,7.06,3.03,3.24,1,0,48.9,65.4,85.3,57.3,Neutral,66.9,Medium
2144,F,16,master,middle,15,14.0,0.985,0,0,1,7.4,2.99,1.12,0,0,56.8,58.1,63.1,96.6,Engaged,73.2,Medium
2145,M,16,none,low,4,7.9,0.643,3,1,1,8.43,2.52,3.11,0,0,52.0,52.1,69.3,93.5,At-Risk,78.9,High
2146,F,17,bachelor,middle,13,15.4,0.977,0,0,0,9.11,3.99,0.0,0,3,83.5,71.4,77.9,59.0,Engaged,72.9,Medium
2147,M,22,high_school,middle,41,2.4,0.769,0,0,1,6.94,2.68,0.6,0,2,28.2,71.2,71.4,63.8,At-Risk,69.1,Medium
2148,Other,18,master,middle,13,17.0,0.886,0,0,1,8.25,5.07,0.0,0,2,66.7,78.6,92.8,16.1,Engaged,65.0,Medium
2149,F,17,bachelor,high,33,9.9,0.792,0,0,1,7.68,4.31,2.23,1,0,72.9,61.9,46.9,84.1,Engaged,66.3,Medium
2150,M,17,none,middle,45,9.7,1.0,0,1,1,6.87,4.54,2.08,0,2,50.6,40.4,69.1,74.9,At-Risk,78.8,High
2151,F,19,master,middle,22,5.8,0.872,0,0,1,4.86,3.65,4.61,1,1,61.5,81.9,100.0,66.9,At-Risk,79.8,High
2152,M,18,none,low,37,2.6,0.789,0,1,1,8.12,4.34,2.0,0,2,59.9,48.8,82.4,48.0,At-Risk,65.3,Medium
2153,F,16,high_school,middle,30,0.0,0.83,0,1,1,7.63,3.71,0.19,0,3,63.8,48.5,64.8,61.3,At-Risk,61.7,Medium
2154,F,21,bachelor,middle,24,5.4,0.869,0,0,0,7.37,5.76,5.32,0,1,74.9,52.4,80.8,89.3,Engaged,81.3,High
2155,F,18,bachelor,high,33,13.5,0.878,0,0,1,5.72,3.32,0.0,0,4,73.6,30.6,67.2,67.2,At-Risk,66.3,Medium
2156,F,17,master,middle,50,4.2,0.904,0,0,1,9.25,4.95,2.28,0,1,56.0,58.1,91.5,100.0,Neutral,81.1,High
2157,M,20,bachelor,low,12,0.7,0.86,0,0,1,7.08,1.59,2.64,0,0,42.4,73.1,81.1,76.2,At-Risk,80.8,High
2158,M,20,bachelor,middle,8,4.5,0.722,0,1,1,5.53,5.62,2.18,1,2,67.5,54.2,54.1,41.6,At-Risk,53.0,Medium
2159,M,16,high_school,high,7,7.7,0.826,0,0,1,5.34,3.08,3.2,1,2,55.1,86.1,71.8,51.8,Neutral,58.9,Medium
2160,M,15,high_school,middle,37,7.9,0.921,0,1,1,7.71,2.38,2.42,0,1,57.1,85.0,74.7,45.8,Neutral,78.2,High
2161,M,15,master,middle,39,9.2,0.793,0,0,1,7.75,1.92,3.2,1,2,68.4,78.0,75.5,77.2,Engaged,83.2,High
2162,M,21,high_school,middle,14,16.2,0.927,2,0,1,6.34,1.76,1.0,0,0,58.5,27.2,73.1,83.1,Engaged,66.5,Medium
2163,M,20,bachelor,middle,0,17.5,0.863,0,0,1,7.46,3.24,0.0,0,2,69.6,87.8,77.0,94.3,Engaged,80.0,High
2164,M,21,high_school,low,12,22.0,0.838,0,0,1,7.7,7.2,2.11,0,0,100.0,57.7,74.7,53.4,Neutral,56.8,Medium
2165,F,20,high_school,low,30,0.3,0.979,0,0,1,7.07,2.91,0.15,0,2,75.3,92.2,56.5,69.4,Neutral,75.3,High
2166,M,18,bachelor,middle,21,4.9,0.686,0,0,1,6.06,0.0,0.74,0,4,85.2,51.1,60.7,85.6,Engaged,56.1,Medium
2167,F,19,bachelor,high,25,14.2,0.792,0,0,0,8.05,4.93,4.52,0,2,72.7,59.5,63.9,91.0,Engaged,64.6,Medium
2168,M,20,bachelor,high,14,7.3,0.983,1,1,1,7.91,1.97,5.32,0,0,66.2,63.6,69.5,35.4,Engaged,62.4,Medium
2169,M,18,master,low,37,15.2,1.0,0,0,1,7.58,5.83,4.49,0,2,72.9,45.2,64.0,72.4,Engaged,67.8,Medium
2170,F,22,high_school,low,27,11.2,1.0,3,0,1,5.9,3.36,4.11,0,1,72.2,32.8,85.6,36.1,Engaged,48.5,Low
2171,M,22,bachelor,low,31,19.5,0.865,2,0,1,5.3,3.65,2.32,0,1,77.9,18.8,52.6,48.0,Engaged,38.9,Low
2172,M,21,none,middle,24,16.3,0.906,0,0,1,6.99,6.59,4.23,0,1,65.9,100.0,40.2,33.9,Engaged,56.6,Medium
2173,F,22,bachelor,middle,30,16.4,0.942,0,0,1,8.02,5.44,2.91,0,1,45.4,32.0,99.5,47.6,Engaged,60.0,Medium
2174,M,18,high_school,high,29,7.5,0.988,0,0,1,8.15,1.71,6.09,0,3,43.0,32.2,54.9,31.0,Engaged,41.2,Low
2175,M,15,bachelor,low,8,9.4,0.891,1,0,1,7.6,2.0,0.36,3,2,71.9,72.3,85.6,36.4,At-Risk,50.1,Medium
2176,F,18,high_school,middle,28,8.2,0.953,0,0,1,6.36,0.63,3.55,0,0,48.1,36.4,77.7,41.9,At-Risk,62.8,Medium
2177,M,20,master,middle,34,1.0,0.906,0,0,1,5.93,9.41,0.0,0,1,75.3,33.0,55.5,66.1,At-Risk,72.3,Medium
2178,F,21,master,low,39,18.8,0.912,0,0,1,6.88,2.47,3.56,2,2,85.1,10.3,65.9,60.7,Neutral,48.9,Low
2179,M,18,master,high,28,14.5,0.768,0,0,1,6.89,6.54,0.0,0,1,61.7,67.3,63.5,27.1,Neutral,61.0,Medium
2180,F,17,none,middle,8,7.9,0.827,0,0,1,8.23,3.14,0.0,0,1,83.2,42.7,73.7,100.0,Engaged,72.2,Medium
2181,F,18,phd,low,10,17.8,0.808,1,1,1,6.32,2.04,0.0,0,1,68.9,73.6,55.7,50.2,Engaged,52.5,Medium
2182,F,21,high_school,low,15,6.2,0.741,0,0,1,6.42,4.24,2.7,0,1,65.4,60.6,65.2,33.4,Neutral,67.9,Medium
2183,F,15,high_school,high,25,0.0,0.695,1,0,1,9.37,3.55,2.91,0,1,66.1,63.5,67.4,71.7,At-Risk,59.4,Medium
2184,M,17,high_school,middle,20,16.0,0.818,0,0,1,8.76,5.8,7.1,0,1,52.5,53.8,85.6,59.9,At-Risk,74.2,Medium
2185,F,16,high_school,middle,5,2.3,0.834,0,0,1,5.84,5.83,2.02,1,2,50.6,57.0,61.4,43.7,At-Risk,55.3,Medium
2186,M,21,bachelor,middle,5,8.8,0.871,0,1,1,8.66,3.02,3.75,1,2,40.3,45.9,52.4,67.8,At-Risk,65.8,Medium
2187,F,18,high_school,middle,0,11.2,0.916,0,1,1,5.55,1.32,2.52,0,1,54.0,47.6,59.3,46.6,Neutral,57.4,Medium
2188,F,15,high_school,middle,0,12.3,0.879,0,1,0,6.38,1.81,3.58,0,1,97.1,42.3,73.9,54.1,Engaged,56.5,Medium
2189,M,17,bachelor,high,20,15.1,0.834,0,0,0,6.52,0.0,2.49,0,4,42.6,89.3,39.7,89.3,At-Risk,63.4,Medium
2190,F,15,master,low,57,13.5,0.768,0,0,1,6.81,3.65,4.4,1,1,47.4,54.9,87.2,62.5,At-Risk,82.6,High
2191,M,18,bachelor,middle,49,13.3,0.948,1,0,1,7.64,4.18,0.09,0,1,52.9,21.2,68.3,72.3,Engaged,58.8,Medium
2192,F,22,bachelor,low,7,5.3,0.85,0,1,1,7.03,1.91,0.0,0,2,53.6,66.7,74.9,49.6,Neutral,80.3,High
2193,F,19,high_school,low,24,11.8,0.817,1,0,1,7.64,1.67,3.03,0,1,69.0,47.5,71.5,63.1,Neutral,58.3,Medium
2194,M,21,master,middle,0,1.0,0.841,0,0,1,6.42,4.17,0.0,0,3,55.8,61.2,57.3,44.6,At-Risk,58.4,Medium
2195,F,20,none,high,2,19.4,0.787,0,0,1,7.35,2.94,4.82,0,3,62.0,57.1,50.7,43.7,Neutral,42.3,Low
2196,F,22,high_school,low,4,1.6,0.807,1,1,1,6.99,3.77,1.1,0,4,52.3,88.8,56.8,51.8,At-Risk,62.4,Medium
2197,M,17,none,middle,19,7.9,0.804,1,0,1,5.23,3.47,0.12,0,2,57.9,55.1,43.9,46.1,Neutral,59.8,Medium
2198,F,22,bachelor,middle,19,2.1,0.831,1,0,1,7.48,4.7,7.6,0,0,64.1,76.7,73.6,80.8,At-Risk,70.3,Medium
2199,M,16,high_school,low,26,5.6,0.926,1,1,1,7.02,3.07,2.16,0,1,63.0,74.8,65.4,71.6,Engaged,67.7,Medium
2200,F,18,bachelor,middle,32,10.1,0.901,0,0,1,6.04,3.22,1.78,1,2,94.7,37.4,43.5,14.2,Engaged,39.6,Low
2201,M,20,high_school,high,17,6.8,1.0,3,1,1,6.39,0.44,3.7,0,0,64.6,65.4,58.1,94.5,Neutral,71.2,Medium
2202,F,17,bachelor,low,23,16.9,0.981,0,0,0,6.42,4.1,3.83,0,1,61.9,48.4,78.4,72.8,Engaged,81.6,High
2203,F,17,bachelor,low,6,11.4,1.0,0,1,1,6.61,4.38,4.48,0,2,27.5,40.2,88.7,82.9,Engaged,75.5,High
2204,M,16,none,high,2,7.2,0.916,0,1,1,9.01,3.84,0.0,0,4,68.6,40.3,47.5,56.6,Neutral,52.3,Medium
2205,M,15,high_school,low,0,9.2,0.914,0,0,0,9.41,8.02,3.27,0,1,35.4,76.8,100.0,30.1,At-Risk,73.3,Medium
2206,F,19,bachelor,low,32,17.3,0.811,0,1,1,3.63,4.53,1.61,1,3,73.3,100.0,52.6,33.5,Neutral,53.9,Medium
2207,F,22,bachelor,high,17,15.5,0.943,0,0,1,7.49,3.89,0.36,0,1,67.1,47.5,40.7,94.1,Engaged,55.0,Medium
2208,M,16,none,high,0,3.2,0.794,0,0,1,8.05,5.2,2.3,1,2,77.0,65.9,96.1,27.5,At-Risk,54.8,Medium
2209,M,18,bachelor,middle,21,5.9,0.713,1,0,1,6.64,8.43,0.0,0,3,55.5,67.6,51.3,31.1,At-Risk,26.0,Low
2210,M,22,high_school,middle,3,12.8,1.0,0,0,1,8.01,4.71,4.05,0,4,65.4,52.5,92.4,51.3,Engaged,66.3,Medium
2211,Other,21,none,high,47,12.1,0.735,0,0,1,8.89,0.0,1.62,0,0,75.1,87.3,57.4,32.3,Engaged,51.2,Medium
2212,M,15,high_school,middle,13,3.7,0.904,0,0,0,5.25,5.06,1.24,0,1,51.1,100.0,63.3,70.7,Engaged,73.2,Medium
2213,F,19,bachelor,middle,32,14.5,0.772,1,1,1,7.06,2.44,1.92,1,1,74.2,51.2,47.1,72.2,Neutral,63.1,Medium
2214,F,16,high_school,middle,38,4.7,0.973,1,1,1,9.25,0.36,1.86,0,3,73.5,93.2,88.4,68.3,Engaged,76.3,High
2215,F,16,bachelor,middle,8,17.8,0.986,0,0,1,5.41,7.6,4.48,1,1,63.0,52.2,86.2,47.7,Neutral,69.3,Medium
2216,M,16,high_school,middle,23,13.2,0.913,1,0,1,6.76,7.16,0.01,0,1,88.7,44.5,57.4,65.8,Engaged,47.1,Low
2217,M,19,bachelor,middle,30,3.2,0.985,0,0,0,6.36,2.39,1.44,1,2,72.7,59.5,66.8,95.7,At-Risk,69.5,Medium
2218,F,16,high_school,middle,24,6.8,0.861,1,0,1,8.16,2.4,1.77,1,1,39.9,77.6,78.6,31.3,At-Risk,70.7,Medium
2219,F,17,bachelor,middle,27,6.7,1.0,0,1,1,8.33,4.52,0.07,0,0,79.8,60.1,60.5,82.3,Engaged,71.3,Medium
2220,M,16,bachelor,middle,2,11.0,0.935,0,1,1,7.09,2.43,2.52,1,1,55.1,75.3,89.8,76.2,Neutral,91.0,High
2221,M,17,high_school,middle,30,8.8,0.77,0,0,1,6.94,3.93,0.75,1,2,77.0,66.1,66.3,57.9,At-Risk,75.7,High
2222,M,20,none,middle,15,3.1,0.867,0,0,1,4.84,2.77,0.0,0,1,69.4,86.4,59.7,63.3,At-Risk,66.6,Medium
2223,M,18,bachelor,middle,27,1.6,0.845,0,0,1,8.61,3.4,3.25,3,1,25.4,71.6,42.7,67.1,At-Risk,52.8,Medium
2224,M,17,phd,low,36,13.3,0.835,0,0,1,6.48,1.39,5.29,0,2,74.1,89.5,47.3,40.5,Neutral,44.5,Low
2225,F,19,master,low,32,11.7,0.694,0,0,1,6.73,5.85,2.3,0,0,61.7,46.6,77.4,27.4,Engaged,55.7,Medium
2226,M,19,high_school,low,27,10.6,0.899,0,0,0,8.07,6.61,1.99,0,4,58.1,58.3,71.8,78.1,Neutral,70.4,Medium
2227,F,15,bachelor,middle,32,11.6,0.721,0,0,1,7.14,4.0,1.95,2,2,58.7,62.0,81.1,35.1,At-Risk,61.8,Medium
2228,M,22,high_school,middle,32,6.3,0.607,0,0,1,8.1,4.13,1.17,0,0,76.8,46.6,59.0,38.1,Neutral,58.1,Medium
2229,M,22,high_school,low,44,11.1,0.826,1,1,1,7.62,5.46,4.54,1,2,51.2,43.9,41.7,49.7,At-Risk,39.9,Low
2230,F,19,bachelor,middle,21,25.2,0.784,0,1,1,7.14,4.2,2.39,0,1,81.7,68.9,60.1,65.7,Engaged,79.0,High
2231,M,19,bachelor,low,24,17.0,0.774,0,0,1,7.27,7.66,0.0,0,2,42.2,74.0,100.0,50.0,Neutral,72.5,Medium
2232,F,20,bachelor,low,36,8.3,0.55,2,0,1,5.55,1.57,4.6,0,1,69.4,64.0,52.6,45.5,At-Risk,49.7,Low
2233,M,18,master,middle,15,6.9,0.775,0,1,0,6.72,5.92,4.11,1,3,76.6,81.1,67.4,79.1,Neutral,73.7,Medium
2234,F,17,high_school,middle,2,0.0,0.843,0,0,1,8.2,3.97,3.4,0,4,76.2,42.1,29.4,53.3,Neutral,36.6,Low
2235,F,17,bachelor,middle,29,16.4,0.797,0,1,1,5.82,1.96,0.0,1,1,67.8,55.0,59.7,44.0,Engaged,49.4,Low
2236,F,16,high_school,middle,19,14.7,0.899,2,0,1,6.04,8.69,2.19,2,0,61.9,40.8,61.4,67.9,At-Risk,54.9,Medium
2237,M,21,none,high,4,6.7,0.999,0,1,1,5.84,8.97,3.99,1,1,56.8,64.5,73.3,61.2,Engaged,65.1,Medium
2238,M,17,high_school,low,30,1.4,0.912,0,0,1,7.08,3.78,2.96,0,0,46.7,70.8,62.9,60.6,At-Risk,65.7,Medium
2239,M,17,master,middle,43,3.1,0.963,0,1,1,8.58,5.09,2.61,0,1,54.7,86.2,43.7,68.9,Neutral,66.7,Medium
2240,F,22,bachelor,middle,0,12.7,0.971,1,0,1,7.56,3.26,3.99,0,3,50.6,40.8,57.4,57.3,At-Risk,49.5,Low
2241,M,19,high_school,low,37,9.5,0.758,0,1,1,4.29,3.58,2.48,0,1,48.1,68.7,64.7,76.9,At-Risk,61.7,Medium
2242,M,19,bachelor,high,0,14.1,0.904,2,0,1,7.68,1.94,4.61,1,1,92.1,87.9,52.1,31.4,Engaged,32.5,Low
2243,M,16,master,middle,16,10.5,0.96,0,0,0,6.37,1.64,2.52,0,1,39.2,44.0,54.4,84.8,Neutral,69.1,Medium
2244,M,17,master,high,50,15.8,0.816,0,1,1,7.51,7.89,2.36,2,1,81.9,39.7,84.1,41.7,At-Risk,66.4,Medium
2245,M,20,bachelor,middle,17,12.2,0.781,0,0,1,6.72,4.12,3.98,1,1,46.5,35.5,58.0,27.3,Neutral,27.6,Low
2246,M,18,high_school,middle,23,15.0,0.913,2,0,1,5.87,4.3,1.4,0,2,49.7,73.2,75.0,44.2,At-Risk,62.4,Medium
2247,M,16,bachelor,low,33,0.0,0.712,0,0,1,6.81,2.58,0.01,2,0,49.4,48.9,65.2,53.0,At-Risk,57.0,Medium
2248,F,21,master,high,0,2.6,0.751,0,1,1,6.37,4.58,2.21,0,0,48.3,70.6,48.3,45.3,At-Risk,50.7,Medium
2249,M,18,master,middle,23,7.8,0.793,0,1,1,7.27,1.19,3.38,0,3,78.8,58.1,62.7,40.7,Engaged,62.0,Medium
2250,M,20,master,low,23,16.5,0.905,0,0,1,5.84,2.65,4.05,0,0,73.8,94.4,72.7,80.2,Engaged,89.0,High
2251,F,17,bachelor,low,50,21.3,0.882,0,1,1,5.55,1.8,4.06,0,3,61.5,76.2,95.8,42.6,Engaged,80.5,High
2252,F,19,high_school,middle,3,9.0,0.963,0,1,1,7.78,6.79,2.06,0,2,100.0,47.5,55.6,14.8,Engaged,56.9,Medium
2253,M,21,bachelor,low,16,6.3,0.768,0,0,1,8.23,0.9,1.86,0,0,64.7,56.6,66.6,53.0,Engaged,67.0,Medium
2254,F,22,high_school,middle,8,0.0,0.762,0,0,1,7.6,1.84,1.02,0,2,65.9,76.2,82.5,100.0,At-Risk,78.6,High
2255,F,16,none,middle,6,15.2,0.912,0,0,0,6.12,0.1,2.7,0,1,54.7,42.8,88.2,38.7,Engaged,61.4,Medium
2256,F,20,bachelor,low,39,6.7,0.78,0,0,1,6.01,2.42,0.0,0,1,52.9,83.3,57.6,42.0,At-Risk,62.7,Medium
2257,F,22,bachelor,middle,22,27.8,0.8,1,0,1,6.08,3.28,2.25,0,1,57.0,57.5,65.5,51.9,Engaged,66.5,Medium
2258,F,20,master,low,14,5.6,0.674,0,0,1,7.97,6.16,7.9,0,2,77.8,76.6,85.8,90.9,At-Risk,79.7,High
2259,M,16,bachelor,high,14,22.6,0.889,0,1,1,5.91,3.76,0.0,0,0,73.6,58.5,76.2,52.8,Engaged,65.2,Medium
2260,M,16,master,high,14,14.5,1.0,0,0,1,7.96,3.38,2.51,0,1,84.4,52.6,84.5,39.5,Engaged,53.7,Medium
2261,F,16,bachelor,low,15,3.8,0.757,0,0,1,7.66,4.8,2.96,1,0,54.2,49.6,86.7,67.3,Neutral,74.5,Medium
2262,Other,15,bachelor,middle,3,11.4,0.962,0,0,1,8.39,3.31,3.21,1,1,73.8,93.2,76.9,65.8,Neutral,78.6,High
2263,M,21,none,middle,18,14.6,0.854,0,0,1,8.18,9.02,0.27,0,2,69.6,56.7,70.3,69.7,Engaged,61.0,Medium
2264,M,22,bachelor,high,17,8.6,0.683,2,1,1,7.55,3.02,3.23,0,1,71.5,100.0,57.3,38.8,At-Risk,65.1,Medium
2265,F,19,high_school,middle,11,15.0,0.771,0,0,1,5.14,5.03,1.13,0,1,52.0,64.7,64.1,48.7,Neutral,57.9,Medium
2266,M,19,none,middle,24,14.9,0.764,0,1,0,7.63,5.85,0.0,0,3,49.4,46.7,65.2,82.5,Neutral,58.9,Medium
2267,F,21,high_school,high,26,13.6,0.828,0,0,1,7.04,2.96,4.1,0,1,73.1,33.5,87.2,68.2,Neutral,74.6,Medium
2268,F,18,master,low,14,9.9,0.902,0,0,1,6.45,4.53,3.53,0,0,78.1,84.2,70.8,76.2,Engaged,65.3,Medium
2269,F,18,bachelor,middle,20,3.0,1.0,0,0,1,8.53,3.2,0.27,1,2,55.7,58.5,71.0,58.9,At-Risk,64.8,Medium
2270,F,19,master,low,54,9.5,0.717,1,0,1,6.72,4.75,1.11,0,1,74.1,76.8,52.1,81.1,Neutral,64.8,Medium
2271,F,17,phd,middle,54,11.1,0.812,1,0,1,6.26,4.4,1.04,0,2,83.0,100.0,87.3,65.9,At-Risk,69.1,Medium
2272,F,15,master,middle,6,0.0,0.77,0,0,1,8.25,3.92,0.0,0,1,59.6,74.0,55.7,49.5,At-Risk,61.5,Medium
2273,F,19,high_school,high,8,11.0,0.733,0,0,1,6.41,1.89,3.72,1,1,43.4,68.1,63.4,74.9,Engaged,62.7,Medium
2274,F,21,master,middle,6,9.4,0.87,0,0,1,6.2,7.93,3.8,0,3,45.3,84.1,89.0,42.5,At-Risk,80.7,High
2275,F,15,master,low,38,2.2,0.86,0,0,1,5.55,5.37,1.53,0,3,54.9,76.5,82.2,90.9,At-Risk,86.8,High
2276,M,16,master,middle,16,8.0,0.679,0,0,1,5.92,1.02,2.14,0,0,58.3,39.3,54.4,80.2,At-Risk,61.0,Medium
2277,F,17,high_school,middle,26,8.1,0.862,1,0,0,6.02,3.36,2.43,1,1,64.5,86.0,50.7,54.1,At-Risk,44.4,Low
2278,M,21,high_school,middle,52,21.6,0.739,0,0,1,7.65,1.06,2.69,0,3,64.8,61.2,64.7,56.3,Engaged,55.9,Medium
2279,F,19,master,middle,22,11.3,0.861,0,1,1,5.68,5.72,0.0,0,0,60.9,89.7,58.8,62.6,Engaged,69.6,Medium
2280,F,19,high_school,low,33,16.2,0.987,0,1,1,4.67,4.16,3.18,0,2,75.2,71.1,44.5,56.5,Engaged,68.4,Medium
2281,M,20,high_school,middle,30,9.3,0.906,0,0,1,7.26,4.21,0.0,0,0,53.6,83.4,55.9,86.4,Neutral,76.5,High
2282,M,17,bachelor,low,13,0.0,0.878,2,0,1,6.14,2.52,3.56,0,1,84.0,58.0,24.0,49.2,Neutral,42.3,Low
2283,M,20,high_school,low,38,14.0,0.807,1,0,1,6.88,3.57,0.07,0,1,79.1,34.7,82.5,29.9,At-Risk,57.2,Medium
2284,F,15,none,high,9,6.1,0.867,1,0,1,8.44,5.77,0.0,0,0,78.0,72.1,81.5,54.8,Neutral,78.9,High
2285,M,15,phd,middle,42,8.0,0.916,1,1,1,6.99,6.31,2.14,1,2,55.1,79.6,90.6,75.1,Engaged,89.4,High
2286,M,21,master,low,13,3.7,0.906,0,1,1,8.71,5.89,2.1,1,1,63.3,52.0,73.7,80.3,At-Risk,76.0,High
2287,F,20,master,low,15,10.4,0.85,0,0,1,6.82,1.1,2.41,0,1,75.8,58.3,60.8,62.3,Engaged,60.4,Medium
2288,F,16,high_school,high,6,16.4,0.882,0,0,1,8.11,3.83,0.41,1,1,62.0,22.1,84.4,47.3,Neutral,58.5,Medium
2289,M,18,high_school,low,8,15.6,0.728,0,0,0,6.24,4.71,2.61,0,2,54.5,59.2,56.8,59.1,Neutral,57.5,Medium
2290,M,15,high_school,low,16,19.5,0.787,0,0,1,7.03,2.73,2.79,0,2,53.9,39.5,46.8,46.9,Neutral,50.9,Medium
2291,F,20,bachelor,low,0,20.4,0.931,0,0,0,5.78,0.88,4.53,0,2,54.6,71.3,65.6,13.9,Engaged,48.9,Low
2292,F,21,none,low,19,0.0,0.944,1,0,1,5.92,1.63,2.57,0,1,47.6,68.0,74.6,43.0,At-Risk,67.4,Medium
2293,F,17,bachelor,low,14,2.8,0.869,0,0,1,6.63,7.2,1.0,0,2,100.0,62.3,55.0,70.2,Neutral,62.9,Medium
2294,M,17,phd,high,34,0.0,1.0,1,0,1,5.31,1.82,0.0,0,1,35.7,85.8,51.2,54.6,At-Risk,64.6,Medium
2295,M,16,bachelor,low,28,13.8,0.911,2,0,1,7.09,4.3,0.0,0,0,50.3,66.3,61.3,53.8,Neutral,51.1,Medium
2296,M,18,high_school,middle,11,5.8,0.837,2,0,1,6.54,3.89,2.85,0,1,73.9,65.5,74.6,82.1,At-Risk,67.8,Medium
2297,F,17,high_school,middle,15,7.1,0.738,0,0,1,7.18,3.89,3.79,0,1,54.8,67.8,65.7,40.7,At-Risk,61.2,Medium
2298,M,16,none,middle,18,8.7,1.0,0,0,1,5.32,3.56,0.42,1,1,59.7,51.5,100.0,42.7,Engaged,67.4,Medium
2299,M,18,high_school,middle,44,12.3,0.937,0,0,1,7.74,5.78,2.71,0,1,70.9,79.8,65.8,66.6,Engaged,57.2,Medium
2300,F,21,bachelor,middle,10,1.1,1.0,0,0,0,8.94,4.27,1.85,0,2,80.5,45.5,80.0,45.8,At-Risk,53.7,Medium
2301,F,21,high_school,middle,11,2.4,1.0,0,1,0,8.68,2.95,3.64,1,2,60.9,69.6,44.8,45.7,Engaged,58.6,Medium
2302,F,17,bachelor,middle,5,10.0,0.731,1,0,1,9.18,4.3,3.93,2,0,78.8,83.9,77.4,91.0,Neutral,86.8,High
2303,M,22,master,middle,0,17.2,0.732,0,0,1,6.95,1.64,0.0,1,0,39.5,43.5,60.6,38.6,At-Risk,48.4,Low
2304,F,16,high_school,middle,27,9.8,0.574,0,0,1,6.48,5.15,4.26,0,1,55.9,37.8,67.9,45.4,At-Risk,48.6,Low
2305,M,22,none,middle,25,5.3,0.952,2,0,0,7.49,2.84,2.7,2,1,72.4,43.2,95.0,68.8,At-Risk,72.1,Medium
2306,M,17,none,low,41,0.0,0.926,0,0,1,6.61,2.95,1.14,1,0,94.6,94.7,62.0,59.0,Engaged,71.2,Medium
2307,F,19,high_school,middle,38,15.7,0.87,2,1,1,4.81,5.23,1.19,2,3,50.5,51.0,47.1,32.5,At-Risk,44.7,Low
2308,M,16,bachelor,middle,58,5.6,0.737,0,1,1,7.88,3.39,2.26,0,1,47.9,40.4,49.6,95.7,Engaged,63.8,Medium
2309,F,21,master,low,21,3.1,0.851,0,0,0,6.62,3.5,1.19,0,2,70.1,68.6,70.8,44.1,Engaged,59.2,Medium
2310,F,17,master,high,18,0.0,0.878,0,0,1,5.14,6.54,0.33,1,1,65.8,13.0,69.9,55.1,At-Risk,55.8,Medium
2311,Other,21,bachelor,low,2,1.4,0.938,0,1,1,6.29,2.25,0.78,1,0,54.2,44.8,69.2,68.7,Engaged,71.2,Medium
2312,M,15,high_school,low,32,4.2,0.887,0,0,1,6.65,5.2,0.12,0,0,46.7,87.5,47.4,100.0,Neutral,75.4,High
2313,M,19,high_school,high,24,8.6,0.926,1,0,1,6.91,6.1,4.89,0,2,57.3,44.8,100.0,51.8,Neutral,59.8,Medium
2314,M,16,high_school,low,32,2.7,0.848,2,1,1,6.93,6.53,2.31,0,0,72.8,57.3,91.4,41.6,Neutral,55.3,Medium
2315,M,22,high_school,middle,5,11.1,0.978,0,0,1,8.54,8.55,6.71,0,0,60.0,67.3,70.1,70.0,Engaged,62.9,Medium
2316,M,18,master,middle,27,8.5,0.923,0,0,1,5.35,2.92,2.94,0,3,82.6,67.3,43.7,100.0,Neutral,64.6,Medium
2317,M,20,bachelor,high,25,23.3,0.741,0,0,1,6.72,2.46,3.38,1,3,63.0,52.4,93.4,62.7,Engaged,69.7,Medium
2318,F,22,high_school,middle,24,0.0,0.999,0,0,1,5.85,5.83,0.08,0,3,74.0,71.8,86.2,54.3,Neutral,61.4,Medium
2319,F,19,high_school,middle,12,11.0,0.983,0,1,0,8.41,6.08,1.76,0,3,69.2,88.0,69.6,67.8,Engaged,66.9,Medium
2320,F,15,high_school,middle,40,11.0,0.907,0,0,1,6.23,2.62,2.35,0,1,58.9,42.9,87.2,18.5,Neutral,57.1,Medium
2321,M,16,master,middle,53,3.8,0.888,0,0,1,6.49,5.17,0.93,0,3,77.5,53.3,60.1,47.7,At-Risk,64.0,Medium
2322,M,16,none,high,5,10.6,1.0,0,0,1,8.16,9.65,1.27,1,2,46.7,60.1,52.6,23.5,Engaged,53.8,Medium
2323,M,22,none,middle,33,14.6,0.697,0,0,1,8.49,4.41,3.04,0,2,56.7,74.6,70.5,52.8,At-Risk,53.1,Medium
2324,M,22,high_school,middle,0,10.6,0.984,1,0,1,8.67,6.05,3.08,0,1,58.8,62.6,43.2,49.7,Engaged,54.4,Medium
2325,M,18,master,high,32,18.3,0.812,0,0,1,4.93,7.35,0.0,0,2,70.7,59.7,50.2,7.2,Engaged,46.5,Low
2326,Other,22,bachelor,middle,0,0.0,0.97,0,0,1,7.48,9.21,2.77,0,0,74.5,34.1,76.7,63.6,Engaged,61.2,Medium
2327,M,16,bachelor,low,14,4.9,0.872,0,0,1,7.22,4.69,3.31,0,3,52.8,41.6,71.8,72.4,At-Risk,61.5,Medium
2328,M,20,high_school,low,2,18.9,0.736,0,1,1,6.84,6.71,1.02,0,2,50.7,65.5,45.9,56.1,At-Risk,59.6,Medium
2329,F,18,none,middle,19,15.5,0.81,1,0,1,6.98,2.62,0.82,1,0,66.2,52.8,61.5,29.4,Engaged,50.9,Medium
2330,F,16,master,low,35,13.2,0.962,0,1,1,8.44,4.25,3.08,0,2,41.9,55.8,46.6,85.3,Engaged,68.7,Medium
2331,F,17,high_school,middle,0,17.4,0.839,1,0,1,8.15,3.31,0.0,0,2,80.1,60.9,60.2,97.9,Neutral,73.9,Medium
2332,M,18,none,middle,17,0.0,0.798,0,0,1,7.98,0.43,2.2,1,0,61.6,100.0,58.4,68.0,At-Risk,73.9,Medium
2333,F,17,bachelor,middle,14,14.8,0.797,0,1,1,7.15,0.99,5.47,0,1,47.5,53.0,83.9,52.9,Neutral,64.7,Medium
2334,M,16,none,low,46,16.4,0.924,0,1,1,9.62,5.06,0.0,0,0,47.2,87.0,65.5,53.2,Engaged,70.2,Medium
2335,M,17,none,middle,28,6.0,1.0,0,0,0,6.42,5.1,3.85,0,2,69.7,85.6,64.1,68.7,Engaged,67.8,Medium
2336,F,16,master,middle,4,25.8,0.646,0,0,0,4.96,2.12,3.29,0,0,69.3,76.5,61.7,61.8,Neutral,63.0,Medium
2337,F,22,bachelor,low,15,11.2,1.0,0,1,0,6.58,7.31,0.0,0,4,53.5,46.7,40.5,68.7,At-Risk,58.8,Medium
2338,M,18,high_school,middle,45,0.0,0.88,0,0,0,6.97,1.98,3.24,0,2,63.3,64.5,66.4,69.0,Neutral,62.2,Medium
2339,F,15,high_school,middle,33,12.3,0.918,0,0,1,8.46,4.71,4.2,0,3,48.1,55.0,75.7,45.2,Neutral,66.4,Medium
2340,M,19,bachelor,middle,8,5.7,0.816,0,0,1,6.29,3.37,0.0,1,2,61.1,98.3,71.7,43.5,At-Risk,61.8,Medium
2341,M,22,none,middle,18,17.0,0.86,0,1,1,7.49,4.41,0.79,0,2,87.1,69.4,79.1,54.4,Engaged,72.2,Medium
2342,M,17,high_school,low,18,13.3,0.879,0,0,1,5.13,6.0,2.25,0,3,97.0,58.2,79.9,69.4,At-Risk,74.1,Medium
2343,F,21,bachelor,high,14,6.4,0.755,2,0,0,8.2,5.71,4.16,0,2,61.8,94.1,100.0,28.8,Neutral,70.4,Medium
2344,M,19,bachelor,middle,0,19.0,0.779,0,1,1,6.98,5.62,1.12,0,3,71.5,55.7,49.9,55.4,Neutral,44.7,Low
2345,F,20,phd,low,12,15.6,0.978,0,0,1,6.56,5.36,2.12,1,2,70.9,71.9,71.8,59.3,Engaged,68.3,Medium
2346,M,17,high_school,middle,43,5.0,0.705,0,1,1,9.46,1.65,0.87,0,1,39.2,74.6,73.5,50.3,At-Risk,64.1,Medium
2347,F,15,none,middle,16,9.1,0.904,0,0,1,8.18,6.47,2.25,0,2,47.8,68.3,62.9,88.1,Engaged,64.6,Medium
2348,F,17,bachelor,middle,20,13.1,0.823,0,0,1,5.65,2.08,4.29,0,2,30.3,60.1,57.9,84.6,Engaged,68.2,Medium
2349,M,22,bachelor,middle,24,7.8,0.764,0,0,1,6.77,3.99,2.41,0,3,71.7,77.1,76.0,68.3,At-Risk,63.5,Medium
2350,M,21,high_school,middle,55,8.0,1.0,3,0,0,10.0,3.5,1.49,1,3,94.2,50.7,74.4,95.4,Neutral,67.1,Medium
2351,M,21,bachelor,middle,22,10.2,0.765,1,0,0,9.27,4.9,2.13,1,1,81.0,82.0,51.2,77.6,At-Risk,73.4,Medium
2352,F,22,high_school,low,38,3.6,0.747,0,1,1,8.01,3.23,0.6,2,2,65.7,56.9,39.2,62.7,Neutral,54.6,Medium
2353,M,17,master,low,13,0.0,0.841,2,0,0,4.68,3.88,0.21,0,0,63.6,86.1,60.1,50.5,At-Risk,59.7,Medium
2354,F,17,master,high,18,11.4,0.783,0,0,1,8.5,7.44,4.61,1,1,59.7,80.8,57.2,52.1,Neutral,60.5,Medium
2355,M,22,high_school,middle,22,0.0,0.861,3,0,0,6.14,1.61,5.48,0,1,80.9,71.9,77.6,67.6,At-Risk,71.0,Medium
2356,F,19,master,middle,10,4.0,0.876,0,0,1,8.49,4.2,0.0,0,1,68.2,60.4,53.2,52.6,Neutral,55.4,Medium
2357,F,17,phd,low,19,0.0,0.883,3,0,1,6.03,1.97,3.36,0,2,65.9,81.8,65.2,29.7,At-Risk,48.7,Low
2358,F,17,high_school,middle,35,0.1,0.848,0,0,1,7.49,5.55,3.92,2,4,48.5,72.3,40.7,52.4,At-Risk,44.5,Low
2359,Other,22,high_school,low,10,12.6,0.79,0,0,1,6.13,2.75,0.0,0,3,74.0,4.1,43.2,80.6,Engaged,39.9,Low
2360,M,15,bachelor,low,22,8.7,0.924,2,0,1,6.46,4.28,1.26,1,1,62.8,47.3,55.7,8.5,At-Risk,41.3,Low
2361,F,15,none,low,33,8.4,0.849,0,0,1,7.65,1.55,1.05,0,2,71.0,65.0,64.0,88.1,Engaged,68.7,Medium
2362,M,20,high_school,middle,10,2.1,0.81,0,0,1,5.32,6.78,6.0,2,2,80.0,67.0,54.9,71.5,At-Risk,64.4,Medium
2363,M,15,high_school,middle,38,6.1,1.0,0,0,0,9.75,4.35,5.5,0,1,40.5,74.7,70.3,55.3,Engaged,72.7,Medium
2364,F,16,master,low,23,12.3,0.848,0,0,1,5.67,4.48,0.36,0,1,60.6,89.9,40.8,65.8,Engaged,58.2,Medium
2365,F,22,high_school,low,20,9.7,0.969,0,1,1,5.6,5.86,0.0,0,1,58.4,72.6,64.6,79.2,Engaged,71.4,Medium
2366,F,18,bachelor,middle,0,14.9,0.983,0,0,1,7.65,1.7,3.75,0,3,57.1,24.5,64.7,60.7,Engaged,57.3,Medium
2367,M,20,high_school,middle,16,15.8,0.989,0,0,1,8.45,2.97,3.29,0,1,48.2,65.6,44.8,79.0,Engaged,65.5,Medium
2368,M,18,high_school,middle,28,8.5,0.929,1,1,1,6.51,4.54,4.69,1,1,54.1,83.9,71.7,77.0,Neutral,75.7,High
2369,M,15,master,low,48,0.0,0.86,0,0,1,5.61,0.68,0.08,0,1,48.5,64.0,33.3,63.5,At-Risk,57.1,Medium
2370,F,16,none,middle,31,5.5,0.854,1,1,0,5.79,0.89,3.65,0,2,77.4,65.7,57.0,37.8,Neutral,60.8,Medium
2371,M,21,none,high,39,9.4,0.836,0,0,1,5.66,2.56,0.74,0,3,70.7,53.1,80.6,58.0,At-Risk,64.0,Medium
2372,M,15,high_school,middle,4,5.3,0.643,1,1,0,7.27,1.92,3.45,0,1,69.6,79.1,32.4,19.2,At-Risk,39.4,Low
2373,M,19,bachelor,low,20,3.7,0.932,1,1,1,6.82,3.51,2.13,0,1,36.1,55.6,78.7,68.9,Neutral,71.6,Medium
2374,M,17,high_school,middle,40,10.4,0.884,2,1,0,7.41,5.24,6.0,0,2,94.2,72.7,49.3,51.6,Engaged,50.9,Medium
2375,M,17,none,low,9,24.6,0.943,0,0,1,7.34,5.7,3.09,0,1,58.9,69.7,58.6,47.7,Engaged,61.5,Medium
2376,M,22,high_school,low,36,7.1,0.848,0,1,1,7.89,7.82,1.57,0,1,91.2,63.0,90.5,73.1,Engaged,79.8,High
2377,F,19,high_school,low,33,10.0,0.926,2,0,0,6.41,4.15,2.48,1,1,76.2,70.7,58.0,34.6,Engaged,45.5,Low
2378,F,19,none,high,26,2.1,0.722,0,0,1,6.01,4.51,2.0,0,0,61.5,65.6,93.8,62.2,At-Risk,72.7,Medium
2379,M,17,bachelor,middle,17,17.5,0.743,0,0,1,7.09,4.15,0.0,0,1,95.6,85.0,63.1,53.2,Engaged,63.8,Medium
2380,F,18,high_school,high,7,15.2,0.612,0,0,1,6.83,4.84,6.05,0,1,73.5,74.2,66.6,56.4,At-Risk,68.3,Medium
2381,F,20,high_school,middle,49,14.8,0.847,1,1,1,7.2,5.0,5.4,0,3,61.6,80.7,81.5,65.7,Neutral,69.1,Medium
2382,M,15,bachelor,middle,31,18.2,0.783,0,1,1,6.05,6.04,1.85,1,1,59.1,48.2,76.7,96.5,Neutral,71.6,Medium
2383,M,16,bachelor,low,27,7.4,0.77,0,0,1,7.67,6.04,3.6,0,3,80.5,47.1,70.5,68.0,Neutral,59.3,Medium
2384,M,19,high_school,middle,16,8.2,0.893,1,0,1,5.49,5.24,6.3,0,2,57.0,63.1,60.6,87.2,Neutral,71.0,Medium
2385,M,19,high_school,low,23,20.3,0.817,0,0,0,6.37,7.22,4.67,1,2,59.3,75.5,43.2,87.9,Neutral,69.7,Medium
2386,F,15,high_school,middle,24,13.8,0.717,0,0,1,8.25,4.25,1.59,0,3,56.0,71.6,44.0,75.4,At-Risk,61.7,Medium
2387,Other,21,master,low,28,0.0,1.0,0,1,1,5.54,2.98,2.02,0,0,53.7,48.5,89.0,23.1,Neutral,67.5,Medium
2388,M,19,high_school,middle,33,12.7,0.856,0,0,1,8.16,3.3,0.0,1,0,54.6,76.1,95.2,55.2,At-Risk,83.2,High
2389,F,16,high_school,middle,10,6.5,0.752,0,1,1,5.21,3.99,3.75,2,2,91.6,50.7,70.1,38.2,Neutral,55.7,Medium
2390,M,21,high_school,low,0,15.4,0.793,0,0,1,5.0,2.03,4.69,0,2,80.1,74.1,39.6,100.0,Engaged,63.5,Medium
2391,F,22,high_school,low,23,12.4,0.843,0,0,0,5.11,2.97,4.7,1,3,68.5,67.2,55.6,39.9,Engaged,52.0,Medium
2392,F,18,high_school,high,0,0.0,0.842,1,0,1,7.04,1.92,3.6,0,1,56.8,57.9,54.8,30.1,Engaged,39.4,Low
2393,M,17,none,low,17,11.6,0.99,1,0,1,7.78,4.89,2.9,0,3,56.7,52.4,59.1,4.6,Engaged,41.9,Low
2394,M,17,bachelor,low,14,11.3,0.852,1,1,1,8.45,4.91,0.2,0,2,59.5,64.4,53.8,39.3,Engaged,50.8,Medium
2395,F,19,bachelor,low,29,12.2,1.0,0,1,0,8.36,0.66,2.84,0,0,91.8,63.5,76.3,62.5,Engaged,75.0,High
2396,Other,15,bachelor,middle,52,13.5,0.817,0,1,1,7.94,2.89,0.94,1,3,69.4,43.2,72.0,81.7,Neutral,67.0,Medium
2397,M,18,bachelor,middle,0,19.0,0.903,1,1,1,5.9,7.85,3.25,0,3,76.2,72.8,93.3,38.6,Engaged,66.7,Medium
2398,M,15,high_school,low,56,12.5,0.962,0,0,1,5.89,5.46,0.67,0,2,68.0,82.8,61.8,83.4,Engaged,76.3,High
2399,M,15,master,middle,19,10.1,0.98,0,0,1,7.85,5.11,3.24,0,0,51.7,77.5,71.2,58.7,Engaged,71.0,Medium
2400,F,18,bachelor,middle,27,16.9,0.991,0,1,1,8.61,2.87,4.85,0,1,66.5,67.7,79.9,50.3,Engaged,68.1,Medium
2401,F,20,master,low,1,23.5,0.833,0,0,0,5.66,4.77,2.95,0,3,48.9,53.9,84.3,63.5,Neutral,60.8,Medium
2402,F,22,bachelor,high,37,15.5,0.859,0,1,1,8.45,4.17,2.86,2,3,82.9,64.3,48.2,88.4,Engaged,67.8,Medium
2403,F,15,high_school,high,23,11.2,0.612,0,0,1,4.6,2.61,4.03,0,1,53.8,59.6,74.5,61.0,Neutral,57.2,Medium
2404,F,16,high_school,low,21,12.6,0.84,0,1,1,7.37,3.21,5.74,0,1,56.4,64.2,70.3,37.8,Engaged,73.2,Medium
2405,F,18,high_school,low,0,11.5,0.969,0,0,1,6.78,3.26,1.99,0,3,77.2,78.9,72.8,68.5,Engaged,80.2,High
2406,M,19,none,low,23,10.1,0.95,0,1,0,6.65,1.22,3.24,3,3,54.5,60.1,69.0,68.2,At-Risk,56.0,Medium
2407,F,22,bachelor,low,35,23.0,0.851,0,0,1,6.94,1.55,5.22,0,2,61.7,28.9,95.4,56.2,Neutral,67.8,Medium
2408,M,20,none,middle,18,5.5,1.0,1,0,1,5.88,3.8,3.54,0,1,25.4,76.4,53.7,80.4,Neutral,75.3,High
2409,M,19,none,middle,40,16.9,0.822,1,1,0,7.44,2.5,0.0,0,1,60.2,69.1,52.8,14.2,Neutral,44.2,Low
2410,F,15,master,middle,39,9.2,0.788,2,0,1,6.97,3.6,0.77,0,0,73.9,64.7,54.9,67.1,Neutral,60.5,Medium
2411,F,15,bachelor,low,12,1.1,0.813,0,0,1,8.02,0.99,3.7,3,0,55.6,40.9,63.4,75.7,At-Risk,58.9,Medium
2412,F,16,bachelor,low,46,8.9,0.748,0,0,0,8.81,5.8,1.4,1,0,73.4,47.0,72.7,31.0,At-Risk,56.9,Medium
2413,M,20,high_school,high,23,6.7,0.922,0,0,1,7.05,8.36,5.08,0,5,64.8,49.1,60.7,30.3,Neutral,44.2,Low
2414,F,17,bachelor,high,23,13.5,0.889,0,0,1,5.92,6.25,5.92,0,2,81.3,51.5,84.1,80.0,Engaged,79.3,High
2415,F,16,master,low,23,10.5,0.921,0,0,1,5.53,6.46,1.02,0,1,54.0,53.2,67.9,83.5,Engaged,69.5,Medium
2416,M,20,bachelor,middle,23,3.9,0.819,1,0,0,8.94,5.45,0.13,0,2,61.4,40.7,66.5,87.2,At-Risk,61.4,Medium
2417,M,21,bachelor,middle,0,18.8,0.854,0,0,1,8.78,4.73,1.48,0,4,43.0,100.0,46.7,46.1,Neutral,63.6,Medium
2418,F,18,bachelor,middle,19,16.5,0.642,0,1,1,7.96,4.37,1.36,1,3,63.6,89.0,97.1,64.0,Neutral,86.1,High
2419,M,22,high_school,middle,2,19.5,0.898,2,0,1,6.97,2.37,5.27,0,1,58.7,67.0,67.2,66.7,Engaged,49.2,Low
2420,F,20,bachelor,high,46,11.4,0.87,0,0,1,7.88,5.58,0.13,0,3,79.4,61.4,94.2,25.9,Neutral,44.4,Low
2421,M,20,phd,low,46,9.8,0.75,1,0,1,8.47,5.46,3.68,0,1,55.6,94.9,58.0,63.1,At-Risk,69.0,Medium
2422,M,21,high_school,low,35,14.2,0.85,0,0,0,6.16,3.27,4.98,1,2,58.6,91.2,81.3,62.8,At-Risk,71.4,Medium
2423,F,16,high_school,high,18,6.5,0.834,0,1,1,6.94,5.25,3.84,0,1,54.9,48.7,59.0,74.9,Engaged,57.7,Medium
2424,M,21,high_school,low,7,10.8,1.0,2,0,1,5.57,2.81,3.07,1,2,65.4,66.5,97.1,48.6,Neutral,64.7,Medium
2425,F,22,high_school,low,12,8.9,0.754,1,0,1,6.75,2.94,1.88,1,0,94.8,58.7,85.9,85.0,At-Risk,91.5,High
2426,F,22,phd,middle,51,1.2,0.893,1,0,1,8.75,5.75,5.9,2,2,12.5,57.2,81.6,61.6,At-Risk,55.4,Medium
2427,M,19,bachelor,middle,12,10.8,0.751,0,1,1,8.19,5.06,1.71,0,2,64.3,59.0,56.4,94.2,Neutral,76.6,High
2428,F,21,high_school,middle,0,7.4,0.804,0,0,1,7.06,3.74,4.1,0,0,82.6,60.5,98.5,74.9,Neutral,75.5,High
2429,F,22,high_school,middle,37,8.5,0.888,0,0,0,3.67,3.5,1.88,0,2,57.3,65.8,100.0,65.6,Engaged,69.3,Medium
2430,F,21,high_school,middle,45,12.2,0.839,0,0,1,6.11,4.55,0.0,0,4,72.9,65.9,61.9,36.4,Neutral,49.8,Low
2431,F,22,none,low,47,17.6,0.859,0,1,1,7.02,0.53,1.66,0,1,82.7,87.9,70.6,33.6,Engaged,58.8,Medium
2432,F,21,bachelor,middle,38,4.9,0.893,0,0,1,6.64,2.68,1.89,0,0,60.9,47.5,82.8,92.0,Neutral,68.0,Medium
2433,F,18,master,middle,40,8.0,0.811,0,0,1,6.94,1.67,1.91,0,1,55.2,79.4,36.4,77.6,Neutral,58.6,Medium
2434,M,20,bachelor,high,23,5.4,0.948,1,1,1,7.19,4.22,0.88,1,4,79.0,42.6,86.3,54.3,Neutral,55.4,Medium
2435,F,18,high_school,low,0,5.0,0.829,0,0,1,6.26,6.38,3.45,0,0,72.4,66.3,84.4,51.7,Neutral,69.0,Medium
2436,F,21,bachelor,low,22,6.4,0.85,0,0,1,6.89,5.15,3.67,0,1,64.1,80.8,59.0,64.4,At-Risk,68.7,Medium
2437,F,21,bachelor,middle,31,8.8,0.896,0,0,1,6.72,3.18,1.59,0,0,74.2,72.2,32.9,33.1,Engaged,43.7,Low
2438,F,22,high_school,low,20,13.5,0.883,0,1,1,6.06,2.79,1.57,0,1,79.4,56.3,73.3,50.6,Engaged,69.5,Medium
2439,M,19,bachelor,low,19,11.9,0.924,0,0,1,9.12,2.69,0.1,0,0,64.2,67.1,49.9,72.3,Engaged,61.2,Medium
2440,F,18,bachelor,middle,8,3.7,0.892,0,0,1,6.33,8.2,2.71,1,4,69.6,91.7,42.6,74.9,At-Risk,63.1,Medium
2441,Other,16,master,middle,7,17.8,0.907,0,1,1,4.19,4.34,4.96,0,2,72.8,51.3,73.9,52.6,Engaged,51.5,Medium
2442,M,20,high_school,low,50,15.7,0.827,0,0,1,9.04,4.6,4.96,0,0,58.1,72.2,89.1,92.0,Neutral,85.6,High
2443,M,19,high_school,low,50,4.6,0.753,0,0,0,5.88,0.0,1.0,1,1,82.8,79.4,64.5,80.9,At-Risk,85.5,High
2444,F,19,bachelor,low,22,17.3,0.717,0,0,0,7.98,1.84,6.18,0,3,49.5,55.0,87.0,44.6,At-Risk,66.5,Medium
2445,F,20,none,middle,26,12.0,0.693,0,0,1,6.08,4.11,1.48,0,1,63.0,93.2,78.6,34.5,Neutral,66.1,Medium
2446,F,21,high_school,middle,7,9.1,1.0,0,0,1,7.58,3.2,0.17,0,2,76.5,99.3,46.0,71.9,Engaged,63.5,Medium
2447,M,16,bachelor,low,32,12.1,0.639,0,0,1,6.84,4.47,0.0,0,2,49.2,81.7,59.1,51.0,At-Risk,70.6,Medium
2448,M,18,high_school,middle,48,9.8,0.979,0,1,1,8.1,4.44,0.05,0,3,78.1,81.7,85.3,47.2,Engaged,73.3,Medium
2449,F,20,bachelor,low,0,13.3,0.778,0,0,1,6.64,5.4,2.87,0,2,67.9,30.9,59.0,64.5,Neutral,49.5,Low
2450,F,21,phd,low,29,11.1,0.979,0,1,1,6.11,0.46,1.69,0,0,84.9,38.2,81.1,74.4,Engaged,69.2,Medium
2451,F,21,bachelor,low,30,8.0,0.64,1,0,1,7.21,1.99,0.94,1,2,74.2,60.5,61.4,75.8,Neutral,72.5,Medium
2452,F,21,bachelor,middle,30,0.0,0.836,0,0,1,6.44,4.0,0.51,0,4,62.6,50.2,79.5,61.1,At-Risk,62.4,Medium
2453,F,21,bachelor,low,47,13.2,1.0,0,1,1,4.58,2.91,0.03,0,2,68.5,73.3,74.9,14.1,Neutral,62.5,Medium
2454,F,22,high_school,low,53,7.8,0.931,1,0,1,6.18,3.58,0.42,0,1,69.0,10.7,64.0,79.1,Neutral,53.4,Medium
2455,F,19,high_school,middle,18,14.7,0.826,0,0,1,10.0,4.42,4.23,1,2,95.3,73.1,79.1,43.9,Engaged,63.8,Medium
2456,F,16,bachelor,middle,32,12.9,0.666,2,0,1,4.71,2.71,5.81,1,1,66.3,58.8,33.4,66.2,Neutral,43.2,Low
2457,F,19,high_school,low,23,7.9,0.728,0,0,1,7.19,4.58,5.93,0,0,62.9,52.2,50.6,57.6,At-Risk,63.9,Medium
2458,M,20,high_school,low,13,16.1,0.999,1,0,1,6.61,5.29,3.57,1,0,62.1,96.3,60.6,100.0,Neutral,81.8,High
2459,M,15,none,low,26,11.2,0.825,1,0,1,9.1,4.33,1.22,1,1,67.8,56.5,86.8,100.0,Neutral,69.6,Medium
2460,F,21,master,middle,32,11.0,0.853,3,1,1,5.57,5.64,0.86,0,2,48.0,32.9,44.9,50.8,At-Risk,43.6,Low
2461,F,19,none,middle,25,9.2,0.888,0,0,0,7.02,0.0,3.71,0,3,59.3,70.2,67.4,33.1,Neutral,56.3,Medium
2462,F,22,bachelor,low,9,20.1,0.73,0,0,0,7.72,3.03,1.71,0,1,49.8,68.9,73.1,34.7,Neutral,61.8,Medium
2463,M,16,high_school,middle,15,5.7,0.901,0,0,1,6.68,5.98,3.02,0,0,51.8,58.9,72.0,65.4,At-Risk,66.6,Medium
2464,F,22,bachelor,middle,15,8.1,0.818,0,0,1,5.98,2.47,6.06,0,1,77.1,100.0,66.4,49.2,Neutral,66.9,Medium
2465,M,18,high_school,low,9,2.6,0.889,1,0,1,6.87,2.2,2.63,0,1,65.4,65.8,58.1,37.8,At-Risk,58.9,Medium
2466,F,19,high_school,low,27,14.4,0.802,0,0,1,6.53,3.95,6.76,2,0,53.9,80.3,64.1,49.5,Neutral,74.1,Medium
2467,F,20,bachelor,low,28,6.5,0.703,1,0,1,6.53,4.17,0.0,0,1,62.7,67.8,83.6,69.0,At-Risk,59.3,Medium
2468,F,19,bachelor,low,37,7.2,0.817,0,0,1,8.02,3.13,3.09,0,1,61.3,84.9,57.0,58.4,Neutral,66.4,Medium
2469,F,22,high_school,middle,9,6.9,0.924,0,1,1,7.38,7.89,2.83,0,3,65.8,56.0,33.5,50.4,Neutral,46.8,Low
2470,M,16,high_school,low,13,10.4,0.899,0,0,1,7.56,4.77,0.23,0,1,42.4,42.9,75.5,52.9,Neutral,55.5,Medium
2471,M,20,high_school,middle,45,2.5,0.863,0,0,1,7.3,2.39,3.8,1,3,48.6,75.8,91.9,56.8,At-Risk,59.6,Medium
2472,F,22,high_school,middle,20,0.0,0.95,0,1,1,8.05,1.32,5.26,0,5,43.4,67.4,51.2,64.5,Neutral,63.8,Medium
2473,F,16,bachelor,middle,22,12.7,0.84,0,1,1,8.47,5.01,6.61,0,2,51.5,76.3,89.8,65.6,Neutral,76.7,High
2474,F,17,high_school,middle,19,0.0,0.866,3,1,1,6.56,2.35,3.02,0,2,54.2,50.9,76.3,27.0,At-Risk,46.4,Low
2475,M,18,bachelor,middle,39,15.1,0.812,1,0,1,7.88,8.51,0.0,1,2,49.5,70.6,49.5,63.3,At-Risk,63.6,Medium
2476,M,20,high_school,high,40,19.4,0.956,1,1,1,5.34,5.06,3.15,0,0,76.5,33.3,56.7,52.8,Engaged,51.4,Medium
2477,M,22,bachelor,high,39,9.0,0.889,0,0,1,4.2,5.32,3.68,0,2,92.6,53.4,56.0,39.7,Engaged,48.9,Low
2478,M,21,high_school,middle,22,17.8,0.804,0,0,1,9.09,4.7,1.73,1,2,77.4,49.3,70.7,52.5,Neutral,49.6,Low
2479,M,21,bachelor,low,9,9.9,0.711,0,1,1,6.5,6.44,2.63,0,2,56.5,70.9,65.1,83.1,At-Risk,68.1,Medium
2480,F,18,high_school,middle,51,19.6,0.97,0,0,1,7.2,0.0,1.23,0,1,68.2,53.3,85.7,76.2,Engaged,83.7,High
2481,F,20,master,low,35,7.3,0.786,0,1,1,5.43,1.79,1.93,0,1,64.0,37.3,81.6,61.9,Engaged,70.0,Medium
2482,M,16,bachelor,middle,15,0.0,0.867,2,1,0,5.37,6.27,4.23,0,0,55.9,51.8,43.3,42.1,At-Risk,55.1,Medium
2483,M,18,master,middle,43,9.5,1.0,0,0,1,6.04,7.2,4.98,0,3,84.9,72.8,45.3,32.8,Engaged,45.9,Low
2484,M,16,high_school,middle,14,20.2,0.94,2,0,1,7.67,1.73,0.0,0,1,95.1,64.4,77.8,41.2,Engaged,61.3,Medium
2485,F,15,high_school,middle,43,13.2,1.0,0,1,1,6.28,0.56,1.18,0,0,42.9,48.6,59.8,60.2,Neutral,70.4,Medium
2486,M,21,none,low,44,6.9,0.806,0,0,1,6.5,4.54,0.0,0,2,86.6,77.1,65.2,60.7,Neutral,69.8,Medium
2487,F,21,high_school,middle,8,12.0,0.967,0,0,1,6.01,5.17,5.88,1,1,56.1,90.2,76.7,47.0,Engaged,80.4,High
2488,F,19,bachelor,low,31,15.8,0.863,2,0,1,8.3,4.49,3.94,0,3,61.1,78.4,81.7,77.6,Engaged,74.5,Medium
2489,M,15,master,middle,34,9.5,0.897,0,1,1,7.94,4.08,0.0,0,3,69.2,20.5,48.3,67.7,Engaged,51.3,Medium
2490,F,15,bachelor,middle,61,25.8,1.0,1,1,1,6.32,0.5,2.07,0,3,88.2,66.3,32.5,7.0,Engaged,23.4,Low
2491,F,15,bachelor,low,11,6.9,0.832,0,0,1,7.72,3.45,1.63,1,3,69.2,59.4,66.2,62.2,At-Risk,63.3,Medium
2492,M,20,high_school,middle,43,16.0,0.862,1,0,1,6.61,3.75,0.69,2,2,71.2,25.4,54.3,75.1,Neutral,53.2,Medium
2493,M,16,none,low,22,14.6,0.77,0,1,1,6.49,3.1,4.27,0,1,77.8,38.8,69.1,64.0,Engaged,69.7,Medium
2494,F,17,bachelor,middle,3,5.8,0.949,0,0,1,6.84,0.36,4.23,0,0,80.2,76.4,66.6,71.6,Engaged,68.6,Medium
2495,F,21,high_school,middle,20,7.5,0.804,1,0,1,7.67,5.37,2.74,0,2,72.7,65.3,52.4,54.7,At-Risk,54.4,Medium
2496,F,22,none,middle,22,16.1,0.962,1,0,1,5.83,5.93,0.92,0,3,80.3,63.5,100.0,58.7,Engaged,63.1,Medium
2497,F,21,master,middle,6,10.9,0.695,0,1,1,7.5,2.61,0.93,0,1,56.0,50.3,68.3,59.1,At-Risk,53.5,Medium
2498,M,17,master,high,27,12.0,0.915,0,0,1,9.9,3.83,2.29,1,0,39.0,81.5,58.8,63.7,Engaged,71.1,Medium
2499,F,19,bachelor,middle,36,0.2,0.796,1,0,1,7.12,3.21,1.29,0,1,92.4,39.9,69.6,48.4,At-Risk,60.9,Medium
2500,F,16,high_school,middle,26,13.9,0.933,0,0,1,6.94,3.23,2.19,0,1,49.4,46.0,76.5,81.8,Engaged,79.0,High
